time,battery_v,bus_current_a,panel_temp_c,rw1_rpm,rw1_current_a,rw1_temp_c,heater_on,eclipse
2026-02-01T00:00:00Z,28.384,4.123,18.38,3205.2,0.4232,21.04,0,0
2026-02-01T00:01:00Z,28.405,4.093,18.86,3196.1,0.4213,21.07,0,0
2026-02-01T00:02:00Z,28.41,4.089,17.8,3196.2,0.404,20.93,0,0
2026-02-01T00:03:00Z,28.396,4.043,18.13,3193.6,0.4168,20.95,0,0
2026-02-01T00:04:00Z,28.429,4.132,18.29,3199.4,0.422,20.89,0,0
2026-02-01T00:05:00Z,28.36,4.119,18.34,3202.7,0.4207,21.01,0,0
2026-02-01T00:06:00Z,28.41,4.116,18.26,3200.5,0.4167,21.19,0,0
2026-02-01T00:07:00Z,28.407,4.057,17.76,3206.1,0.4204,20.71,0,0
2026-02-01T00:08:00Z,28.386,4.114,17.9,3195.4,0.4127,21.0,0,0
2026-02-01T00:09:00Z,28.385,4.104,17.85,3198.4,0.4182,20.93,0,0
2026-02-01T00:10:00Z,28.4,4.126,18.26,3201.1,0.4248,20.96,0,0
2026-02-01T00:11:00Z,28.425,4.073,18.44,3206.6,0.4318,21.02,0,0
2026-02-01T00:12:00Z,28.4,4.119,18.89,3195.7,0.42,20.97,0,0
2026-02-01T00:13:00Z,28.388,4.072,17.54,3209.2,0.4188,20.9,0,0
2026-02-01T00:14:00Z,28.378,4.141,17.78,3187.2,0.4249,20.93,0,0
2026-02-01T00:15:00Z,28.433,4.144,17.91,3197.1,0.4232,21.0,0,0
2026-02-01T00:16:00Z,28.452,4.091,18.98,3201.3,0.4239,21.03,0,0
2026-02-01T00:17:00Z,28.404,4.129,18.02,3192.6,0.4126,20.72,0,0
2026-02-01T00:18:00Z,28.399,4.133,17.48,3190.7,0.4169,20.85,0,0
2026-02-01T00:19:00Z,28.355,4.094,18.12,3196.0,0.4259,21.0,0,0
2026-02-01T00:20:00Z,28.392,4.131,18.15,3204.6,0.421,21.15,0,0
2026-02-01T00:21:00Z,28.376,4.129,18.27,3197.1,0.4244,20.98,0,0
2026-02-01T00:22:00Z,28.392,4.136,18.63,3201.4,0.408,21.21,0,0
2026-02-01T00:23:00Z,28.406,4.105,17.82,3205.0,0.4271,21.29,0,0
2026-02-01T00:24:00Z,28.424,4.132,17.86,3199.5,0.4221,21.13,0,0
2026-02-01T00:25:00Z,28.382,4.124,17.68,3207.2,0.4212,20.99,0,0
2026-02-01T00:26:00Z,28.388,4.101,18.74,3202.5,0.4187,20.85,0,0
2026-02-01T00:27:00Z,28.351,4.064,17.75,3202.6,0.4118,20.86,0,0
2026-02-01T00:28:00Z,28.348,4.15,17.94,3193.3,0.4233,20.95,0,0
2026-02-01T00:29:00Z,28.409,4.078,18.23,3198.3,0.4241,20.95,0,0
2026-02-01T00:30:00Z,28.337,4.062,18.12,3188.2,0.4245,21.09,0,0
2026-02-01T00:31:00Z,28.406,4.158,17.42,3192.1,0.4231,20.99,0,0
2026-02-01T00:32:00Z,28.398,4.092,18.02,3197.9,0.4225,21.2,0,0
2026-02-01T00:33:00Z,28.418,4.083,18.24,3198.2,0.4202,21.1,0,0
2026-02-01T00:34:00Z,28.39,4.11,18.46,3196.3,0.4216,21.16,0,0
2026-02-01T00:35:00Z,28.431,4.13,17.84,3197.6,0.4222,20.78,0,0
2026-02-01T00:36:00Z,28.393,4.12,17.67,3193.8,0.4189,20.94,0,0
2026-02-01T00:37:00Z,28.408,4.125,17.62,3186.8,0.4232,21.21,0,0
2026-02-01T00:38:00Z,28.392,4.066,18.09,3201.6,0.4281,20.76,0,0
2026-02-01T00:39:00Z,28.369,4.087,18.32,3213.1,0.4168,21.07,0,0
2026-02-01T00:40:00Z,28.381,4.127,17.87,3204.9,0.4276,21.17,0,0
2026-02-01T00:41:00Z,28.403,4.09,18.02,3201.8,0.4175,21.05,0,0
2026-02-01T00:42:00Z,28.409,4.106,17.82,3201.6,0.4282,21.07,0,0
2026-02-01T00:43:00Z,28.407,4.166,18.02,3184.5,0.4346,21.13,0,0
2026-02-01T00:44:00Z,28.383,4.134,17.87,3204.5,0.414,21.3,0,0
2026-02-01T00:45:00Z,28.407,4.152,17.93,3214.0,0.4238,20.99,0,0
2026-02-01T00:46:00Z,28.391,4.117,18.01,3193.7,0.4217,21.06,0,0
2026-02-01T00:47:00Z,28.421,4.091,19.09,3201.5,0.4145,21.03,0,0
2026-02-01T00:48:00Z,28.392,4.068,17.6,3207.8,0.4146,21.24,0,0
2026-02-01T00:49:00Z,28.389,4.083,17.98,3202.6,0.4205,20.91,0,0
2026-02-01T00:50:00Z,28.419,4.098,17.81,3199.5,0.4288,21.06,0,0
2026-02-01T00:51:00Z,28.438,4.118,19.1,3201.4,0.4287,21.17,0,0
2026-02-01T00:52:00Z,28.416,4.045,17.94,3195.2,0.4216,21.0,0,0
2026-02-01T00:53:00Z,28.423,4.055,17.93,3210.1,0.4326,20.76,0,0
2026-02-01T00:54:00Z,28.391,4.069,18.86,3206.2,0.4192,21.03,0,0
2026-02-01T00:55:00Z,28.413,4.108,18.03,3190.0,0.4098,21.07,0,0
2026-02-01T00:56:00Z,28.381,4.091,17.79,3191.2,0.4138,20.72,0,0
2026-02-01T00:57:00Z,28.444,4.109,18.02,3186.4,0.4063,21.06,0,0
2026-02-01T00:58:00Z,28.415,4.122,18.41,3203.8,0.4174,21.03,0,0
2026-02-01T00:59:00Z,28.377,4.084,17.88,3186.5,0.4242,20.88,0,0
2026-02-01T01:00:00Z,28.38,4.097,18.46,3194.9,0.4233,21.0,0,0
2026-02-01T01:01:00Z,27.679,4.352,-8.02,3211.1,0.4221,21.09,1,1
2026-02-01T01:02:00Z,27.715,4.407,-8.55,3190.9,0.4161,21.27,1,1
2026-02-01T01:03:00Z,27.687,4.442,-7.33,3201.2,0.4143,20.79,1,1
2026-02-01T01:04:00Z,27.689,4.418,-7.75,3194.7,0.421,21.08,1,1
2026-02-01T01:05:00Z,27.679,4.427,-8.86,3197.7,0.4181,20.9,1,1
2026-02-01T01:06:00Z,27.718,4.375,-7.98,3206.4,0.4205,20.87,1,1
2026-02-01T01:07:00Z,27.678,4.422,-7.88,3206.3,0.4125,20.94,1,1
2026-02-01T01:08:00Z,27.713,4.393,-8.12,3188.3,0.424,20.93,1,1
2026-02-01T01:09:00Z,27.707,4.44,-7.89,3208.4,0.432,21.03,1,1
2026-02-01T01:10:00Z,27.695,4.423,-7.93,3197.1,0.4194,21.22,1,1
2026-02-01T01:11:00Z,27.722,4.371,-7.87,3205.5,0.4156,20.87,1,1
2026-02-01T01:12:00Z,27.73,4.395,-8.25,3196.4,0.4272,21.15,1,1
2026-02-01T01:13:00Z,27.71,4.416,-7.27,3202.5,0.4253,20.86,1,1
2026-02-01T01:14:00Z,27.686,4.425,-8.35,3200.0,0.4151,20.96,1,1
2026-02-01T01:15:00Z,27.668,4.42,-8.06,3197.7,0.4159,20.66,1,1
2026-02-01T01:16:00Z,27.69,4.417,-7.65,3198.3,0.4178,20.99,1,1
2026-02-01T01:17:00Z,27.673,4.37,-8.16,3197.5,0.419,21.27,1,1
2026-02-01T01:18:00Z,27.707,4.382,-8.25,3201.3,0.4118,20.8,1,1
2026-02-01T01:19:00Z,27.698,4.425,-8.15,3198.2,0.4221,20.76,1,1
2026-02-01T01:20:00Z,27.7,4.379,-7.44,3205.2,0.4125,21.06,1,1
2026-02-01T01:21:00Z,27.689,4.386,-7.81,3218.6,0.4248,20.97,1,1
2026-02-01T01:22:00Z,27.727,4.426,-7.6,3204.8,0.4214,20.74,1,1
2026-02-01T01:23:00Z,27.693,4.417,-8.37,3205.9,0.4104,20.99,1,1
2026-02-01T01:24:00Z,27.742,4.396,-8.0,3195.8,0.4141,20.99,1,1
2026-02-01T01:25:00Z,27.725,4.38,-7.57,3206.9,0.4239,20.98,1,1
2026-02-01T01:26:00Z,27.687,4.402,-7.86,3196.1,0.4139,21.13,1,1
2026-02-01T01:27:00Z,27.703,4.405,-8.05,3203.7,0.4148,20.99,1,1
2026-02-01T01:28:00Z,27.702,4.384,-8.12,3203.3,0.4188,20.86,1,1
2026-02-01T01:29:00Z,27.72,4.445,-8.86,3206.6,0.4255,21.08,1,1
2026-02-01T01:30:00Z,27.707,4.414,-8.02,3207.9,0.4337,21.21,1,1
2026-02-01T01:31:00Z,27.722,4.387,-7.7,3206.3,0.4197,21.03,1,1
2026-02-01T01:32:00Z,27.736,4.407,-8.06,3204.2,0.4154,21.2,1,1
2026-02-01T01:33:00Z,27.715,4.372,-7.78,3202.2,0.4163,20.72,1,1
2026-02-01T01:34:00Z,27.726,4.398,-8.06,3193.8,0.4264,20.77,1,1
2026-02-01T01:35:00Z,28.398,4.172,18.21,3203.3,0.4184,21.13,0,0
2026-02-01T01:36:00Z,28.415,4.112,18.04,3206.1,0.4139,21.11,0,0
2026-02-01T01:37:00Z,28.403,4.096,17.81,3205.3,0.4266,20.96,0,0
2026-02-01T01:38:00Z,28.381,4.095,18.34,3207.4,0.416,21.04,0,0
2026-02-01T01:39:00Z,28.408,4.132,17.27,3195.9,0.4195,21.02,0,0
2026-02-01T01:40:00Z,28.387,4.118,18.25,3191.8,0.4242,20.84,0,0
2026-02-01T01:41:00Z,28.387,4.067,18.22,3197.8,0.4247,20.99,0,0
2026-02-01T01:42:00Z,28.435,4.08,18.75,3203.0,0.4218,21.04,0,0
2026-02-01T01:43:00Z,28.411,4.115,17.41,3208.5,0.4163,20.95,0,0
2026-02-01T01:44:00Z,28.412,4.031,18.0,3204.1,0.414,21.08,0,0
2026-02-01T01:45:00Z,28.397,4.095,17.77,3199.4,0.4137,20.84,0,0
2026-02-01T01:46:00Z,28.4,4.12,17.39,3196.6,0.4212,20.81,0,0
2026-02-01T01:47:00Z,28.423,4.064,18.26,3193.1,0.4086,21.08,0,0
2026-02-01T01:48:00Z,28.411,4.082,17.98,3191.9,0.4137,21.1,0,0
2026-02-01T01:49:00Z,28.357,4.114,17.86,3199.6,0.4254,20.81,0,0
2026-02-01T01:50:00Z,28.4,4.091,18.21,3204.3,0.4178,20.88,0,0
2026-02-01T01:51:00Z,28.398,4.081,18.5,3197.5,0.4263,21.03,0,0
2026-02-01T01:52:00Z,28.418,4.1,18.12,3197.2,0.4068,21.07,0,0
2026-02-01T01:53:00Z,28.406,4.079,18.72,3202.6,0.4145,20.92,0,0
2026-02-01T01:54:00Z,28.394,4.133,18.01,3198.2,0.4265,20.92,0,0
2026-02-01T01:55:00Z,28.43,4.13,18.04,3198.8,0.4257,20.72,0,0
2026-02-01T01:56:00Z,28.406,4.062,17.72,3213.9,0.4248,20.79,0,0
2026-02-01T01:57:00Z,28.411,4.118,18.16,3207.4,0.4286,21.02,0,0
2026-02-01T01:58:00Z,28.347,4.123,17.95,3213.4,0.4171,20.85,0,0
2026-02-01T01:59:00Z,28.406,4.133,18.38,3194.6,0.4176,20.93,0,0
2026-02-01T02:00:00Z,28.39,4.126,18.21,3201.4,0.4154,21.05,0,0
2026-02-01T02:01:00Z,28.408,4.055,17.91,3196.2,0.4157,21.22,0,0
2026-02-01T02:02:00Z,28.396,4.117,18.42,3207.4,0.4264,21.04,0,0
2026-02-01T02:03:00Z,28.42,4.14,18.11,3193.4,0.4232,21.27,0,0
2026-02-01T02:04:00Z,28.38,4.116,17.43,3206.0,0.4302,21.12,0,0
2026-02-01T02:05:00Z,28.416,4.076,17.72,3205.0,0.4207,20.99,0,0
2026-02-01T02:06:00Z,28.4,4.091,18.15,3199.2,0.4276,20.89,0,0
2026-02-01T02:07:00Z,28.362,4.086,17.46,3198.9,0.4148,21.03,0,0
2026-02-01T02:08:00Z,28.409,4.148,17.94,3206.3,0.4238,21.05,0,0
2026-02-01T02:09:00Z,28.408,4.11,18.37,3200.8,0.4168,21.07,0,0
2026-02-01T02:10:00Z,28.398,4.083,17.16,3198.3,0.4253,21.02,0,0
2026-02-01T02:11:00Z,28.401,4.059,17.83,3197.8,0.4142,21.24,0,0
2026-02-01T02:12:00Z,28.399,4.112,18.04,3195.5,0.4195,21.02,0,0
2026-02-01T02:13:00Z,28.428,4.091,17.92,3206.2,0.421,20.8,0,0
2026-02-01T02:14:00Z,28.411,4.157,17.71,3199.7,0.4203,20.99,0,0
2026-02-01T02:15:00Z,28.379,4.079,17.85,3203.4,0.416,20.6,0,0
2026-02-01T02:16:00Z,28.412,4.086,17.73,3191.6,0.4224,21.08,0,0
2026-02-01T02:17:00Z,28.402,4.136,17.74,3201.1,0.4307,20.89,0,0
2026-02-01T02:18:00Z,28.412,4.118,18.04,3201.9,0.4251,21.28,0,0
2026-02-01T02:19:00Z,28.391,4.063,18.21,3202.9,0.4065,21.07,0,0
2026-02-01T02:20:00Z,28.385,4.114,19.01,3207.4,0.4251,21.03,0,0
2026-02-01T02:21:00Z,28.424,4.103,18.04,3205.0,0.4231,21.11,0,0
2026-02-01T02:22:00Z,28.397,4.127,18.42,3199.7,0.427,21.14,0,0
2026-02-01T02:23:00Z,28.379,4.146,17.21,3192.6,0.4231,21.0,0,0
2026-02-01T02:24:00Z,28.384,4.113,18.61,3204.0,0.4155,21.05,0,0
2026-02-01T02:25:00Z,28.435,4.013,18.38,3196.5,0.4257,21.09,0,0
2026-02-01T02:26:00Z,28.404,4.088,18.02,3200.9,0.4205,21.03,0,0
2026-02-01T02:27:00Z,28.414,4.092,18.06,3212.5,0.4231,20.87,0,0
2026-02-01T02:28:00Z,28.392,4.122,17.91,3201.5,0.4243,21.02,0,0
2026-02-01T02:29:00Z,28.402,4.126,18.19,3205.1,0.4209,20.97,0,0
2026-02-01T02:30:00Z,28.403,4.142,17.02,3206.7,0.4149,20.85,0,0
2026-02-01T02:31:00Z,28.389,4.124,17.91,3208.8,0.4162,21.34,0,0
2026-02-01T02:32:00Z,28.408,4.146,18.86,3194.2,0.4253,21.3,0,0
2026-02-01T02:33:00Z,28.401,4.108,17.65,3185.8,0.4267,21.04,0,0
2026-02-01T02:34:00Z,28.398,4.108,18.02,3209.0,0.4192,20.92,0,0
2026-02-01T02:35:00Z,28.399,4.095,17.52,3209.5,0.4189,20.94,0,0
2026-02-01T02:36:00Z,27.705,4.405,-8.14,3206.2,0.4294,21.15,1,1
2026-02-01T02:37:00Z,27.705,4.441,-8.04,3198.7,0.4224,21.16,1,1
2026-02-01T02:38:00Z,27.714,4.484,-7.99,3200.6,0.4244,21.05,1,1
2026-02-01T02:39:00Z,27.722,4.417,-7.82,3192.3,0.4211,20.72,1,1
2026-02-01T02:40:00Z,27.667,4.382,-7.92,3204.6,0.4143,20.79,1,1
2026-02-01T02:41:00Z,27.707,4.349,-7.57,3196.4,0.4134,21.05,1,1
2026-02-01T02:42:00Z,27.687,4.348,-7.85,3201.9,0.4125,20.87,1,1
2026-02-01T02:43:00Z,27.701,4.397,-8.0,3199.4,0.4301,20.89,1,1
2026-02-01T02:44:00Z,27.72,4.398,-8.15,3196.8,0.4208,21.03,1,1
2026-02-01T02:45:00Z,27.713,4.373,-8.78,3202.8,0.4159,20.85,1,1
2026-02-01T02:46:00Z,27.702,4.383,-7.62,3197.8,0.4042,20.82,1,1
2026-02-01T02:47:00Z,27.682,4.425,-8.1,3199.5,0.4284,20.72,1,1
2026-02-01T02:48:00Z,27.707,4.409,-8.34,3201.4,0.412,21.05,1,1
2026-02-01T02:49:00Z,27.708,4.452,-7.98,3196.1,0.4217,21.24,1,1
2026-02-01T02:50:00Z,27.692,4.378,-7.81,3196.8,0.4271,21.04,1,1
2026-02-01T02:51:00Z,27.676,4.429,-7.84,3200.3,0.4356,21.03,1,1
2026-02-01T02:52:00Z,27.688,4.357,-7.28,3197.6,0.4077,21.17,1,1
2026-02-01T02:53:00Z,27.708,4.35,-7.27,3202.4,0.4223,21.11,1,1
2026-02-01T02:54:00Z,27.712,4.418,-7.76,3198.2,0.4197,21.26,1,1
2026-02-01T02:55:00Z,27.677,4.405,-7.46,3197.5,0.4305,20.93,1,1
2026-02-01T02:56:00Z,27.745,4.392,-7.35,3203.5,0.4182,20.98,1,1
2026-02-01T02:57:00Z,27.703,4.424,-8.7,3201.0,0.4221,21.1,1,1
2026-02-01T02:58:00Z,27.721,4.431,-8.61,3200.0,0.424,20.91,1,1
2026-02-01T02:59:00Z,27.69,4.4,-7.94,3203.8,0.4189,21.22,1,1
2026-02-01T03:00:00Z,27.713,4.414,-7.62,3200.7,0.4262,20.98,1,1
2026-02-01T03:01:00Z,27.707,4.373,-8.09,3197.2,0.4175,20.67,1,1
2026-02-01T03:02:00Z,27.702,4.398,-8.47,3213.1,0.4151,21.09,1,1
2026-02-01T03:03:00Z,27.69,4.425,-8.63,3195.1,0.4267,20.96,1,1
2026-02-01T03:04:00Z,27.696,4.361,-7.6,3205.5,0.4201,20.94,1,1
2026-02-01T03:05:00Z,27.672,4.392,-8.22,3194.9,0.4167,20.97,1,1
2026-02-01T03:06:00Z,27.719,4.392,-7.45,3191.7,0.4213,20.87,1,1
2026-02-01T03:07:00Z,27.71,4.426,-7.86,3196.8,0.4208,21.06,1,1
2026-02-01T03:08:00Z,27.7,4.399,-7.65,3193.1,0.4209,20.86,1,1
2026-02-01T03:09:00Z,27.671,4.434,-7.52,3197.3,0.4191,20.94,1,1
2026-02-01T03:10:00Z,28.413,4.095,18.24,3206.9,0.4216,20.98,0,0
2026-02-01T03:11:00Z,28.427,4.09,18.21,3200.0,0.427,20.87,0,0
2026-02-01T03:12:00Z,28.387,4.113,17.43,3193.0,0.4237,20.84,0,0
2026-02-01T03:13:00Z,28.407,4.074,17.85,3198.4,0.4143,20.99,0,0
2026-02-01T03:14:00Z,28.394,4.136,18.92,3211.3,0.4216,21.13,0,0
2026-02-01T03:15:00Z,28.39,4.075,18.41,3200.4,0.422,21.11,0,0
2026-02-01T03:16:00Z,28.378,4.043,17.91,3200.4,0.4334,21.03,0,0
2026-02-01T03:17:00Z,28.393,4.122,18.04,3194.5,0.4176,21.01,0,0
2026-02-01T03:18:00Z,28.402,4.137,17.62,3203.8,0.4218,21.17,0,0
2026-02-01T03:19:00Z,28.407,4.137,17.71,3194.6,0.4196,20.97,0,0
2026-02-01T03:20:00Z,28.387,4.066,17.96,3212.7,0.4318,21.02,0,0
2026-02-01T03:21:00Z,28.41,4.126,17.89,3199.6,0.4127,20.94,0,0
2026-02-01T03:22:00Z,28.411,4.141,17.88,3207.3,0.4353,20.93,0,0
2026-02-01T03:23:00Z,28.397,4.127,18.3,3196.2,0.4175,21.04,0,0
2026-02-01T03:24:00Z,28.381,4.092,18.41,3194.1,0.4319,21.21,0,0
2026-02-01T03:25:00Z,28.413,4.089,18.26,3197.5,0.4164,20.81,0,0
2026-02-01T03:26:00Z,28.406,4.089,18.26,3210.1,0.417,21.17,0,0
2026-02-01T03:27:00Z,28.398,4.107,18.43,3192.0,0.4252,20.9,0,0
2026-02-01T03:28:00Z,28.4,4.129,17.83,3205.0,0.4209,20.95,0,0
2026-02-01T03:29:00Z,28.407,4.116,17.85,3198.4,0.4152,20.98,0,0
2026-02-01T03:30:00Z,28.414,4.113,17.98,3198.3,0.4127,20.72,0,0
2026-02-01T03:31:00Z,28.39,4.154,17.59,3195.8,0.4172,21.24,0,0
2026-02-01T03:32:00Z,28.375,4.101,18.03,3202.1,0.4231,21.12,0,0
2026-02-01T03:33:00Z,28.411,4.127,17.92,3205.7,0.4281,21.24,0,0
2026-02-01T03:34:00Z,28.409,4.094,19.03,3201.5,0.4233,20.84,0,0
2026-02-01T03:35:00Z,28.411,4.087,18.06,3200.3,0.4189,20.74,0,0
2026-02-01T03:36:00Z,28.39,4.085,18.19,3207.6,0.4189,20.7,0,0
2026-02-01T03:37:00Z,28.396,4.127,17.19,3196.0,0.413,20.88,0,0
2026-02-01T03:38:00Z,28.396,4.083,18.28,3192.7,0.4244,21.26,0,0
2026-02-01T03:39:00Z,28.398,4.125,17.83,3203.4,0.4145,20.88,0,0
2026-02-01T03:40:00Z,28.372,4.064,17.3,3191.2,0.4194,20.97,0,0
2026-02-01T03:41:00Z,28.371,4.145,17.36,3206.0,0.4135,20.91,0,0
2026-02-01T03:42:00Z,28.362,4.154,17.92,3199.7,0.4232,20.94,0,0
2026-02-01T03:43:00Z,28.413,4.094,18.39,3199.9,0.4191,21.16,0,0
2026-02-01T03:44:00Z,28.394,4.083,17.94,3190.1,0.4239,21.01,0,0
2026-02-01T03:45:00Z,28.396,4.072,18.63,3209.0,0.4328,20.79,0,0
2026-02-01T03:46:00Z,28.407,4.017,18.44,3202.2,0.4249,20.91,0,0
2026-02-01T03:47:00Z,28.426,4.104,17.78,3206.0,0.4216,20.97,0,0
2026-02-01T03:48:00Z,28.361,4.11,18.69,3202.7,0.4115,21.05,0,0
2026-02-01T03:49:00Z,28.409,4.122,17.68,3197.9,0.4149,20.95,0,0
2026-02-01T03:50:00Z,28.4,4.127,18.11,3193.8,0.4074,20.95,0,0
2026-02-01T03:51:00Z,28.398,4.127,18.14,3197.4,0.4174,21.09,0,0
2026-02-01T03:52:00Z,28.398,4.127,17.4,3198.8,0.4204,21.21,0,0
2026-02-01T03:53:00Z,28.436,4.113,18.29,3195.2,0.415,21.0,0,0
2026-02-01T03:54:00Z,28.403,4.096,18.22,3200.0,0.4226,20.88,0,0
2026-02-01T03:55:00Z,28.442,4.157,17.87,3202.9,0.4213,21.19,0,0
2026-02-01T03:56:00Z,28.418,4.115,17.39,3199.1,0.403,21.02,0,0
2026-02-01T03:57:00Z,28.39,4.043,18.38,3213.2,0.433,20.75,0,0
2026-02-01T03:58:00Z,28.444,4.182,17.91,3206.3,0.4118,21.12,0,0
2026-02-01T03:59:00Z,28.398,4.1,17.58,3208.4,0.4222,21.14,0,0
2026-02-01T04:00:00Z,28.42,4.079,18.27,3208.3,0.4231,20.96,0,0
2026-02-01T04:01:00Z,28.414,4.07,18.25,3192.3,0.4114,21.43,0,0
2026-02-01T04:02:00Z,28.393,4.078,17.83,3192.6,0.4172,21.03,0,0
2026-02-01T04:03:00Z,28.395,4.038,17.26,3188.6,0.4322,21.09,0,0
2026-02-01T04:04:00Z,28.405,4.072,17.82,3201.9,0.413,21.01,0,0
2026-02-01T04:05:00Z,28.385,4.141,17.78,3209.6,0.4239,20.93,0,0
2026-02-01T04:06:00Z,28.4,4.083,17.69,3191.6,0.4237,21.0,0,0
2026-02-01T04:07:00Z,28.399,4.077,17.87,3200.8,0.4206,20.85,0,0
2026-02-01T04:08:00Z,28.428,4.072,18.39,3193.6,0.4167,21.28,0,0
2026-02-01T04:09:00Z,28.345,4.103,17.2,3196.1,0.4194,21.1,0,0
2026-02-01T04:10:00Z,28.392,4.145,18.12,3197.7,0.4119,21.0,0,0
2026-02-01T04:11:00Z,27.678,4.408,-8.11,3197.6,0.4267,21.17,1,1
2026-02-01T04:12:00Z,27.676,4.413,-8.09,3202.6,0.415,21.1,1,1
2026-02-01T04:13:00Z,27.691,4.382,-7.96,3185.5,0.4217,20.59,1,1
2026-02-01T04:14:00Z,27.695,4.394,-8.39,3205.6,0.4289,20.84,1,1
2026-02-01T04:15:00Z,27.685,4.406,-8.09,3196.1,0.4181,21.02,1,1
2026-02-01T04:16:00Z,27.695,4.444,-8.15,3199.4,0.4181,20.97,1,1
2026-02-01T04:17:00Z,27.706,4.429,-8.32,3198.2,0.4212,21.06,1,1
2026-02-01T04:18:00Z,27.701,4.389,-7.71,3196.8,0.4302,20.87,1,1
2026-02-01T04:19:00Z,27.707,4.357,-7.71,3191.6,0.4248,21.11,1,1
2026-02-01T04:20:00Z,27.705,4.382,-7.07,3200.1,0.4284,20.87,1,1
2026-02-01T04:21:00Z,27.691,4.386,-7.84,3189.5,0.4187,20.84,1,1
2026-02-01T04:22:00Z,27.688,4.454,-7.36,3213.0,0.4201,21.17,1,1
2026-02-01T04:23:00Z,27.666,4.394,-8.4,3199.5,0.421,21.02,1,1
2026-02-01T04:24:00Z,27.694,4.437,-7.95,3194.4,0.416,20.77,1,1
2026-02-01T04:25:00Z,27.693,4.403,-7.54,3205.3,0.42,20.89,1,1
2026-02-01T04:26:00Z,27.712,4.423,-7.46,3212.3,0.4215,21.04,1,1
2026-02-01T04:27:00Z,27.687,4.425,-8.17,3196.5,0.4057,20.79,1,1
2026-02-01T04:28:00Z,27.714,4.413,-8.58,3202.8,0.4222,20.95,1,1
2026-02-01T04:29:00Z,27.671,4.413,-8.15,3197.1,0.4204,21.21,1,1
2026-02-01T04:30:00Z,27.693,4.412,-8.38,3206.9,0.4022,20.98,1,1
2026-02-01T04:31:00Z,27.686,4.444,-7.76,3192.6,0.42,21.18,1,1
2026-02-01T04:32:00Z,27.706,4.363,-7.89,3203.6,0.4128,20.98,1,1
2026-02-01T04:33:00Z,27.676,4.359,-8.28,3197.3,0.4156,20.89,1,1
2026-02-01T04:34:00Z,27.715,4.386,-8.03,3192.3,0.4305,20.99,1,1
2026-02-01T04:35:00Z,27.718,4.409,-8.28,3201.4,0.4212,21.21,1,1
2026-02-01T04:36:00Z,27.685,4.391,-7.95,3198.6,0.4296,20.96,1,1
2026-02-01T04:37:00Z,27.674,4.451,-7.72,3215.7,0.4143,20.97,1,1
2026-02-01T04:38:00Z,27.686,4.441,-8.03,3205.6,0.4185,21.09,1,1
2026-02-01T04:39:00Z,27.675,4.412,-7.75,3202.8,0.4279,20.9,1,1
2026-02-01T04:40:00Z,27.709,4.413,-8.38,3205.7,0.4106,21.02,1,1
2026-02-01T04:41:00Z,27.715,4.401,-8.51,3201.8,0.4147,20.99,1,1
2026-02-01T04:42:00Z,27.703,4.404,-7.45,3203.9,0.4316,21.16,1,1
2026-02-01T04:43:00Z,27.743,4.394,-7.62,3204.7,0.4238,21.07,1,1
2026-02-01T04:44:00Z,27.699,4.376,-7.7,3206.0,0.4276,21.2,1,1
2026-02-01T04:45:00Z,28.395,4.092,18.18,3202.7,0.4305,21.11,0,0
2026-02-01T04:46:00Z,28.395,4.087,18.06,3198.7,0.4151,21.07,0,0
2026-02-01T04:47:00Z,28.391,4.121,17.04,3193.8,0.4252,21.03,0,0
2026-02-01T04:48:00Z,28.393,4.095,17.74,3190.6,0.4241,20.96,0,0
2026-02-01T04:49:00Z,28.372,4.068,18.5,3197.1,0.4171,20.9,0,0
2026-02-01T04:50:00Z,28.4,4.055,18.36,3202.1,0.4177,20.78,0,0
2026-02-01T04:51:00Z,28.424,4.103,18.39,3199.7,0.4165,21.23,0,0
2026-02-01T04:52:00Z,28.399,4.085,18.2,3201.0,0.4225,20.99,0,0
2026-02-01T04:53:00Z,28.418,4.097,18.47,3199.4,0.4264,20.94,0,0
2026-02-01T04:54:00Z,28.387,4.136,17.43,3194.7,0.4159,20.95,0,0
2026-02-01T04:55:00Z,28.4,4.055,17.69,3215.3,0.4186,21.1,0,0
2026-02-01T04:56:00Z,28.423,4.138,17.61,3185.2,0.4256,20.67,0,0
2026-02-01T04:57:00Z,28.4,4.08,17.77,3201.2,0.4117,20.84,0,0
2026-02-01T04:58:00Z,28.41,4.108,17.78,3204.6,0.4257,20.94,0,0
2026-02-01T04:59:00Z,28.373,4.156,17.82,3197.4,0.4188,21.09,0,0
2026-02-01T05:00:00Z,28.406,4.031,18.05,3197.5,0.4222,20.57,0,0
2026-02-01T05:01:00Z,28.401,4.11,17.44,3205.1,0.4169,20.86,0,0
2026-02-01T05:02:00Z,28.378,4.053,17.56,3198.3,0.4105,21.05,0,0
2026-02-01T05:03:00Z,28.4,4.082,18.47,3190.0,0.4243,21.02,0,0
2026-02-01T05:04:00Z,28.393,4.101,17.81,3194.2,0.4206,20.74,0,0
2026-02-01T05:05:00Z,28.373,4.095,18.14,3199.3,0.419,20.99,0,0
2026-02-01T05:06:00Z,28.35,4.13,17.03,3202.8,0.4241,20.76,0,0
2026-02-01T05:07:00Z,28.386,4.106,17.99,3196.2,0.4179,20.71,0,0
2026-02-01T05:08:00Z,28.402,4.046,17.59,3209.5,0.4176,21.04,0,0
2026-02-01T05:09:00Z,28.388,4.099,18.45,3202.6,0.4292,21.14,0,0
2026-02-01T05:10:00Z,28.349,4.116,17.91,3199.5,0.4248,21.05,0,0
2026-02-01T05:11:00Z,28.399,4.01,17.69,3196.0,0.4202,21.04,0,0
2026-02-01T05:12:00Z,28.385,4.078,17.57,3193.0,0.4277,20.97,0,0
2026-02-01T05:13:00Z,28.386,4.119,17.65,3190.1,0.419,20.86,0,0
2026-02-01T05:14:00Z,28.424,4.152,17.91,3202.9,0.4118,21.11,0,0
2026-02-01T05:15:00Z,28.394,4.118,17.89,3202.8,0.4293,20.91,0,0
2026-02-01T05:16:00Z,28.392,4.089,17.98,3205.7,0.4059,20.8,0,0
2026-02-01T05:17:00Z,28.381,4.093,18.48,3196.5,0.4065,21.14,0,0
2026-02-01T05:18:00Z,28.43,4.121,17.82,3202.9,0.4247,20.96,0,0
2026-02-01T05:19:00Z,28.378,4.113,17.83,3205.4,0.4183,21.12,0,0
2026-02-01T05:20:00Z,28.37,4.105,18.56,3205.3,0.4056,21.0,0,0
2026-02-01T05:21:00Z,28.421,4.104,17.61,3204.7,0.4169,20.97,0,0
2026-02-01T05:22:00Z,28.401,4.095,17.37,3205.5,0.4216,21.25,0,0
2026-02-01T05:23:00Z,28.416,4.118,18.57,3201.0,0.4162,21.04,0,0
2026-02-01T05:24:00Z,28.387,4.096,18.5,3198.5,0.4214,21.35,0,0
2026-02-01T05:25:00Z,28.392,4.112,18.29,3201.7,0.4191,21.04,0,0
2026-02-01T05:26:00Z,28.374,4.119,18.19,3194.4,0.418,20.84,0,0
2026-02-01T05:27:00Z,28.364,4.101,17.6,3191.9,0.4115,21.11,0,0
2026-02-01T05:28:00Z,28.394,4.064,18.46,3189.5,0.4245,21.15,0,0
2026-02-01T05:29:00Z,28.395,4.133,18.53,3196.0,0.4247,21.02,0,0
2026-02-01T05:30:00Z,28.416,4.126,17.68,3202.3,0.4211,20.84,0,0
2026-02-01T05:31:00Z,28.418,4.125,18.45,3202.2,0.4197,20.9,0,0
2026-02-01T05:32:00Z,28.4,4.097,18.35,3200.7,0.4071,20.58,0,0
2026-02-01T05:33:00Z,28.416,4.121,17.91,3202.5,0.4179,20.94,0,0
2026-02-01T05:34:00Z,28.417,4.068,18.19,3210.2,0.415,20.95,0,0
2026-02-01T05:35:00Z,28.392,4.116,17.87,3201.7,0.4238,20.97,0,0
2026-02-01T05:36:00Z,28.4,4.101,17.51,3192.0,0.4128,20.49,0,0
2026-02-01T05:37:00Z,28.426,4.082,18.01,3194.7,0.4253,20.87,0,0
2026-02-01T05:38:00Z,28.429,4.105,17.46,3207.2,0.419,21.11,0,0
2026-02-01T05:39:00Z,28.403,4.075,17.63,3192.2,0.4207,21.14,0,0
2026-02-01T05:40:00Z,28.391,4.099,17.82,3204.7,0.4205,20.77,0,0
2026-02-01T05:41:00Z,28.422,4.092,17.6,3195.4,0.4165,20.65,0,0
2026-02-01T05:42:00Z,28.409,4.066,18.54,3197.9,0.4154,20.69,0,0
2026-02-01T05:43:00Z,28.369,4.077,17.34,3202.6,0.4238,21.19,0,0
2026-02-01T05:44:00Z,28.398,4.102,18.0,3212.9,0.406,21.16,0,0
2026-02-01T05:45:00Z,28.359,4.057,18.28,3200.2,0.4308,20.86,0,0
2026-02-01T05:46:00Z,27.697,4.353,-7.86,3211.8,0.4192,21.02,1,1
2026-02-01T05:47:00Z,27.668,4.393,-7.88,3202.2,0.4234,21.33,1,1
2026-02-01T05:48:00Z,27.719,4.438,-8.01,3202.1,0.4203,21.09,1,1
2026-02-01T05:49:00Z,27.691,4.407,-7.79,3202.9,0.4114,20.85,1,1
2026-02-01T05:50:00Z,27.725,4.382,-7.88,3200.7,0.4249,21.01,1,1
2026-02-01T05:51:00Z,27.693,4.4,-8.39,3196.4,0.4203,21.04,1,1
2026-02-01T05:52:00Z,27.704,4.375,-7.96,3199.2,0.41,20.72,1,1
2026-02-01T05:53:00Z,27.707,4.402,-8.2,3210.0,0.4238,20.9,1,1
2026-02-01T05:54:00Z,27.706,4.321,-7.28,3204.2,0.4249,21.17,1,1
2026-02-01T05:55:00Z,27.689,4.36,-8.03,3194.9,0.4189,20.89,1,1
2026-02-01T05:56:00Z,27.712,4.365,-7.9,3188.3,0.4159,20.75,1,1
2026-02-01T05:57:00Z,27.72,4.437,-7.49,3210.9,0.424,20.76,1,1
2026-02-01T05:58:00Z,27.668,4.43,-8.06,3210.4,0.4233,21.28,1,1
2026-02-01T05:59:00Z,27.707,4.352,-7.88,3193.2,0.417,20.96,1,1
2026-02-01T06:00:00Z,27.71,4.401,-7.85,3194.6,0.4271,20.79,1,1
2026-02-01T06:01:00Z,27.727,4.385,-7.71,3204.8,0.4263,21.08,1,1
2026-02-01T06:02:00Z,27.71,4.411,-8.12,3196.1,0.4185,20.67,1,1
2026-02-01T06:03:00Z,27.704,4.418,-7.7,3209.4,0.422,21.06,1,1
2026-02-01T06:04:00Z,27.678,4.351,-8.29,3201.5,0.4277,21.23,1,1
2026-02-01T06:05:00Z,27.691,4.471,-8.26,3195.8,0.42,21.25,1,1
2026-02-01T06:06:00Z,27.653,4.371,-7.49,3196.3,0.4164,21.17,1,1
2026-02-01T06:07:00Z,27.694,4.419,-8.13,3208.4,0.4266,20.85,1,1
2026-02-01T06:08:00Z,27.746,4.435,-8.18,3197.5,0.4158,20.95,1,1
2026-02-01T06:09:00Z,27.713,4.388,-7.73,3194.3,0.4135,21.28,1,1
2026-02-01T06:10:00Z,27.696,4.362,-8.1,3199.2,0.4245,20.98,1,1
2026-02-01T06:11:00Z,27.687,4.442,-8.26,3200.8,0.4219,20.73,1,1
2026-02-01T06:12:00Z,27.707,4.382,-6.84,3183.2,0.4256,20.8,1,1
2026-02-01T06:13:00Z,27.716,4.456,-8.13,3200.2,0.4318,21.08,1,1
2026-02-01T06:14:00Z,27.716,4.37,-8.29,3208.2,0.4284,21.01,1,1
2026-02-01T06:15:00Z,27.705,4.402,-8.14,3205.9,0.4204,21.12,1,1
2026-02-01T06:16:00Z,27.682,4.398,-8.46,3205.7,0.4182,21.01,1,1
2026-02-01T06:17:00Z,27.659,4.398,-7.41,3188.5,0.4294,21.0,1,1
2026-02-01T06:18:00Z,27.67,4.442,-8.04,3197.7,0.4185,20.81,1,1
2026-02-01T06:19:00Z,27.668,4.421,-8.39,3199.2,0.4055,20.89,1,1
2026-02-01T06:20:00Z,28.393,4.053,17.13,3207.0,0.4179,21.24,0,0
2026-02-01T06:21:00Z,28.408,4.061,18.02,3201.5,0.4227,21.04,0,0
2026-02-01T06:22:00Z,28.387,4.105,17.9,3194.8,0.4321,21.02,0,0
2026-02-01T06:23:00Z,28.408,4.187,18.13,3195.7,0.4237,20.93,0,0
2026-02-01T06:24:00Z,28.368,4.08,18.17,3208.1,0.4238,20.96,0,0
2026-02-01T06:25:00Z,28.4,4.057,18.28,3203.0,0.4214,20.95,0,0
2026-02-01T06:26:00Z,28.408,4.12,18.19,3200.7,0.4251,21.04,0,0
2026-02-01T06:27:00Z,28.388,4.076,18.18,3211.2,0.4283,21.33,0,0
2026-02-01T06:28:00Z,28.377,4.107,18.53,3193.9,0.4228,20.81,0,0
2026-02-01T06:29:00Z,28.421,4.123,17.36,3191.4,0.4225,21.09,0,0
2026-02-01T06:30:00Z,28.422,4.101,17.68,3201.8,0.4234,21.01,0,0
2026-02-01T06:31:00Z,28.417,4.124,18.89,3197.7,0.413,20.72,0,0
2026-02-01T06:32:00Z,28.331,4.062,17.68,3199.5,0.4235,20.9,0,0
2026-02-01T06:33:00Z,28.362,4.086,17.96,3196.2,0.4247,21.14,0,0
2026-02-01T06:34:00Z,28.395,4.127,17.99,3201.9,0.4231,21.09,0,0
2026-02-01T06:35:00Z,28.43,4.05,17.92,3197.2,0.4215,21.05,0,0
2026-02-01T06:36:00Z,28.382,4.043,18.74,3189.2,0.4225,21.22,0,0
2026-02-01T06:37:00Z,28.399,4.119,18.43,3193.7,0.4087,21.04,0,0
2026-02-01T06:38:00Z,28.419,4.043,18.37,3200.1,0.4314,21.22,0,0
2026-02-01T06:39:00Z,28.391,4.094,17.28,3205.7,0.4218,20.98,0,0
2026-02-01T06:40:00Z,28.381,4.078,17.94,3198.7,0.4264,20.63,0,0
2026-02-01T06:41:00Z,28.421,4.12,18.82,3191.8,0.4244,20.9,0,0
2026-02-01T06:42:00Z,28.402,4.117,17.73,3198.1,0.4101,20.97,0,0
2026-02-01T06:43:00Z,28.417,4.155,17.88,3197.7,0.4221,21.13,0,0
2026-02-01T06:44:00Z,28.383,4.096,18.19,3202.9,0.4206,21.01,0,0
2026-02-01T06:45:00Z,28.4,4.117,17.39,3200.6,0.4198,21.0,0,0
2026-02-01T06:46:00Z,28.398,4.079,18.06,3197.1,0.4163,21.06,0,0
2026-02-01T06:47:00Z,28.364,4.017,18.09,3192.5,0.4222,20.96,0,0
2026-02-01T06:48:00Z,28.401,4.068,17.49,3203.7,0.4122,21.01,0,0
2026-02-01T06:49:00Z,28.422,4.118,17.59,3194.6,0.4287,20.95,0,0
2026-02-01T06:50:00Z,28.388,4.085,18.22,3205.1,0.4189,21.1,0,0
2026-02-01T06:51:00Z,28.401,4.132,18.34,3190.4,0.4305,21.28,0,0
2026-02-01T06:52:00Z,28.419,4.17,17.6,3196.4,0.4261,21.06,0,0
2026-02-01T06:53:00Z,28.417,4.063,17.67,3204.4,0.412,21.26,0,0
2026-02-01T06:54:00Z,28.401,4.089,18.43,3204.0,0.4253,20.98,0,0
2026-02-01T06:55:00Z,28.417,4.135,18.03,3205.2,0.4144,21.27,0,0
2026-02-01T06:56:00Z,28.395,4.071,17.67,3200.0,0.4205,21.08,0,0
2026-02-01T06:57:00Z,28.445,4.121,17.93,3196.0,0.4123,20.79,0,0
2026-02-01T06:58:00Z,28.379,4.063,17.98,3199.0,0.4117,20.89,0,0
2026-02-01T06:59:00Z,28.392,4.085,18.07,3200.5,0.4237,21.0,0,0
2026-02-01T07:00:00Z,28.425,4.107,17.65,3205.9,0.4133,20.98,0,0
2026-02-01T07:01:00Z,28.401,4.048,17.67,3198.5,0.4203,21.26,0,0
2026-02-01T07:02:00Z,28.417,4.125,18.11,3201.2,0.4289,21.15,0,0
2026-02-01T07:03:00Z,28.37,4.119,18.11,3194.3,0.4129,20.84,0,0
2026-02-01T07:04:00Z,28.415,4.094,17.93,3204.2,0.4174,20.93,0,0
2026-02-01T07:05:00Z,28.395,4.126,17.04,3200.5,0.4216,21.31,0,0
2026-02-01T07:06:00Z,28.393,4.034,17.9,3206.1,0.4224,21.0,0,0
2026-02-01T07:07:00Z,28.403,4.132,17.69,3196.6,0.4215,21.06,0,0
2026-02-01T07:08:00Z,28.415,4.15,18.02,3195.7,0.4208,20.87,0,0
2026-02-01T07:09:00Z,28.404,4.077,17.8,3189.2,0.4093,21.18,0,0
2026-02-01T07:10:00Z,28.379,4.047,17.52,3209.5,0.4232,21.07,0,0
2026-02-01T07:11:00Z,28.405,4.115,17.9,3212.9,0.4205,20.94,0,0
2026-02-01T07:12:00Z,28.419,4.095,17.84,3199.2,0.419,21.15,0,0
2026-02-01T07:13:00Z,28.376,4.054,18.27,3191.3,0.415,20.96,0,0
2026-02-01T07:14:00Z,28.417,4.119,17.3,3200.5,0.4219,21.29,0,0
2026-02-01T07:15:00Z,28.413,4.09,17.93,3186.6,0.4141,20.79,0,0
2026-02-01T07:16:00Z,28.42,4.069,17.85,3201.7,0.4134,20.9,0,0
2026-02-01T07:17:00Z,28.396,4.07,18.02,3203.4,0.4259,20.82,0,0
2026-02-01T07:18:00Z,28.415,4.088,17.71,3176.6,0.4214,20.62,0,0
2026-02-01T07:19:00Z,28.41,4.091,18.06,3204.0,0.4221,20.91,0,0
2026-02-01T07:20:00Z,28.405,4.104,17.75,3203.9,0.4146,21.04,0,0
2026-02-01T07:21:00Z,27.704,4.367,-7.99,3197.7,0.4086,20.87,1,1
2026-02-01T07:22:00Z,27.718,4.419,-8.64,3204.8,0.4014,20.92,1,1
2026-02-01T07:23:00Z,27.694,4.388,-7.6,3206.1,0.4098,21.05,1,1
2026-02-01T07:24:00Z,27.667,4.412,-8.08,3207.3,0.4146,20.88,1,1
2026-02-01T07:25:00Z,27.708,4.437,-7.44,3198.6,0.4241,20.93,1,1
2026-02-01T07:26:00Z,27.662,4.4,-7.76,3214.1,0.4214,21.07,1,1
2026-02-01T07:27:00Z,27.684,4.455,-8.01,3205.5,0.4191,21.0,1,1
2026-02-01T07:28:00Z,27.662,4.404,-7.73,3194.9,0.4284,21.3,1,1
2026-02-01T07:29:00Z,27.709,4.429,-7.82,3206.0,0.4249,20.84,1,1
2026-02-01T07:30:00Z,27.736,4.416,-7.67,3197.4,0.414,20.85,1,1
2026-02-01T07:31:00Z,27.697,4.352,-7.33,3200.1,0.4051,21.02,1,1
2026-02-01T07:32:00Z,27.655,4.458,-7.78,3204.6,0.426,20.78,1,1
2026-02-01T07:33:00Z,27.685,4.35,-8.46,3198.4,0.4213,21.09,1,1
2026-02-01T07:34:00Z,27.697,4.399,-7.77,3195.7,0.4172,21.18,1,1
2026-02-01T07:35:00Z,27.722,4.447,-8.52,3193.1,0.4227,21.08,1,1
2026-02-01T07:36:00Z,27.709,4.408,-7.76,3205.1,0.4301,20.92,1,1
2026-02-01T07:37:00Z,27.679,4.369,-8.44,3208.9,0.417,20.86,1,1
2026-02-01T07:38:00Z,27.683,4.438,-7.89,3193.5,0.4309,21.21,1,1
2026-02-01T07:39:00Z,27.703,4.424,-7.45,3201.3,0.4253,20.85,1,1
2026-02-01T07:40:00Z,27.693,4.379,-8.19,3193.7,0.4211,21.09,1,1
2026-02-01T07:41:00Z,27.697,4.384,-8.27,3198.4,0.4308,21.22,1,1
2026-02-01T07:42:00Z,27.707,4.39,-7.79,3200.6,0.4254,21.04,1,1
2026-02-01T07:43:00Z,27.727,4.427,-7.74,3194.8,0.4253,21.15,1,1
2026-02-01T07:44:00Z,27.727,4.415,-8.69,3198.3,0.4208,20.81,1,1
2026-02-01T07:45:00Z,27.684,4.373,-7.11,3195.0,0.4183,21.09,1,1
2026-02-01T07:46:00Z,27.717,4.397,-7.93,3199.6,0.4227,20.81,1,1
2026-02-01T07:47:00Z,27.706,4.437,-7.94,3187.4,0.4173,21.12,1,1
2026-02-01T07:48:00Z,27.686,4.394,-8.07,3206.6,0.4141,20.83,1,1
2026-02-01T07:49:00Z,27.696,4.447,-8.09,3206.0,0.4182,20.77,1,1
2026-02-01T07:50:00Z,27.726,4.389,-8.22,3197.0,0.4112,21.38,1,1
2026-02-01T07:51:00Z,27.706,4.451,-7.55,3197.7,0.4066,20.92,1,1
2026-02-01T07:52:00Z,27.725,4.349,-8.48,3196.5,0.4175,21.15,1,1
2026-02-01T07:53:00Z,27.683,4.407,-7.4,3202.7,0.419,20.99,1,1
2026-02-01T07:54:00Z,27.698,4.415,-8.07,3199.8,0.4155,20.97,1,1
2026-02-01T07:55:00Z,28.375,4.096,17.91,3192.7,0.4239,20.89,0,0
2026-02-01T07:56:00Z,28.406,4.052,18.21,3200.1,0.4197,20.91,0,0
2026-02-01T07:57:00Z,28.377,4.131,17.9,3208.0,0.4186,21.2,0,0
2026-02-01T07:58:00Z,28.405,4.118,18.97,3201.6,0.4185,20.99,0,0
2026-02-01T07:59:00Z,28.388,4.091,18.31,3201.0,0.4181,20.97,0,0
2026-02-01T08:00:00Z,28.407,4.102,17.31,3205.1,0.424,21.03,0,0
2026-02-01T08:01:00Z,28.391,4.128,17.95,3203.9,0.4213,21.14,0,0
2026-02-01T08:02:00Z,28.409,4.078,17.78,3200.3,0.4141,21.12,0,0
2026-02-01T08:03:00Z,28.421,4.135,17.48,3195.2,0.4103,21.01,0,0
2026-02-01T08:04:00Z,28.405,4.103,17.93,3209.6,0.42,20.76,0,0
2026-02-01T08:05:00Z,28.411,4.12,17.89,3205.8,0.4163,20.93,0,0
2026-02-01T08:06:00Z,28.414,4.013,17.95,3203.0,0.4218,21.22,0,0
2026-02-01T08:07:00Z,28.407,4.09,18.69,3189.4,0.4191,21.14,0,0
2026-02-01T08:08:00Z,28.408,4.104,18.01,3193.6,0.415,21.01,0,0
2026-02-01T08:09:00Z,28.402,4.058,18.53,3204.9,0.4256,20.78,0,0
2026-02-01T08:10:00Z,28.399,4.131,18.42,3200.6,0.4183,21.06,0,0
2026-02-01T08:11:00Z,28.377,4.096,17.7,3197.6,0.4249,20.83,0,0
2026-02-01T08:12:00Z,28.368,4.121,18.27,3199.9,0.4109,21.08,0,0
2026-02-01T08:13:00Z,28.418,4.076,18.14,3199.9,0.4055,20.84,0,0
2026-02-01T08:14:00Z,28.376,4.05,18.35,3206.2,0.4262,21.09,0,0
2026-02-01T08:15:00Z,28.413,4.03,18.71,3207.1,0.4153,21.01,0,0
2026-02-01T08:16:00Z,28.432,4.084,18.17,3193.7,0.4159,20.9,0,0
2026-02-01T08:17:00Z,28.404,4.142,17.61,3207.5,0.4201,20.82,0,0
2026-02-01T08:18:00Z,28.382,4.105,17.85,3197.6,0.4205,21.15,0,0
2026-02-01T08:19:00Z,28.376,4.123,17.95,3204.4,0.4247,21.24,0,0
2026-02-01T08:20:00Z,28.35,4.071,17.86,3205.7,0.4205,21.02,0,0
2026-02-01T08:21:00Z,28.385,4.129,17.93,3196.7,0.4133,20.78,0,0
2026-02-01T08:22:00Z,28.405,4.112,18.03,3196.4,0.4353,20.96,0,0
2026-02-01T08:23:00Z,28.39,4.055,18.08,3198.0,0.4089,21.22,0,0
2026-02-01T08:24:00Z,28.429,4.09,18.29,3205.1,0.4199,21.14,0,0
2026-02-01T08:25:00Z,28.382,4.015,17.27,3188.8,0.4135,20.89,0,0
2026-02-01T08:26:00Z,28.416,4.074,17.74,3203.0,0.4194,20.8,0,0
2026-02-01T08:27:00Z,28.393,4.109,18.14,3206.3,0.4146,20.89,0,0
2026-02-01T08:28:00Z,28.395,4.126,18.3,3209.9,0.4116,20.96,0,0
2026-02-01T08:29:00Z,28.408,4.126,17.95,3185.9,0.4198,21.03,0,0
2026-02-01T08:30:00Z,28.358,4.118,18.45,3204.9,0.423,21.09,0,0
2026-02-01T08:31:00Z,28.374,4.103,18.56,3189.9,0.411,20.87,0,0
2026-02-01T08:32:00Z,28.405,4.108,17.84,3195.0,0.424,20.77,0,0
2026-02-01T08:33:00Z,28.437,4.115,18.05,3207.0,0.4269,20.9,0,0
2026-02-01T08:34:00Z,28.433,4.101,18.48,3201.2,0.421,21.12,0,0
2026-02-01T08:35:00Z,28.395,4.124,17.74,3189.5,0.4203,21.09,0,0
2026-02-01T08:36:00Z,28.377,4.084,17.8,3201.1,0.4348,21.12,0,0
2026-02-01T08:37:00Z,28.42,4.108,18.06,3196.0,0.427,21.16,0,0
2026-02-01T08:38:00Z,28.375,4.123,18.65,3198.8,0.4239,20.92,0,0
2026-02-01T08:39:00Z,28.355,4.125,18.66,3192.7,0.411,21.11,0,0
2026-02-01T08:40:00Z,28.407,4.104,18.41,3212.7,0.4068,20.78,0,0
2026-02-01T08:41:00Z,28.403,4.136,17.38,3210.9,0.4177,20.85,0,0
2026-02-01T08:42:00Z,28.366,4.12,17.62,3193.1,0.42,21.25,0,0
2026-02-01T08:43:00Z,28.426,4.153,18.73,3216.4,0.4231,20.93,0,0
2026-02-01T08:44:00Z,28.38,4.083,18.28,3209.3,0.4162,20.8,0,0
2026-02-01T08:45:00Z,28.391,4.143,18.09,3195.4,0.4257,20.9,0,0
2026-02-01T08:46:00Z,28.403,4.079,17.94,3203.4,0.4287,21.27,0,0
2026-02-01T08:47:00Z,28.406,4.055,17.41,3200.4,0.4279,21.07,0,0
2026-02-01T08:48:00Z,28.395,4.116,18.41,3190.8,0.4179,21.01,0,0
2026-02-01T08:49:00Z,28.42,4.086,17.36,3196.3,0.4144,21.2,0,0
2026-02-01T08:50:00Z,28.351,4.061,18.52,3198.0,0.4151,21.2,0,0
2026-02-01T08:51:00Z,28.374,4.077,17.96,3198.4,0.4262,20.99,0,0
2026-02-01T08:52:00Z,28.402,4.174,17.75,3198.7,0.4201,21.12,0,0
2026-02-01T08:53:00Z,28.379,4.147,17.29,3201.7,0.4126,21.23,0,0
2026-02-01T08:54:00Z,28.398,4.109,18.32,3201.9,0.4274,21.14,0,0
2026-02-01T08:55:00Z,28.367,4.106,18.41,3200.9,0.4148,20.93,0,0
2026-02-01T08:56:00Z,27.638,4.392,-7.56,3207.4,0.4216,21.03,1,1
2026-02-01T08:57:00Z,27.72,4.422,-7.94,3198.3,0.4275,20.94,1,1
2026-02-01T08:58:00Z,27.671,4.401,-8.62,3204.9,0.4133,20.87,1,1
2026-02-01T08:59:00Z,27.704,4.415,-8.15,3194.0,0.4261,21.24,1,1
2026-02-01T09:00:00Z,27.716,4.425,-8.46,3207.1,0.4132,21.06,1,1
2026-02-01T09:01:00Z,27.741,4.451,-7.95,3198.4,0.4146,21.05,1,1
2026-02-01T09:02:00Z,27.685,4.442,-7.34,3210.1,0.4222,21.09,1,1
2026-02-01T09:03:00Z,27.7,4.395,-7.43,3190.8,0.4175,20.9,1,1
2026-02-01T09:04:00Z,27.703,4.425,-8.13,3198.2,0.4319,20.91,1,1
2026-02-01T09:05:00Z,27.729,4.404,-8.0,3199.3,0.417,21.0,1,1
2026-02-01T09:06:00Z,27.753,4.409,-7.46,3190.8,0.4085,20.96,1,1
2026-02-01T09:07:00Z,27.666,4.415,-8.49,3192.6,0.4309,21.04,1,1
2026-02-01T09:08:00Z,27.711,4.419,-8.75,3197.4,0.4229,21.15,1,1
2026-02-01T09:09:00Z,27.681,4.4,-7.96,3192.3,0.4105,20.79,1,1
2026-02-01T09:10:00Z,27.712,4.379,-7.87,3203.6,0.4286,20.98,1,1
2026-02-01T09:11:00Z,27.717,4.413,-8.41,3204.4,0.4257,20.82,1,1
2026-02-01T09:12:00Z,27.701,4.411,-7.88,3200.1,0.425,20.94,1,1
2026-02-01T09:13:00Z,27.702,4.375,-8.5,3190.4,0.4128,20.85,1,1
2026-02-01T09:14:00Z,27.703,4.418,-8.59,3205.8,0.4163,20.93,1,1
2026-02-01T09:15:00Z,27.709,4.434,-8.54,3210.2,0.4181,20.99,1,1
2026-02-01T09:16:00Z,27.718,4.38,-8.18,3191.4,0.4225,21.03,1,1
2026-02-01T09:17:00Z,27.685,4.392,-7.73,3193.1,0.4127,20.67,1,1
2026-02-01T09:18:00Z,27.728,4.421,-8.19,3187.0,0.4239,21.01,1,1
2026-02-01T09:19:00Z,27.648,4.386,-7.38,3198.8,0.4248,21.08,1,1
2026-02-01T09:20:00Z,27.724,4.383,-8.63,3201.8,0.4218,21.01,1,1
2026-02-01T09:21:00Z,27.676,4.461,-7.93,3203.1,0.4218,21.27,1,1
2026-02-01T09:22:00Z,27.688,4.399,-7.57,3203.6,0.4232,21.07,1,1
2026-02-01T09:23:00Z,27.677,4.42,-8.28,3193.7,0.4214,21.1,1,1
2026-02-01T09:24:00Z,27.69,4.431,-7.58,3194.8,0.411,20.97,1,1
2026-02-01T09:25:00Z,27.704,4.38,-8.15,3205.9,0.4092,20.9,1,1
2026-02-01T09:26:00Z,27.66,4.397,-7.09,3192.3,0.4173,21.05,1,1
2026-02-01T09:27:00Z,27.689,4.424,-8.21,3205.8,0.4117,20.99,1,1
2026-02-01T09:28:00Z,27.706,4.378,-8.47,3202.3,0.4152,21.04,1,1
2026-02-01T09:29:00Z,27.7,4.446,-8.83,3192.2,0.4208,21.17,1,1
2026-02-01T09:30:00Z,28.378,4.094,17.23,3211.7,0.4264,20.66,0,0
2026-02-01T09:31:00Z,28.377,4.058,17.87,3196.7,0.4243,21.07,0,0
2026-02-01T09:32:00Z,28.421,4.15,17.61,3194.7,0.4163,20.89,0,0
2026-02-01T09:33:00Z,28.397,4.101,18.8,3200.3,0.4276,20.98,0,0
2026-02-01T09:34:00Z,28.38,4.108,17.79,3203.8,0.4106,21.35,0,0
2026-02-01T09:35:00Z,28.392,4.074,18.89,3194.0,0.4215,21.18,0,0
2026-02-01T09:36:00Z,28.425,4.074,17.64,3207.0,0.4209,21.01,0,0
2026-02-01T09:37:00Z,28.443,4.082,18.05,3205.7,0.4165,21.04,0,0
2026-02-01T09:38:00Z,28.385,4.077,18.36,3204.6,0.4262,20.91,0,0
2026-02-01T09:39:00Z,28.397,4.114,18.05,3196.8,0.4294,21.1,0,0
2026-02-01T09:40:00Z,28.413,4.102,16.88,3202.8,0.4288,20.85,0,0
2026-02-01T09:41:00Z,28.389,4.08,18.46,3204.4,0.4213,21.15,0,0
2026-02-01T09:42:00Z,28.404,4.159,18.2,3210.3,0.4113,21.11,0,0
2026-02-01T09:43:00Z,28.41,4.119,17.84,3197.4,0.423,21.15,0,0
2026-02-01T09:44:00Z,28.402,4.091,18.1,3206.6,0.4222,20.87,0,0
2026-02-01T09:45:00Z,28.404,4.13,18.41,3203.2,0.4168,20.95,0,0
2026-02-01T09:46:00Z,28.392,4.058,18.26,3198.7,0.4214,20.75,0,0
2026-02-01T09:47:00Z,28.418,4.139,17.77,3193.5,0.4135,21.01,0,0
2026-02-01T09:48:00Z,28.414,4.122,18.4,3205.4,0.4285,20.72,0,0
2026-02-01T09:49:00Z,28.391,4.08,18.08,3208.3,0.4211,20.98,0,0
2026-02-01T09:50:00Z,28.413,4.076,17.85,3206.4,0.4257,21.01,0,0
2026-02-01T09:51:00Z,28.412,4.105,17.96,3199.4,0.4266,21.03,0,0
2026-02-01T09:52:00Z,28.421,4.092,18.48,3203.2,0.4175,21.17,0,0
2026-02-01T09:53:00Z,28.394,4.163,18.02,3196.5,0.4249,20.98,0,0
2026-02-01T09:54:00Z,28.417,4.096,17.59,3194.3,0.4161,21.17,0,0
2026-02-01T09:55:00Z,28.438,4.077,17.97,3205.5,0.4161,20.92,0,0
2026-02-01T09:56:00Z,28.409,4.102,17.97,3200.6,0.4185,20.74,0,0
2026-02-01T09:57:00Z,28.382,4.098,18.39,3196.2,0.4134,21.14,0,0
2026-02-01T09:58:00Z,28.395,4.114,17.88,3194.5,0.4262,21.26,0,0
2026-02-01T09:59:00Z,28.408,4.069,18.3,3192.7,0.4229,20.98,0,0
2026-02-01T10:00:00Z,28.415,4.052,18.35,3197.6,0.4151,21.03,0,0
2026-02-01T10:01:00Z,28.414,4.109,17.76,3202.9,0.42,20.99,0,0
2026-02-01T10:02:00Z,28.394,4.079,17.52,3213.5,0.4128,20.78,0,0
2026-02-01T10:03:00Z,28.406,4.077,18.26,3201.7,0.4207,20.9,0,0
2026-02-01T10:04:00Z,28.38,4.053,17.38,3201.0,0.4207,21.05,0,0
2026-02-01T10:05:00Z,28.397,4.062,18.3,3191.8,0.4264,20.79,0,0
2026-02-01T10:06:00Z,28.388,4.128,17.64,3190.0,0.4311,21.04,0,0
2026-02-01T10:07:00Z,28.392,4.094,17.49,3197.7,0.4175,21.02,0,0
2026-02-01T10:08:00Z,28.371,4.132,17.09,3200.1,0.4263,20.99,0,0
2026-02-01T10:09:00Z,28.377,4.1,17.76,3204.2,0.4267,20.88,0,0
2026-02-01T10:10:00Z,28.412,4.097,17.52,3194.6,0.4164,20.93,0,0
2026-02-01T10:11:00Z,28.377,4.148,18.55,3195.0,0.4165,20.97,0,0
2026-02-01T10:12:00Z,28.375,4.138,17.73,3204.0,0.4308,20.96,0,0
2026-02-01T10:13:00Z,28.424,4.125,17.97,3201.7,0.4285,20.99,0,0
2026-02-01T10:14:00Z,28.425,4.11,18.03,3195.4,0.4172,20.78,0,0
2026-02-01T10:15:00Z,28.41,4.147,17.09,3196.1,0.4174,21.3,0,0
2026-02-01T10:16:00Z,28.376,4.096,18.02,3196.6,0.4233,21.0,0,0
2026-02-01T10:17:00Z,28.389,4.125,18.14,3203.2,0.4142,21.1,0,0
2026-02-01T10:18:00Z,28.399,4.11,18.29,3189.0,0.4213,21.07,0,0
2026-02-01T10:19:00Z,28.438,4.109,18.1,3200.0,0.4078,20.88,0,0
2026-02-01T10:20:00Z,28.393,4.148,18.21,3190.3,0.4205,21.2,0,0
2026-02-01T10:21:00Z,28.4,4.081,18.16,3199.7,0.4027,21.05,0,0
2026-02-01T10:22:00Z,28.406,4.133,17.26,3202.2,0.4267,20.83,0,0
2026-02-01T10:23:00Z,28.396,4.054,17.75,3197.6,0.4214,21.07,0,0
2026-02-01T10:24:00Z,28.376,4.068,17.99,3197.9,0.4136,21.13,0,0
2026-02-01T10:25:00Z,28.416,4.075,18.1,3180.5,0.4236,20.94,0,0
2026-02-01T10:26:00Z,28.387,4.091,18.02,3203.1,0.4114,20.93,0,0
2026-02-01T10:27:00Z,28.407,4.106,17.8,3204.3,0.4223,21.04,0,0
2026-02-01T10:28:00Z,28.387,4.076,17.18,3213.0,0.4313,21.06,0,0
2026-02-01T10:29:00Z,28.383,4.114,18.56,3207.3,0.4185,20.97,0,0
2026-02-01T10:30:00Z,28.372,4.085,17.51,3206.9,0.4165,21.01,0,0
2026-02-01T10:31:00Z,27.711,4.366,-8.12,3197.1,0.4218,21.01,1,1
2026-02-01T10:32:00Z,27.701,4.369,-7.99,3206.7,0.4185,21.04,1,1
2026-02-01T10:33:00Z,27.711,4.443,-7.97,3204.5,0.4214,21.03,1,1
2026-02-01T10:34:00Z,27.726,4.398,-8.34,3193.5,0.419,20.88,1,1
2026-02-01T10:35:00Z,27.694,4.356,-7.33,3210.5,0.4251,20.82,1,1
2026-02-01T10:36:00Z,27.71,4.468,-8.37,3191.3,0.4164,21.0,1,1
2026-02-01T10:37:00Z,27.696,4.37,-8.07,3212.2,0.4198,21.14,1,1
2026-02-01T10:38:00Z,27.737,4.391,-7.2,3207.1,0.4085,20.97,1,1
2026-02-01T10:39:00Z,27.662,4.375,-7.82,3202.7,0.4227,20.86,1,1
2026-02-01T10:40:00Z,27.699,4.399,-8.07,3202.9,0.4246,21.15,1,1
2026-02-01T10:41:00Z,27.709,4.392,-7.6,3209.0,0.4194,20.65,1,1
2026-02-01T10:42:00Z,27.706,4.379,-8.41,3203.5,0.4204,21.03,1,1
2026-02-01T10:43:00Z,27.667,4.327,-8.06,3205.2,0.4249,21.17,1,1
2026-02-01T10:44:00Z,27.721,4.378,-7.66,3209.9,0.4362,20.92,1,1
2026-02-01T10:45:00Z,27.667,4.388,-7.61,3193.2,0.4066,20.93,1,1
2026-02-01T10:46:00Z,27.7,4.447,-8.07,3203.3,0.4265,21.07,1,1
2026-02-01T10:47:00Z,27.675,4.411,-8.03,3202.2,0.4168,21.2,1,1
2026-02-01T10:48:00Z,27.69,4.372,-7.71,3201.6,0.42,20.85,1,1
2026-02-01T10:49:00Z,27.709,4.364,-7.79,3203.1,0.4259,20.96,1,1
2026-02-01T10:50:00Z,27.706,4.404,-8.1,3192.1,0.4154,20.88,1,1
2026-02-01T10:51:00Z,27.721,4.383,-8.13,3202.1,0.4283,21.04,1,1
2026-02-01T10:52:00Z,27.697,4.394,-8.33,3201.3,0.4245,20.73,1,1
2026-02-01T10:53:00Z,27.714,4.391,-7.85,3193.6,0.4129,21.0,1,1
2026-02-01T10:54:00Z,27.704,4.393,-8.35,3194.2,0.4159,21.22,1,1
2026-02-01T10:55:00Z,27.686,4.383,-7.57,3198.6,0.4197,21.09,1,1
2026-02-01T10:56:00Z,27.695,4.399,-8.02,3211.3,0.4217,21.04,1,1
2026-02-01T10:57:00Z,27.691,4.389,-8.22,3195.4,0.4241,20.84,1,1
2026-02-01T10:58:00Z,27.663,4.485,-8.96,3195.3,0.4266,21.18,1,1
2026-02-01T10:59:00Z,27.73,4.391,-7.43,3198.3,0.4183,21.04,1,1
2026-02-01T11:00:00Z,27.728,4.423,-8.07,3191.1,0.4235,21.0,1,1
2026-02-01T11:01:00Z,27.695,4.417,-8.28,3188.3,0.4314,20.92,1,1
2026-02-01T11:02:00Z,27.685,4.388,-8.31,3204.1,0.4296,20.85,1,1
2026-02-01T11:03:00Z,27.661,4.382,-7.67,3201.7,0.4205,20.93,1,1
2026-02-01T11:04:00Z,27.713,4.441,-7.18,3197.9,0.4318,20.95,1,1
2026-02-01T11:05:00Z,28.374,4.117,17.44,3193.0,0.4132,20.83,0,0
2026-02-01T11:06:00Z,28.406,4.099,18.3,3207.2,0.4283,21.14,0,0
2026-02-01T11:07:00Z,28.377,4.129,17.56,3200.7,0.415,21.08,0,0
2026-02-01T11:08:00Z,28.417,4.033,18.41,3208.7,0.4164,21.02,0,0
2026-02-01T11:09:00Z,28.419,4.155,17.45,3199.4,0.4248,20.81,0,0
2026-02-01T11:10:00Z,28.371,4.115,18.59,3199.5,0.4173,21.08,0,0
2026-02-01T11:11:00Z,28.426,4.128,17.61,3202.0,0.4131,20.98,0,0
2026-02-01T11:12:00Z,28.378,4.104,18.23,3206.9,0.4103,20.97,0,0
2026-02-01T11:13:00Z,28.393,4.139,17.15,3191.4,0.426,20.87,0,0
2026-02-01T11:14:00Z,28.384,4.124,18.0,3198.8,0.4211,20.92,0,0
2026-02-01T11:15:00Z,28.427,4.112,17.91,3196.4,0.4314,21.2,0,0
2026-02-01T11:16:00Z,28.449,4.138,18.18,3206.4,0.4232,21.0,0,0
2026-02-01T11:17:00Z,28.406,4.056,18.41,3202.2,0.4182,20.84,0,0
2026-02-01T11:18:00Z,28.376,4.088,17.93,3189.2,0.4275,20.72,0,0
2026-02-01T11:19:00Z,28.433,4.074,18.42,3213.1,0.4251,21.23,0,0
2026-02-01T11:20:00Z,28.402,4.132,18.58,3197.5,0.4186,20.85,0,0
2026-02-01T11:21:00Z,28.376,4.07,18.28,3197.1,0.4142,21.14,0,0
2026-02-01T11:22:00Z,28.403,4.123,18.14,3196.3,0.4184,20.84,0,0
2026-02-01T11:23:00Z,28.415,4.064,18.55,3193.2,0.4238,20.9,0,0
2026-02-01T11:24:00Z,28.386,4.053,17.81,3200.6,0.4244,20.98,0,0
2026-02-01T11:25:00Z,28.408,4.059,18.32,3206.5,0.4252,21.11,0,0
2026-02-01T11:26:00Z,28.373,4.103,18.15,3183.2,0.4182,21.14,0,0
2026-02-01T11:27:00Z,28.392,4.116,17.85,3197.9,0.4261,21.24,0,0
2026-02-01T11:28:00Z,28.386,4.106,18.47,3204.0,0.4042,21.02,0,0
2026-02-01T11:29:00Z,28.391,4.099,17.56,3206.7,0.4235,20.83,0,0
2026-02-01T11:30:00Z,28.362,4.072,17.75,3199.6,0.4165,21.04,0,0
2026-02-01T11:31:00Z,28.404,4.078,18.51,3188.5,0.4298,21.06,0,0
2026-02-01T11:32:00Z,28.408,4.162,17.47,3194.5,0.4228,21.24,0,0
2026-02-01T11:33:00Z,28.374,4.12,18.05,3187.9,0.4235,21.01,0,0
2026-02-01T11:34:00Z,28.376,4.052,18.23,3200.2,0.4269,21.1,0,0
2026-02-01T11:35:00Z,28.406,4.086,18.05,3200.9,0.4191,21.16,0,0
2026-02-01T11:36:00Z,28.405,4.078,18.5,3193.5,0.4178,21.07,0,0
2026-02-01T11:37:00Z,28.388,4.079,18.56,3195.4,0.4135,21.08,0,0
2026-02-01T11:38:00Z,28.406,4.087,17.77,3199.7,0.4213,21.15,0,0
2026-02-01T11:39:00Z,28.424,4.137,18.85,3196.7,0.4246,20.85,0,0
2026-02-01T11:40:00Z,28.408,4.105,17.78,3193.4,0.4148,21.02,0,0
2026-02-01T11:41:00Z,28.382,4.151,18.55,3199.1,0.4127,20.93,0,0
2026-02-01T11:42:00Z,28.392,4.076,17.33,3204.1,0.4147,20.73,0,0
2026-02-01T11:43:00Z,28.423,4.051,18.56,3200.7,0.4167,21.21,0,0
2026-02-01T11:44:00Z,28.362,4.116,17.74,3207.0,0.4209,20.95,0,0
2026-02-01T11:45:00Z,28.402,4.097,17.79,3197.2,0.4296,20.88,0,0
2026-02-01T11:46:00Z,28.423,4.094,18.5,3189.1,0.4339,20.84,0,0
2026-02-01T11:47:00Z,28.38,4.053,17.67,3211.9,0.4212,20.94,0,0
2026-02-01T11:48:00Z,28.406,4.099,18.25,3200.8,0.4256,21.37,0,0
2026-02-01T11:49:00Z,28.382,4.125,17.89,3206.4,0.4235,20.91,0,0
2026-02-01T11:50:00Z,28.396,4.128,18.16,3194.8,0.4132,20.85,0,0
2026-02-01T11:51:00Z,28.366,4.091,17.79,3201.7,0.4279,21.03,0,0
2026-02-01T11:52:00Z,28.419,4.052,17.94,3199.8,0.4344,20.94,0,0
2026-02-01T11:53:00Z,28.396,4.16,18.56,3204.1,0.4211,21.04,0,0
2026-02-01T11:54:00Z,28.45,4.104,17.76,3200.0,0.4177,21.22,0,0
2026-02-01T11:55:00Z,28.403,4.055,18.3,3198.9,0.4219,21.26,0,0
2026-02-01T11:56:00Z,28.417,4.155,17.57,3205.5,0.4261,21.09,0,0
2026-02-01T11:57:00Z,28.415,4.058,17.72,3188.3,0.4245,21.05,0,0
2026-02-01T11:58:00Z,28.379,4.064,17.48,3193.3,0.422,20.88,0,0
2026-02-01T11:59:00Z,28.403,4.109,17.33,3209.9,0.4166,20.87,0,0
2026-02-01T12:00:00Z,28.419,4.093,18.15,3206.4,0.4266,21.09,0,0
2026-02-01T12:01:00Z,28.412,4.611,17.27,3208.8,0.4137,21.01,1,0
2026-02-01T12:02:00Z,28.4,4.671,17.28,3197.0,0.4232,20.91,1,0
2026-02-01T12:03:00Z,28.368,4.679,18.45,3195.9,0.4168,21.25,1,0
2026-02-01T12:04:00Z,28.397,4.605,18.33,3205.0,0.4266,20.83,1,0
2026-02-01T12:05:00Z,28.414,4.644,18.13,3206.5,0.4077,20.86,1,0
2026-02-01T12:06:00Z,26.812,4.881,-7.96,3194.1,0.4202,21.14,1,1
2026-02-01T12:07:00Z,26.83,4.98,-7.4,3203.2,0.4185,21.29,1,1
2026-02-01T12:08:00Z,26.82,4.95,-7.94,3201.3,0.4174,21.17,1,1
2026-02-01T12:09:00Z,26.793,5.014,-7.97,3191.4,0.4229,21.23,1,1
2026-02-01T12:10:00Z,26.786,4.94,-7.67,3202.7,0.4252,20.93,1,1
2026-02-01T12:11:00Z,26.817,4.97,-7.71,3205.1,0.4061,21.13,1,1
2026-02-01T12:12:00Z,26.786,4.986,-7.72,3199.7,0.4113,20.79,1,1
2026-02-01T12:13:00Z,26.793,4.924,-8.41,3213.0,0.4195,21.05,1,1
2026-02-01T12:14:00Z,26.794,4.971,-7.69,3194.8,0.4184,20.92,1,1
2026-02-01T12:15:00Z,26.777,4.989,-8.04,3198.5,0.4196,21.07,1,1
2026-02-01T12:16:00Z,26.8,4.936,-7.11,3200.9,0.4321,20.99,1,1
2026-02-01T12:17:00Z,26.8,4.953,-7.97,3203.5,0.4211,21.12,1,1
2026-02-01T12:18:00Z,26.776,4.956,-8.17,3206.4,0.4196,21.37,1,1
2026-02-01T12:19:00Z,26.786,5.005,-7.45,3194.2,0.4243,20.93,1,1
2026-02-01T12:20:00Z,26.786,4.91,-7.5,3200.2,0.4266,21.06,1,1
2026-02-01T12:21:00Z,26.833,4.951,-8.57,3202.8,0.4206,21.13,1,1
2026-02-01T12:22:00Z,26.79,4.943,-7.13,3192.3,0.4149,20.95,1,1
2026-02-01T12:23:00Z,26.766,4.965,-8.46,3201.4,0.4278,21.38,1,1
2026-02-01T12:24:00Z,26.795,4.885,-8.17,3202.3,0.4342,20.96,1,1
2026-02-01T12:25:00Z,26.796,4.91,-8.11,3204.9,0.4228,21.2,1,1
2026-02-01T12:26:00Z,26.803,4.943,-7.69,3205.1,0.4178,21.28,1,1
2026-02-01T12:27:00Z,26.783,4.996,-7.73,3203.6,0.4108,21.04,1,1
2026-02-01T12:28:00Z,26.812,4.963,-8.73,3196.0,0.4381,21.14,1,1
2026-02-01T12:29:00Z,26.772,4.945,-8.53,3203.5,0.4183,21.06,1,1
2026-02-01T12:30:00Z,26.813,4.999,-8.1,3196.8,0.4185,20.97,1,1
2026-02-01T12:31:00Z,26.822,5.003,-7.73,3201.5,0.4199,20.97,1,1
2026-02-01T12:32:00Z,26.757,5.0,-8.63,3208.2,0.4088,20.87,1,1
2026-02-01T12:33:00Z,26.812,4.987,-7.85,3206.8,0.4165,20.91,1,1
2026-02-01T12:34:00Z,26.785,4.93,-8.36,3201.3,0.4274,21.04,1,1
2026-02-01T12:35:00Z,26.804,4.882,-8.15,3204.0,0.4187,20.96,1,1
2026-02-01T12:36:00Z,26.793,4.979,-7.75,3201.2,0.4231,21.08,1,1
2026-02-01T12:37:00Z,26.791,4.897,-7.77,3189.8,0.4058,20.86,1,1
2026-02-01T12:38:00Z,26.811,4.967,-7.53,3204.9,0.4176,20.9,1,1
2026-02-01T12:39:00Z,26.801,4.948,-7.58,3194.9,0.4225,21.22,1,1
2026-02-01T12:40:00Z,28.447,4.609,17.79,3193.1,0.4255,21.11,1,0
2026-02-01T12:41:00Z,28.407,4.668,18.05,3195.0,0.4268,21.18,1,0
2026-02-01T12:42:00Z,28.41,4.581,17.74,3199.5,0.4246,20.91,1,0
2026-02-01T12:43:00Z,28.415,4.622,17.93,3202.4,0.412,20.97,1,0
2026-02-01T12:44:00Z,28.398,4.646,17.98,3201.4,0.4154,20.9,1,0
2026-02-01T12:45:00Z,28.415,4.657,18.56,3200.4,0.429,21.19,1,0
2026-02-01T12:46:00Z,28.391,4.637,18.46,3199.2,0.4211,20.97,1,0
2026-02-01T12:47:00Z,28.365,4.678,17.64,3206.2,0.4077,20.77,1,0
2026-02-01T12:48:00Z,28.376,4.683,18.1,3199.5,0.4209,21.12,1,0
2026-02-01T12:49:00Z,28.4,4.666,18.35,3204.0,0.4224,21.0,1,0
2026-02-01T12:50:00Z,28.407,4.642,17.46,3203.4,0.425,20.85,1,0
2026-02-01T12:51:00Z,28.382,4.617,18.81,3197.2,0.4194,20.68,1,0
2026-02-01T12:52:00Z,28.394,4.652,18.15,3205.5,0.4226,20.98,1,0
2026-02-01T12:53:00Z,28.391,4.611,18.13,3195.9,0.4295,21.09,1,0
2026-02-01T12:54:00Z,28.434,4.593,18.67,3207.0,0.4199,21.15,1,0
2026-02-01T12:55:00Z,28.365,4.644,17.97,3189.9,0.4126,21.04,1,0
2026-02-01T12:56:00Z,28.407,4.678,18.08,3197.9,0.4171,21.09,1,0
2026-02-01T12:57:00Z,28.393,4.683,18.45,3195.1,0.4173,20.94,1,0
2026-02-01T12:58:00Z,28.417,4.635,18.21,3192.6,0.4203,20.87,1,0
2026-02-01T12:59:00Z,28.399,4.626,18.05,3196.6,0.4231,21.37,1,0
2026-02-01T13:00:00Z,28.375,4.649,17.71,3200.0,0.4169,21.07,1,0
2026-02-01T13:01:00Z,28.402,4.619,17.82,3191.8,0.4137,20.98,1,0
2026-02-01T13:02:00Z,28.389,4.664,18.57,3188.4,0.4264,21.27,1,0
2026-02-01T13:03:00Z,28.418,4.646,17.69,3194.6,0.4224,21.08,1,0
2026-02-01T13:04:00Z,28.412,4.618,17.4,3190.0,0.4178,20.77,1,0
2026-02-01T13:05:00Z,28.384,4.702,17.43,3201.6,0.4183,20.77,1,0
2026-02-01T13:06:00Z,28.426,4.62,18.15,3205.8,0.4169,21.11,1,0
2026-02-01T13:07:00Z,28.381,4.615,18.3,3205.4,0.4204,20.82,1,0
2026-02-01T13:08:00Z,28.4,4.696,17.75,3209.3,0.4142,21.22,1,0
2026-02-01T13:09:00Z,28.368,4.636,18.66,3196.5,0.4177,20.76,1,0
2026-02-01T13:10:00Z,28.363,4.717,18.01,3194.5,0.4233,20.82,1,0
2026-02-01T13:11:00Z,28.373,4.673,17.55,3206.4,0.4239,21.13,1,0
2026-02-01T13:12:00Z,28.388,4.681,18.11,3196.0,0.4176,21.17,1,0
2026-02-01T13:13:00Z,28.422,4.625,17.58,3202.2,0.42,21.02,1,0
2026-02-01T13:14:00Z,28.401,4.653,18.54,3194.6,0.4227,20.92,1,0
2026-02-01T13:15:00Z,28.405,4.636,17.46,3208.5,0.4205,21.18,1,0
2026-02-01T13:16:00Z,28.386,4.648,17.93,3199.7,0.4254,20.85,1,0
2026-02-01T13:17:00Z,28.398,4.646,17.78,3205.7,0.4199,20.92,1,0
2026-02-01T13:18:00Z,28.381,4.626,17.81,3205.7,0.4339,21.18,1,0
2026-02-01T13:19:00Z,28.428,4.623,17.65,3202.8,0.4259,21.17,1,0
2026-02-01T13:20:00Z,28.403,4.665,18.33,3206.2,0.4135,21.02,1,0
2026-02-01T13:21:00Z,28.371,4.677,18.06,3195.1,0.4179,20.98,1,0
2026-02-01T13:22:00Z,28.44,4.675,18.17,3200.5,0.4249,20.95,1,0
2026-02-01T13:23:00Z,28.381,4.728,18.3,3206.8,0.4158,20.74,1,0
2026-02-01T13:24:00Z,28.384,4.619,17.2,3204.6,0.4222,20.91,1,0
2026-02-01T13:25:00Z,28.391,4.646,18.18,3206.8,0.4169,21.21,1,0
2026-02-01T13:26:00Z,28.405,4.629,18.18,3196.7,0.4242,20.89,1,0
2026-02-01T13:27:00Z,28.394,4.627,17.97,3195.0,0.4229,21.01,1,0
2026-02-01T13:28:00Z,28.441,4.641,18.31,3204.6,0.4162,21.18,1,0
2026-02-01T13:29:00Z,28.397,4.652,17.08,3198.4,0.4239,21.0,1,0
2026-02-01T13:30:00Z,28.394,4.608,18.2,3191.0,0.4254,21.22,1,0
2026-02-01T13:31:00Z,28.362,4.658,17.63,3199.3,0.4181,21.01,1,0
2026-02-01T13:32:00Z,28.385,4.577,17.9,3199.3,0.4183,20.98,1,0
2026-02-01T13:33:00Z,28.398,4.656,17.56,3213.4,0.4299,21.18,1,0
2026-02-01T13:34:00Z,28.423,4.657,18.22,3187.8,0.4233,21.09,1,0
2026-02-01T13:35:00Z,28.396,4.647,17.77,3200.3,0.4248,20.81,1,0
2026-02-01T13:36:00Z,28.399,4.634,17.21,3199.9,0.413,21.05,1,0
2026-02-01T13:37:00Z,28.365,4.59,18.18,3205.3,0.424,21.18,1,0
2026-02-01T13:38:00Z,28.362,4.621,18.25,3200.0,0.4332,21.0,1,0
2026-02-01T13:39:00Z,28.396,4.641,18.14,3201.0,0.4143,21.07,1,0
2026-02-01T13:40:00Z,28.379,4.643,18.46,3211.3,0.4183,20.86,1,0
2026-02-01T13:41:00Z,26.792,4.975,-8.2,3194.1,0.4133,21.14,1,1
2026-02-01T13:42:00Z,26.8,4.956,-8.25,3200.4,0.4138,21.3,1,1
2026-02-01T13:43:00Z,26.809,4.939,-7.98,3202.9,0.4138,21.09,1,1
2026-02-01T13:44:00Z,26.805,4.967,-7.91,3196.7,0.4245,21.09,1,1
2026-02-01T13:45:00Z,26.8,4.951,-8.29,3198.1,0.4162,21.2,1,1
2026-02-01T13:46:00Z,26.787,4.945,-8.3,3186.9,0.4214,20.82,1,1
2026-02-01T13:47:00Z,26.809,4.946,-7.25,3209.6,0.4218,20.69,1,1
2026-02-01T13:48:00Z,26.812,4.997,-7.58,3207.9,0.4264,21.04,1,1
2026-02-01T13:49:00Z,26.81,4.95,-8.01,3204.7,0.4243,20.96,1,1
2026-02-01T13:50:00Z,26.8,5.0,-7.46,3196.4,0.4231,20.91,1,1
2026-02-01T13:51:00Z,26.778,4.927,-7.44,3204.8,0.425,20.97,1,1
2026-02-01T13:52:00Z,26.835,4.917,-8.15,3190.8,0.4211,21.02,1,1
2026-02-01T13:53:00Z,26.802,4.973,-8.56,3193.9,0.4203,21.35,1,1
2026-02-01T13:54:00Z,26.791,4.951,-7.52,3207.7,0.4205,20.99,1,1
2026-02-01T13:55:00Z,26.793,4.912,-7.97,3198.0,0.4244,20.86,1,1
2026-02-01T13:56:00Z,26.817,4.973,-7.93,3204.1,0.4263,20.8,1,1
2026-02-01T13:57:00Z,26.766,4.955,-7.94,3198.2,0.4216,21.04,1,1
2026-02-01T13:58:00Z,26.755,4.892,-8.81,3201.8,0.4248,21.04,1,1
2026-02-01T13:59:00Z,26.79,4.916,-7.7,3202.6,0.4124,20.99,1,1
2026-02-01T14:00:00Z,26.837,4.973,-8.58,3197.7,0.4156,20.92,1,1
2026-02-01T14:01:00Z,26.822,4.972,-8.0,3198.8,0.41,20.93,1,1
2026-02-01T14:02:00Z,26.79,4.969,-8.18,3196.1,0.4291,20.91,1,1
2026-02-01T14:03:00Z,26.825,4.975,-8.38,3190.6,0.4189,21.05,1,1
2026-02-01T14:04:00Z,26.782,4.929,-7.59,3193.4,0.4228,20.67,1,1
2026-02-01T14:05:00Z,26.8,4.983,-7.7,3196.5,0.4252,20.79,1,1
2026-02-01T14:06:00Z,26.803,4.942,-8.23,3201.9,0.43,20.85,1,1
2026-02-01T14:07:00Z,26.793,4.949,-8.03,3194.2,0.427,21.44,1,1
2026-02-01T14:08:00Z,26.793,4.908,-7.6,3197.3,0.4201,21.08,1,1
2026-02-01T14:09:00Z,26.758,4.946,-7.51,3192.0,0.4213,21.04,1,1
2026-02-01T14:10:00Z,26.796,4.935,-7.9,3193.9,0.4234,20.82,1,1
2026-02-01T14:11:00Z,26.77,4.964,-7.81,3200.3,0.4156,20.87,1,1
2026-02-01T14:12:00Z,26.821,4.953,-8.16,3201.6,0.4273,21.05,1,1
2026-02-01T14:13:00Z,26.817,4.922,-7.29,3203.8,0.4172,20.98,1,1
2026-02-01T14:14:00Z,26.812,4.964,-7.59,3203.3,0.4228,20.92,1,1
2026-02-01T14:15:00Z,28.431,4.597,17.86,3203.9,0.4161,20.95,1,0
2026-02-01T14:16:00Z,28.404,4.597,18.51,3202.9,0.4267,21.02,1,0
2026-02-01T14:17:00Z,28.402,4.618,18.4,3196.3,0.4155,20.96,1,0
2026-02-01T14:18:00Z,28.421,4.668,17.96,3205.0,0.4125,20.92,1,0
2026-02-01T14:19:00Z,28.417,4.614,17.79,3193.4,0.4163,20.91,1,0
2026-02-01T14:20:00Z,28.403,4.632,18.39,3192.9,0.4203,21.12,1,0
2026-02-01T14:21:00Z,28.373,4.655,18.2,3204.9,0.4234,21.11,1,0
2026-02-01T14:22:00Z,28.387,4.609,18.12,3196.2,0.4091,21.04,1,0
2026-02-01T14:23:00Z,28.391,4.624,18.38,3212.0,0.4216,20.95,1,0
2026-02-01T14:24:00Z,28.396,4.689,18.63,3195.9,0.4156,20.97,1,0
2026-02-01T14:25:00Z,28.422,4.677,17.45,3201.8,0.4131,20.89,1,0
2026-02-01T14:26:00Z,28.394,4.608,17.3,3200.2,0.4218,21.05,1,0
2026-02-01T14:27:00Z,28.395,4.668,18.19,3190.3,0.4214,20.99,1,0
2026-02-01T14:28:00Z,28.414,4.691,17.87,3204.3,0.4231,21.06,1,0
2026-02-01T14:29:00Z,28.361,4.639,18.63,3191.3,0.4215,20.94,1,0
2026-02-01T14:30:00Z,28.397,4.676,17.8,3197.0,0.424,21.17,1,0
2026-02-01T14:31:00Z,28.435,4.636,17.49,3200.6,0.4171,20.85,1,0
2026-02-01T14:32:00Z,28.381,4.682,17.5,3201.6,0.4058,21.28,1,0
2026-02-01T14:33:00Z,28.382,4.672,18.31,3190.7,0.4203,20.86,1,0
2026-02-01T14:34:00Z,28.418,4.656,18.51,3197.2,0.4219,21.32,1,0
2026-02-01T14:35:00Z,28.42,4.624,17.83,3205.0,0.4175,21.05,1,0
2026-02-01T14:36:00Z,28.39,4.677,17.98,3200.7,0.4174,21.16,1,0
2026-02-01T14:37:00Z,28.375,4.703,18.23,3206.0,0.4205,20.76,1,0
2026-02-01T14:38:00Z,28.392,4.658,17.92,3191.0,0.4129,20.91,1,0
2026-02-01T14:39:00Z,28.355,4.624,18.16,3194.8,0.4282,20.93,1,0
2026-02-01T14:40:00Z,28.399,4.632,18.44,3203.5,0.4245,21.03,1,0
2026-02-01T14:41:00Z,28.386,4.682,17.85,3187.1,0.4193,21.11,1,0
2026-02-01T14:42:00Z,28.365,4.67,18.1,3193.9,0.4183,20.94,1,0
2026-02-01T14:43:00Z,28.43,4.678,17.74,3198.3,0.4216,21.0,1,0
2026-02-01T14:44:00Z,28.385,4.629,17.68,3195.4,0.429,20.87,1,0
2026-02-01T14:45:00Z,28.404,4.624,17.59,3191.3,0.4221,20.82,1,0
2026-02-01T14:46:00Z,28.385,4.651,18.16,3204.1,0.4187,21.12,1,0
2026-02-01T14:47:00Z,28.406,4.628,18.0,3192.5,0.4374,20.98,1,0
2026-02-01T14:48:00Z,28.419,4.642,18.41,3203.1,0.4195,21.13,1,0
2026-02-01T14:49:00Z,28.386,4.646,17.59,3196.4,0.4189,21.14,1,0
2026-02-01T14:50:00Z,28.418,4.652,18.53,3190.9,0.4115,21.12,1,0
2026-02-01T14:51:00Z,28.381,4.708,17.82,3194.9,0.4054,20.92,1,0
2026-02-01T14:52:00Z,28.385,4.631,17.45,3198.3,0.4107,20.94,1,0
2026-02-01T14:53:00Z,28.393,4.637,17.47,3198.3,0.4188,20.92,1,0
2026-02-01T14:54:00Z,28.381,4.62,17.29,3197.3,0.4268,20.92,1,0
2026-02-01T14:55:00Z,28.405,4.691,17.77,3202.2,0.4133,21.09,1,0
2026-02-01T14:56:00Z,28.418,4.65,18.63,3192.1,0.4245,21.14,1,0
2026-02-01T14:57:00Z,28.411,4.606,18.43,3193.3,0.4209,21.05,1,0
2026-02-01T14:58:00Z,28.418,4.675,17.36,3198.7,0.4099,21.07,1,0
2026-02-01T14:59:00Z,28.365,4.701,17.55,3207.0,0.4196,21.0,1,0
2026-02-01T15:00:00Z,28.418,4.615,18.59,3195.2,0.4181,21.28,1,0
2026-02-01T15:01:00Z,28.419,4.671,18.04,3208.9,0.4116,20.85,1,0
2026-02-01T15:02:00Z,28.395,4.591,18.62,3202.8,0.4176,20.86,1,0
2026-02-01T15:03:00Z,28.39,4.677,17.75,3198.5,0.4132,20.89,1,0
2026-02-01T15:04:00Z,28.377,4.702,18.26,3194.5,0.4135,21.14,1,0
2026-02-01T15:05:00Z,28.413,4.618,17.44,3200.2,0.424,21.09,1,0
2026-02-01T15:06:00Z,28.405,4.659,18.76,3196.2,0.4124,20.92,1,0
2026-02-01T15:07:00Z,28.424,4.65,18.31,3210.8,0.4213,20.83,1,0
2026-02-01T15:08:00Z,28.384,4.664,18.28,3200.7,0.4223,21.06,1,0
2026-02-01T15:09:00Z,28.402,4.696,18.12,3199.3,0.4067,21.08,1,0
2026-02-01T15:10:00Z,28.401,4.672,18.26,3190.3,0.4155,21.05,1,0
2026-02-01T15:11:00Z,28.362,4.65,18.19,3191.2,0.4132,20.86,1,0
2026-02-01T15:12:00Z,28.391,4.631,18.21,3197.9,0.4224,21.05,1,0
2026-02-01T15:13:00Z,28.419,4.678,17.64,3196.9,0.4173,21.01,1,0
2026-02-01T15:14:00Z,28.417,4.635,17.62,3209.3,0.4201,21.03,1,0
2026-02-01T15:15:00Z,28.401,4.659,17.9,3206.2,0.4274,20.65,1,0
2026-02-01T15:16:00Z,26.768,4.984,-8.05,3194.3,0.426,20.85,1,1
2026-02-01T15:17:00Z,26.807,4.971,-7.68,3199.3,0.4192,21.23,1,1
2026-02-01T15:18:00Z,26.793,4.963,-8.13,3202.3,0.422,20.92,1,1
2026-02-01T15:19:00Z,26.823,4.941,-7.87,3208.8,0.4198,20.85,1,1
2026-02-01T15:20:00Z,26.794,4.948,-8.33,3204.5,0.4276,21.06,1,1
2026-02-01T15:21:00Z,26.769,4.915,-7.94,3203.9,0.4287,21.0,1,1
2026-02-01T15:22:00Z,26.821,4.949,-7.46,3196.8,0.415,21.27,1,1
2026-02-01T15:23:00Z,26.814,4.959,-7.84,3203.8,0.4362,20.77,1,1
2026-02-01T15:24:00Z,26.789,4.932,-8.14,3204.1,0.4143,20.96,1,1
2026-02-01T15:25:00Z,26.768,4.969,-7.32,3214.7,0.4147,21.22,1,1
2026-02-01T15:26:00Z,26.812,4.963,-7.77,3196.6,0.4088,20.94,1,1
2026-02-01T15:27:00Z,26.792,4.94,-7.28,3194.3,0.4073,21.21,1,1
2026-02-01T15:28:00Z,26.775,4.974,-7.67,3215.1,0.4254,21.17,1,1
2026-02-01T15:29:00Z,26.825,4.967,-8.1,3204.7,0.4135,20.89,1,1
2026-02-01T15:30:00Z,26.83,4.897,-8.23,3196.8,0.4239,20.77,1,1
2026-02-01T15:31:00Z,26.784,4.957,-8.15,3199.5,0.4207,20.75,1,1
2026-02-01T15:32:00Z,26.798,4.994,-7.93,3203.5,0.4179,21.26,1,1
2026-02-01T15:33:00Z,26.796,4.935,-8.02,3200.2,0.4094,21.3,1,1
2026-02-01T15:34:00Z,26.771,4.925,-8.89,3196.4,0.4149,21.1,1,1
2026-02-01T15:35:00Z,26.799,4.93,-8.41,3201.4,0.4244,20.74,1,1
2026-02-01T15:36:00Z,26.787,4.907,-7.99,3197.4,0.4092,20.95,1,1
2026-02-01T15:37:00Z,26.76,4.904,-7.9,3191.7,0.4178,20.97,1,1
2026-02-01T15:38:00Z,26.799,4.949,-7.69,3204.7,0.4229,21.04,1,1
2026-02-01T15:39:00Z,26.816,4.945,-8.17,3199.6,0.4178,20.89,1,1
2026-02-01T15:40:00Z,26.839,4.932,-7.28,3203.9,0.4162,20.94,1,1
2026-02-01T15:41:00Z,26.819,4.95,-7.96,3193.7,0.4152,20.93,1,1
2026-02-01T15:42:00Z,26.779,4.944,-8.09,3202.6,0.4312,20.95,1,1
2026-02-01T15:43:00Z,26.815,4.912,-8.16,3198.4,0.4208,21.06,1,1
2026-02-01T15:44:00Z,26.799,4.985,-8.48,3187.5,0.4163,21.28,1,1
2026-02-01T15:45:00Z,26.806,4.918,-8.74,3208.6,0.4109,20.79,1,1
2026-02-01T15:46:00Z,26.79,4.92,-7.58,3208.1,0.4352,21.12,1,1
2026-02-01T15:47:00Z,26.794,4.924,-8.08,3191.6,0.4183,20.99,1,1
2026-02-01T15:48:00Z,26.793,4.951,-7.53,3191.1,0.4079,21.0,1,1
2026-02-01T15:49:00Z,26.769,4.972,-7.65,3204.2,0.4177,21.23,1,1
2026-02-01T15:50:00Z,28.422,4.667,18.73,3194.6,0.4238,20.88,1,0
2026-02-01T15:51:00Z,28.385,4.719,17.25,3191.4,0.4126,21.16,1,0
2026-02-01T15:52:00Z,28.395,4.69,18.71,3197.5,0.427,21.08,1,0
2026-02-01T15:53:00Z,28.417,4.684,18.05,3200.0,0.4196,21.18,1,0
2026-02-01T15:54:00Z,28.435,4.646,17.68,3183.8,0.4268,21.04,1,0
2026-02-01T15:55:00Z,28.398,4.64,17.92,3201.9,0.4244,20.82,1,0
2026-02-01T15:56:00Z,28.425,4.647,17.46,3203.8,0.419,21.2,1,0
2026-02-01T15:57:00Z,28.398,4.63,17.92,3187.6,0.4214,21.09,1,0
2026-02-01T15:58:00Z,28.388,4.672,18.32,3192.4,0.408,21.01,1,0
2026-02-01T15:59:00Z,28.361,4.687,18.39,3197.7,0.4244,21.1,1,0
2026-02-01T16:00:00Z,28.4,4.641,18.53,3193.2,0.4156,20.98,1,0
2026-02-01T16:01:00Z,28.385,4.688,17.33,3207.5,0.4051,21.15,1,0
2026-02-01T16:02:00Z,28.43,4.643,18.54,3205.5,0.4232,21.17,1,0
2026-02-01T16:03:00Z,28.374,4.632,17.77,3187.3,0.4185,21.07,1,0
2026-02-01T16:04:00Z,28.429,4.628,18.53,3191.8,0.4162,21.12,1,0
2026-02-01T16:05:00Z,28.389,4.689,17.84,3199.3,0.4188,21.23,1,0
2026-02-01T16:06:00Z,28.42,4.695,18.02,3190.9,0.4172,20.72,1,0
2026-02-01T16:07:00Z,28.385,4.69,17.72,3184.5,0.4242,21.09,1,0
2026-02-01T16:08:00Z,28.4,4.672,18.52,3199.6,0.4184,21.31,1,0
2026-02-01T16:09:00Z,28.394,4.684,18.02,3206.8,0.4245,20.98,1,0
2026-02-01T16:10:00Z,28.421,4.639,18.59,3198.5,0.4088,20.74,1,0
2026-02-01T16:11:00Z,28.405,4.649,17.84,3205.2,0.4219,20.98,1,0
2026-02-01T16:12:00Z,28.351,4.613,18.27,3199.7,0.4221,20.83,1,0
2026-02-01T16:13:00Z,28.401,4.652,17.6,3208.7,0.4145,21.15,1,0
2026-02-01T16:14:00Z,28.417,4.655,18.2,3212.8,0.4126,21.05,1,0
2026-02-01T16:15:00Z,28.419,4.67,18.13,3196.4,0.4157,21.06,1,0
2026-02-01T16:16:00Z,28.42,4.591,17.57,3199.4,0.4235,20.78,1,0
2026-02-01T16:17:00Z,28.398,4.672,17.83,3198.1,0.4172,21.33,1,0
2026-02-01T16:18:00Z,28.421,4.635,18.21,3188.9,0.4187,20.95,1,0
2026-02-01T16:19:00Z,28.407,4.615,16.6,3194.2,0.4096,20.75,1,0
2026-02-01T16:20:00Z,28.397,4.7,17.86,3215.2,0.4216,20.9,1,0
2026-02-01T16:21:00Z,28.412,4.645,18.03,3186.7,0.4285,20.98,1,0
2026-02-01T16:22:00Z,28.375,4.592,18.38,3200.2,0.421,21.28,1,0
2026-02-01T16:23:00Z,28.395,4.655,18.08,3201.0,0.429,21.17,1,0
2026-02-01T16:24:00Z,28.412,4.61,18.64,3205.5,0.4196,20.81,1,0
2026-02-01T16:25:00Z,28.415,4.65,18.85,3201.7,0.4307,20.88,1,0
2026-02-01T16:26:00Z,28.385,4.687,18.39,3201.4,0.4185,21.06,1,0
2026-02-01T16:27:00Z,28.426,4.705,18.28,3192.2,0.4221,21.13,1,0
2026-02-01T16:28:00Z,28.368,4.607,17.77,3193.9,0.4232,21.07,1,0
2026-02-01T16:29:00Z,28.41,4.596,18.14,3199.3,0.4121,20.95,1,0
2026-02-01T16:30:00Z,28.416,4.639,18.72,3203.5,0.4182,21.12,1,0
2026-02-01T16:31:00Z,28.4,4.628,17.9,3197.0,0.4208,21.13,1,0
2026-02-01T16:32:00Z,28.403,4.628,18.66,3199.1,0.4162,21.23,1,0
2026-02-01T16:33:00Z,28.377,4.647,18.21,3191.6,0.4207,20.81,1,0
2026-02-01T16:34:00Z,28.4,4.692,17.4,3193.8,0.4254,20.86,1,0
2026-02-01T16:35:00Z,28.377,4.679,17.24,3205.7,0.4183,20.88,1,0
2026-02-01T16:36:00Z,28.374,4.638,17.75,3201.4,0.4342,21.0,1,0
2026-02-01T16:37:00Z,28.38,4.618,18.08,3202.4,0.4194,20.97,1,0
2026-02-01T16:38:00Z,28.434,4.659,18.47,3206.0,0.4257,20.81,1,0
2026-02-01T16:39:00Z,28.397,4.66,18.08,3189.8,0.4146,20.88,1,0
2026-02-01T16:40:00Z,28.43,4.688,18.2,3199.6,0.4075,21.14,1,0
2026-02-01T16:41:00Z,28.414,4.653,17.89,3206.4,0.4194,20.78,1,0
2026-02-01T16:42:00Z,28.406,4.657,17.98,3202.1,0.4282,21.08,1,0
2026-02-01T16:43:00Z,28.41,4.628,17.98,3199.3,0.422,21.06,1,0
2026-02-01T16:44:00Z,28.371,4.642,18.62,3207.3,0.4176,21.03,1,0
2026-02-01T16:45:00Z,28.452,4.677,18.34,3196.4,0.4178,21.15,1,0
2026-02-01T16:46:00Z,28.398,4.709,18.15,3197.9,0.4121,20.8,1,0
2026-02-01T16:47:00Z,28.386,4.65,17.99,3200.8,0.4128,21.0,1,0
2026-02-01T16:48:00Z,28.384,4.647,18.21,3194.1,0.4183,20.97,1,0
2026-02-01T16:49:00Z,28.427,4.664,18.33,3200.8,0.4302,20.94,1,0
2026-02-01T16:50:00Z,28.392,4.658,17.82,3209.3,0.4247,21.13,1,0
2026-02-01T16:51:00Z,26.804,4.887,-7.33,3207.8,0.4187,20.82,1,1
2026-02-01T16:52:00Z,26.83,4.988,-8.14,3207.0,0.4178,20.87,1,1
2026-02-01T16:53:00Z,26.782,4.957,-7.73,3200.6,0.4237,21.09,1,1
2026-02-01T16:54:00Z,26.769,4.861,-7.55,3187.7,0.4238,21.01,1,1
2026-02-01T16:55:00Z,26.807,4.986,-7.76,3204.5,0.4203,20.84,1,1
2026-02-01T16:56:00Z,26.789,4.948,-8.01,3190.6,0.4134,21.05,1,1
2026-02-01T16:57:00Z,26.821,4.95,-8.13,3195.4,0.4273,21.17,1,1
2026-02-01T16:58:00Z,26.787,4.938,-8.67,3204.4,0.4259,20.84,1,1
2026-02-01T16:59:00Z,26.851,4.953,-8.07,3193.3,0.4167,21.06,1,1
2026-02-01T17:00:00Z,26.812,4.986,-7.9,3189.7,0.4097,21.05,1,1
2026-02-01T17:01:00Z,26.806,4.941,-7.98,3196.3,0.4178,21.01,1,1
2026-02-01T17:02:00Z,26.805,4.899,-7.78,3207.7,0.4151,20.99,1,1
2026-02-01T17:03:00Z,26.799,4.964,-7.97,3197.9,0.4233,21.06,1,1
2026-02-01T17:04:00Z,26.794,4.981,-8.38,3206.3,0.4208,21.04,1,1
2026-02-01T17:05:00Z,26.811,4.989,-8.59,3212.8,0.4224,20.85,1,1
2026-02-01T17:06:00Z,26.848,4.967,-8.4,3197.0,0.4085,21.02,1,1
2026-02-01T17:07:00Z,26.78,4.934,-7.69,3203.2,0.4189,20.95,1,1
2026-02-01T17:08:00Z,26.792,4.973,-8.78,3202.8,0.4154,20.92,1,1
2026-02-01T17:09:00Z,26.797,4.922,-7.81,3210.3,0.4208,20.74,1,1
2026-02-01T17:10:00Z,26.795,4.937,-8.02,3202.4,0.4128,20.92,1,1
2026-02-01T17:11:00Z,26.805,4.913,-9.11,3198.8,0.4207,21.0,1,1
2026-02-01T17:12:00Z,26.799,4.975,-8.01,3205.4,0.4203,21.16,1,1
2026-02-01T17:13:00Z,26.783,4.974,-7.98,3191.3,0.4212,20.92,1,1
2026-02-01T17:14:00Z,26.813,4.936,-7.57,3199.9,0.4349,20.91,1,1
2026-02-01T17:15:00Z,26.765,4.938,-8.28,3206.5,0.4125,21.13,1,1
2026-02-01T17:16:00Z,26.802,4.961,-8.3,3201.9,0.4243,21.03,1,1
2026-02-01T17:17:00Z,26.818,4.953,-7.75,3203.2,0.4179,20.97,1,1
2026-02-01T17:18:00Z,26.803,4.965,-8.59,3192.1,0.4155,20.77,1,1
2026-02-01T17:19:00Z,26.761,4.954,-8.32,3189.6,0.4364,20.82,1,1
2026-02-01T17:20:00Z,26.775,4.932,-8.42,3196.7,0.431,20.65,1,1
2026-02-01T17:21:00Z,26.822,4.953,-8.62,3197.9,0.4178,20.67,1,1
2026-02-01T17:22:00Z,26.797,4.973,-8.57,3207.4,0.4233,20.56,1,1
2026-02-01T17:23:00Z,26.817,4.966,-8.21,3200.8,0.4243,20.98,1,1
2026-02-01T17:24:00Z,26.813,4.969,-8.08,3198.1,0.4158,21.06,1,1
2026-02-01T17:25:00Z,28.39,4.69,17.95,3205.7,0.4227,20.78,1,0
2026-02-01T17:26:00Z,28.378,4.674,18.03,3192.3,0.4221,20.94,1,0
2026-02-01T17:27:00Z,28.402,4.691,18.18,3202.2,0.4286,20.9,1,0
2026-02-01T17:28:00Z,28.395,4.607,18.65,3207.3,0.4151,20.99,1,0
2026-02-01T17:29:00Z,28.383,4.665,18.71,3210.2,0.4125,21.16,1,0
2026-02-01T17:30:00Z,28.401,4.632,17.64,3196.0,0.4297,20.94,1,0
2026-02-01T17:31:00Z,28.398,4.681,17.49,3201.5,0.4076,20.92,1,0
2026-02-01T17:32:00Z,28.443,4.596,18.04,3196.4,0.4211,20.94,1,0
2026-02-01T17:33:00Z,28.376,4.666,18.01,3186.7,0.4269,21.05,1,0
2026-02-01T17:34:00Z,28.4,4.657,18.56,3207.9,0.4261,21.24,1,0
2026-02-01T17:35:00Z,28.392,4.666,17.94,3203.6,0.4157,20.93,1,0
2026-02-01T17:36:00Z,28.418,4.627,17.68,3198.5,0.4182,21.02,1,0
2026-02-01T17:37:00Z,28.405,4.613,18.16,3198.8,0.4191,21.05,1,0
2026-02-01T17:38:00Z,28.412,4.65,18.36,3200.5,0.4164,20.86,1,0
2026-02-01T17:39:00Z,28.407,4.616,18.06,3188.4,0.432,20.95,1,0
2026-02-01T17:40:00Z,28.388,4.675,18.1,3196.8,0.4081,20.84,1,0
2026-02-01T17:41:00Z,28.392,4.601,18.36,3195.0,0.4146,20.89,1,0
2026-02-01T17:42:00Z,28.388,4.63,17.88,3191.0,0.4332,20.68,1,0
2026-02-01T17:43:00Z,28.398,4.633,18.41,3195.4,0.4295,20.95,1,0
2026-02-01T17:44:00Z,28.401,4.654,18.15,3195.8,0.436,21.17,1,0
2026-02-01T17:45:00Z,28.428,4.623,18.67,3195.6,0.4239,21.37,1,0
2026-02-01T17:46:00Z,28.431,4.668,18.09,3206.1,0.4229,20.95,1,0
2026-02-01T17:47:00Z,28.356,4.62,17.45,3201.4,0.4199,21.18,1,0
2026-02-01T17:48:00Z,28.414,4.666,17.63,3205.6,0.415,20.84,1,0
2026-02-01T17:49:00Z,28.408,4.672,17.81,3204.6,0.4164,21.04,1,0
2026-02-01T17:50:00Z,28.399,4.57,18.46,3207.6,0.4282,20.91,1,0
2026-02-01T17:51:00Z,28.362,4.689,18.1,3194.9,0.4227,20.83,1,0
2026-02-01T17:52:00Z,28.404,4.631,18.21,3188.4,0.4178,21.11,1,0
2026-02-01T17:53:00Z,28.371,4.644,18.36,3192.7,0.4214,20.72,1,0
2026-02-01T17:54:00Z,28.413,4.657,18.13,3201.9,0.4245,21.08,1,0
2026-02-01T17:55:00Z,28.385,4.661,17.57,3190.7,0.415,21.12,1,0
2026-02-01T17:56:00Z,28.432,4.688,17.53,3198.9,0.4251,20.93,1,0
2026-02-01T17:57:00Z,28.394,4.65,18.24,3198.7,0.4194,20.99,1,0
2026-02-01T17:58:00Z,28.391,4.628,17.98,3202.5,0.4205,21.15,1,0
2026-02-01T17:59:00Z,28.372,4.644,17.96,3200.6,0.4218,20.94,1,0
2026-02-01T18:00:00Z,28.416,4.631,18.16,3211.7,0.4249,21.09,1,0
2026-02-01T18:01:00Z,28.405,4.623,17.58,3202.8,0.4247,21.26,1,0
2026-02-01T18:02:00Z,28.412,4.634,18.74,3208.0,0.421,21.02,1,0
2026-02-01T18:03:00Z,28.395,4.689,17.73,3195.8,0.4299,20.95,1,0
2026-02-01T18:04:00Z,28.382,4.608,17.86,3196.7,0.4253,21.14,1,0
2026-02-01T18:05:00Z,28.421,4.619,19.06,3201.5,0.4098,21.22,1,0
2026-02-01T18:06:00Z,28.384,4.678,18.86,3192.3,0.4124,20.92,1,0
2026-02-01T18:07:00Z,28.415,4.646,18.48,3211.0,0.4201,21.28,1,0
2026-02-01T18:08:00Z,28.363,4.71,18.46,3205.2,0.4224,21.03,1,0
2026-02-01T18:09:00Z,28.38,4.644,17.72,3192.5,0.4217,21.04,1,0
2026-02-01T18:10:00Z,28.4,4.637,17.87,3195.2,0.4205,21.19,1,0
2026-02-01T18:11:00Z,28.406,4.682,18.42,3206.4,0.4085,21.13,1,0
2026-02-01T18:12:00Z,28.426,4.731,18.06,3195.1,0.4287,20.84,1,0
2026-02-01T18:13:00Z,28.379,4.661,17.38,3198.6,0.4237,21.12,1,0
2026-02-01T18:14:00Z,28.425,4.666,17.77,3192.5,0.4226,20.83,1,0
2026-02-01T18:15:00Z,28.367,4.572,18.78,3194.5,0.4162,21.09,1,0
2026-02-01T18:16:00Z,28.378,4.654,18.22,3198.6,0.4251,21.03,1,0
2026-02-01T18:17:00Z,28.394,4.684,18.3,3201.6,0.415,21.16,1,0
2026-02-01T18:18:00Z,28.411,4.552,17.75,3197.3,0.418,20.74,1,0
2026-02-01T18:19:00Z,28.397,4.629,18.33,3197.5,0.4114,21.14,1,0
2026-02-01T18:20:00Z,28.367,4.638,18.45,3198.3,0.4142,21.21,1,0
2026-02-01T18:21:00Z,28.419,4.683,17.78,3193.3,0.4291,20.9,1,0
2026-02-01T18:22:00Z,28.437,4.636,17.68,3191.6,0.4154,20.76,1,0
2026-02-01T18:23:00Z,28.418,4.673,18.3,3199.0,0.4199,21.0,1,0
2026-02-01T18:24:00Z,28.401,4.627,18.02,3200.6,0.4241,21.17,1,0
2026-02-01T18:25:00Z,28.402,4.652,17.57,3206.6,0.4226,21.11,1,0
2026-02-01T18:26:00Z,26.783,4.908,-8.08,3201.0,0.4222,21.25,1,1
2026-02-01T18:27:00Z,26.827,4.924,-8.27,3200.7,0.4167,21.02,1,1
2026-02-01T18:28:00Z,26.777,4.961,-7.77,3199.4,0.4161,21.11,1,1
2026-02-01T18:29:00Z,26.8,4.978,-7.28,3200.1,0.4155,21.3,1,1
2026-02-01T18:30:00Z,26.812,4.936,-8.26,3209.3,0.4105,21.11,1,1
2026-02-01T18:31:00Z,26.772,4.984,-8.11,3208.7,0.4222,20.84,1,1
2026-02-01T18:32:00Z,26.807,4.91,-7.68,3193.8,0.427,21.01,1,1
2026-02-01T18:33:00Z,26.805,4.939,-7.81,3199.9,0.4206,20.79,1,1
2026-02-01T18:34:00Z,26.765,4.921,-8.52,3201.8,0.433,21.1,1,1
2026-02-01T18:35:00Z,26.787,4.945,-8.04,3203.3,0.4255,20.86,1,1
2026-02-01T18:36:00Z,26.787,4.98,-8.05,3206.0,0.4206,21.03,1,1
2026-02-01T18:37:00Z,26.821,4.906,-8.68,3196.4,0.4308,21.05,1,1
2026-02-01T18:38:00Z,26.785,5.006,-7.87,3201.4,0.4223,21.04,1,1
2026-02-01T18:39:00Z,26.773,4.968,-8.4,3210.9,0.4366,21.17,1,1
2026-02-01T18:40:00Z,26.757,4.95,-8.28,3201.0,0.4246,21.03,1,1
2026-02-01T18:41:00Z,26.8,4.921,-8.24,3198.6,0.4322,20.99,1,1
2026-02-01T18:42:00Z,26.815,4.936,-8.07,3203.3,0.4179,20.86,1,1
2026-02-01T18:43:00Z,26.773,4.973,-7.49,3202.7,0.4277,21.12,1,1
2026-02-01T18:44:00Z,26.809,4.933,-8.08,3196.5,0.4152,21.14,1,1
2026-02-01T18:45:00Z,26.833,4.936,-8.53,3198.2,0.4253,21.34,1,1
2026-02-01T18:46:00Z,26.762,4.947,-8.07,3203.5,0.4325,21.15,1,1
2026-02-01T18:47:00Z,26.79,4.876,-6.94,3207.2,0.4156,20.96,1,1
2026-02-01T18:48:00Z,26.845,4.922,-8.24,3209.1,0.4208,21.0,1,1
2026-02-01T18:49:00Z,26.824,4.968,-8.37,3198.6,0.4229,21.01,1,1
2026-02-01T18:50:00Z,26.813,4.9,-7.98,3197.4,0.4162,21.01,1,1
2026-02-01T18:51:00Z,26.803,4.892,-8.32,3197.1,0.409,21.02,1,1
2026-02-01T18:52:00Z,26.774,4.992,-8.62,3196.8,0.4172,21.25,1,1
2026-02-01T18:53:00Z,26.82,4.96,-7.61,3200.8,0.4156,20.77,1,1
2026-02-01T18:54:00Z,26.845,4.963,-8.43,3193.6,0.4217,20.93,1,1
2026-02-01T18:55:00Z,26.792,4.956,-7.88,3191.2,0.4301,21.14,1,1
2026-02-01T18:56:00Z,26.767,4.979,-7.54,3201.5,0.4198,21.0,1,1
2026-02-01T18:57:00Z,26.783,4.971,-7.84,3193.5,0.4305,20.7,1,1
2026-02-01T18:58:00Z,26.798,4.899,-7.26,3206.9,0.4243,20.99,1,1
2026-02-01T18:59:00Z,26.807,4.985,-7.18,3188.3,0.4238,21.01,1,1
2026-02-01T19:00:00Z,28.349,4.641,18.72,3203.9,0.4104,20.92,1,0
2026-02-01T19:01:00Z,28.397,4.715,17.85,3205.2,0.4232,20.91,1,0
2026-02-01T19:02:00Z,28.375,4.657,18.23,3209.0,0.4086,20.9,1,0
2026-02-01T19:03:00Z,28.429,4.664,17.92,3198.7,0.4223,21.13,1,0
2026-02-01T19:04:00Z,28.426,4.671,18.08,3204.6,0.4177,21.16,1,0
2026-02-01T19:05:00Z,28.388,4.706,17.41,3200.4,0.423,21.08,1,0
2026-02-01T19:06:00Z,28.4,4.665,18.08,3207.7,0.4137,21.05,1,0
2026-02-01T19:07:00Z,28.404,4.665,17.68,3199.9,0.4384,21.12,1,0
2026-02-01T19:08:00Z,28.437,4.609,18.26,3202.5,0.4205,21.07,1,0
2026-02-01T19:09:00Z,28.429,4.653,18.04,3191.1,0.4261,21.0,1,0
2026-02-01T19:10:00Z,28.38,4.652,18.01,3199.0,0.4174,21.09,1,0
2026-02-01T19:11:00Z,28.392,4.66,18.37,3195.5,0.4189,20.89,1,0
2026-02-01T19:12:00Z,28.394,4.61,18.26,3194.0,0.4145,20.9,1,0
2026-02-01T19:13:00Z,28.413,4.668,17.07,3195.7,0.4171,20.85,1,0
2026-02-01T19:14:00Z,28.374,4.682,18.04,3208.2,0.433,20.98,1,0
2026-02-01T19:15:00Z,28.381,4.654,17.75,3190.3,0.4139,21.03,1,0
2026-02-01T19:16:00Z,28.415,4.653,17.69,3204.2,0.4121,21.08,1,0
2026-02-01T19:17:00Z,28.399,4.622,18.09,3190.5,0.4227,20.85,1,0
2026-02-01T19:18:00Z,28.358,4.623,17.69,3188.0,0.4205,21.1,1,0
2026-02-01T19:19:00Z,28.416,4.652,17.99,3199.5,0.4116,20.95,1,0
2026-02-01T19:20:00Z,28.405,4.694,18.53,3192.3,0.417,21.0,1,0
2026-02-01T19:21:00Z,28.422,4.633,18.23,3195.4,0.4161,21.02,1,0
2026-02-01T19:22:00Z,28.395,4.629,18.13,3193.4,0.4174,21.23,1,0
2026-02-01T19:23:00Z,28.399,4.64,17.98,3201.3,0.4065,21.11,1,0
2026-02-01T19:24:00Z,28.35,4.669,18.35,3202.2,0.423,21.2,1,0
2026-02-01T19:25:00Z,28.431,4.667,18.37,3198.1,0.421,21.49,1,0
2026-02-01T19:26:00Z,28.405,4.612,18.57,3200.0,0.4257,20.87,1,0
2026-02-01T19:27:00Z,28.398,4.682,17.73,3197.6,0.4234,20.91,1,0
2026-02-01T19:28:00Z,28.381,4.665,17.91,3197.7,0.4206,21.1,1,0
2026-02-01T19:29:00Z,28.4,4.714,17.69,3199.0,0.4297,21.15,1,0
2026-02-01T19:30:00Z,28.394,4.68,18.08,3203.9,0.4179,20.87,1,0
2026-02-01T19:31:00Z,28.382,4.603,17.89,3200.8,0.4282,21.07,1,0
2026-02-01T19:32:00Z,28.411,4.691,18.15,3206.9,0.4138,21.0,1,0
2026-02-01T19:33:00Z,28.39,4.673,18.41,3197.1,0.4107,20.91,1,0
2026-02-01T19:34:00Z,28.431,4.598,17.71,3201.3,0.4227,20.81,1,0
2026-02-01T19:35:00Z,28.401,4.628,17.91,3193.4,0.4118,21.11,1,0
2026-02-01T19:36:00Z,28.42,4.677,17.93,3204.2,0.4203,21.11,1,0
2026-02-01T19:37:00Z,28.419,4.617,17.75,3197.6,0.4241,21.17,1,0
2026-02-01T19:38:00Z,28.422,4.645,17.69,3200.2,0.4247,21.21,1,0
2026-02-01T19:39:00Z,28.417,4.632,17.4,3186.8,0.4241,21.04,1,0
2026-02-01T19:40:00Z,28.397,4.611,17.54,3201.7,0.4327,21.0,1,0
2026-02-01T19:41:00Z,28.376,4.664,17.9,3205.1,0.4197,21.0,1,0
2026-02-01T19:42:00Z,28.433,4.646,18.1,3199.8,0.4294,21.13,1,0
2026-02-01T19:43:00Z,28.384,4.664,17.67,3198.3,0.4347,21.18,1,0
2026-02-01T19:44:00Z,28.4,4.669,17.9,3192.2,0.4209,21.06,1,0
2026-02-01T19:45:00Z,28.369,4.623,17.91,3210.4,0.4177,21.1,1,0
2026-02-01T19:46:00Z,28.425,4.625,18.14,3205.0,0.4161,20.78,1,0
2026-02-01T19:47:00Z,28.415,4.627,18.67,3199.1,0.4189,20.88,1,0
2026-02-01T19:48:00Z,28.394,4.631,18.61,3192.9,0.4219,20.85,1,0
2026-02-01T19:49:00Z,28.447,4.625,18.26,3192.7,0.4098,21.07,1,0
2026-02-01T19:50:00Z,28.406,4.681,17.7,3207.2,0.4206,21.04,1,0
2026-02-01T19:51:00Z,28.418,4.664,17.76,3189.9,0.4166,20.89,1,0
2026-02-01T19:52:00Z,28.414,4.635,18.27,3206.5,0.416,21.0,1,0
2026-02-01T19:53:00Z,28.417,4.629,18.04,3203.8,0.42,20.79,1,0
2026-02-01T19:54:00Z,28.386,4.665,18.04,3197.6,0.4102,20.86,1,0
2026-02-01T19:55:00Z,28.408,4.704,17.84,3214.2,0.4213,20.84,1,0
2026-02-01T19:56:00Z,28.419,4.707,18.07,3207.8,0.4214,21.07,1,0
2026-02-01T19:57:00Z,28.403,4.663,18.8,3203.5,0.4088,21.21,1,0
2026-02-01T19:58:00Z,28.37,4.662,17.77,3203.0,0.4148,21.16,1,0
2026-02-01T19:59:00Z,28.381,4.672,17.81,3205.5,0.4161,21.01,1,0
2026-02-01T20:00:00Z,28.402,4.661,17.88,3196.2,0.4101,21.14,1,0
2026-02-01T20:01:00Z,26.799,4.906,-7.69,3197.6,0.4281,20.92,1,1
2026-02-01T20:02:00Z,26.793,4.956,-8.2,3202.5,0.4149,20.9,1,1
2026-02-01T20:03:00Z,26.793,4.964,-7.79,3205.9,0.4229,21.05,1,1
2026-02-01T20:04:00Z,26.796,4.972,-8.01,3202.2,0.4175,21.08,1,1
2026-02-01T20:05:00Z,26.846,4.957,-7.47,3193.5,0.4178,21.05,1,1
2026-02-01T20:06:00Z,26.82,4.962,-8.56,3199.4,0.4343,20.96,1,1
2026-02-01T20:07:00Z,26.801,4.928,-7.75,3193.5,0.4166,20.84,1,1
2026-02-01T20:08:00Z,26.831,4.952,-8.01,3204.1,0.4059,21.19,1,1
2026-02-01T20:09:00Z,26.8,4.942,-8.26,3191.5,0.4218,20.92,1,1
2026-02-01T20:10:00Z,26.835,4.988,-8.45,3192.2,0.4206,20.82,1,1
2026-02-01T20:11:00Z,26.799,4.942,-7.57,3197.1,0.4237,20.98,1,1
2026-02-01T20:12:00Z,26.797,4.963,-7.28,3211.0,0.4189,20.89,1,1
2026-02-01T20:13:00Z,26.831,4.982,-7.22,3197.1,0.4175,20.86,1,1
2026-02-01T20:14:00Z,26.798,4.978,-7.48,3192.0,0.4235,20.91,1,1
2026-02-01T20:15:00Z,26.81,4.988,-8.29,3196.4,0.4232,20.92,1,1
2026-02-01T20:16:00Z,26.824,4.971,-8.09,3199.7,0.4146,21.14,1,1
2026-02-01T20:17:00Z,26.776,4.927,-7.31,3197.4,0.4209,21.27,1,1
2026-02-01T20:18:00Z,26.808,4.906,-7.54,3201.6,0.4229,21.07,1,1
2026-02-01T20:19:00Z,26.776,4.856,-8.03,3192.2,0.4273,21.08,1,1
2026-02-01T20:20:00Z,26.784,4.975,-8.56,3202.1,0.4152,21.18,1,1
2026-02-01T20:21:00Z,26.825,4.921,-8.43,3199.3,0.4195,21.06,1,1
2026-02-01T20:22:00Z,26.778,4.925,-7.67,3200.6,0.4242,21.01,1,1
2026-02-01T20:23:00Z,26.807,4.975,-8.28,3199.3,0.415,20.99,1,1
2026-02-01T20:24:00Z,26.807,4.947,-7.24,3198.0,0.4103,20.96,1,1
2026-02-01T20:25:00Z,26.794,4.965,-7.23,3199.8,0.4269,21.02,1,1
2026-02-01T20:26:00Z,26.806,4.956,-8.14,3185.9,0.4173,20.94,1,1
2026-02-01T20:27:00Z,26.782,4.952,-7.57,3200.8,0.4161,21.1,1,1
2026-02-01T20:28:00Z,26.803,5.003,-7.92,3201.1,0.4217,20.95,1,1
2026-02-01T20:29:00Z,26.768,4.944,-8.06,3192.8,0.4345,21.24,1,1
2026-02-01T20:30:00Z,26.795,4.941,-8.08,3191.2,0.4141,21.11,1,1
2026-02-01T20:31:00Z,26.803,4.946,-7.61,3207.7,0.4189,21.12,1,1
2026-02-01T20:32:00Z,26.808,4.929,-8.72,3205.4,0.4209,20.91,1,1
2026-02-01T20:33:00Z,26.807,4.971,-8.58,3205.8,0.4202,20.99,1,1
2026-02-01T20:34:00Z,26.804,4.943,-7.91,3188.1,0.422,21.13,1,1
2026-02-01T20:35:00Z,28.358,4.637,17.75,3196.5,0.4154,20.75,1,0
2026-02-01T20:36:00Z,28.403,4.626,17.75,3205.7,0.4253,21.06,1,0
2026-02-01T20:37:00Z,28.389,4.619,17.63,3203.5,0.4234,20.81,1,0
2026-02-01T20:38:00Z,28.418,4.651,18.18,3187.0,0.4195,21.06,1,0
2026-02-01T20:39:00Z,28.376,4.68,17.93,3194.1,0.4239,21.19,1,0
2026-02-01T20:40:00Z,28.385,4.662,18.26,3197.2,0.423,21.11,1,0
2026-02-01T20:41:00Z,28.418,4.655,18.64,3198.0,0.4146,20.87,1,0
2026-02-01T20:42:00Z,28.401,4.672,17.66,3201.8,0.4177,21.01,1,0
2026-02-01T20:43:00Z,28.409,4.641,17.89,3209.5,0.4234,21.04,1,0
2026-02-01T20:44:00Z,28.399,4.637,18.66,3199.3,0.4112,21.04,1,0
2026-02-01T20:45:00Z,28.429,4.685,17.64,3196.1,0.4235,21.24,1,0
2026-02-01T20:46:00Z,28.409,4.6,18.24,3206.9,0.4132,20.98,1,0
2026-02-01T20:47:00Z,28.433,4.69,18.31,3207.0,0.4236,20.79,1,0
2026-02-01T20:48:00Z,28.406,4.655,17.91,3205.9,0.4154,21.3,1,0
2026-02-01T20:49:00Z,28.406,4.645,17.83,3192.8,0.4159,21.13,1,0
2026-02-01T20:50:00Z,28.381,4.626,18.75,3192.4,0.4271,20.98,1,0
2026-02-01T20:51:00Z,28.408,4.666,18.47,3196.8,0.4155,20.91,1,0
2026-02-01T20:52:00Z,28.415,4.631,18.2,3199.9,0.4108,21.04,1,0
2026-02-01T20:53:00Z,28.42,4.627,18.0,3195.7,0.4204,20.92,1,0
2026-02-01T20:54:00Z,28.391,4.668,18.53,3203.1,0.4284,21.02,1,0
2026-02-01T20:55:00Z,28.41,4.654,17.76,3195.5,0.4173,21.03,1,0
2026-02-01T20:56:00Z,28.403,4.636,17.78,3204.5,0.4227,21.14,1,0
2026-02-01T20:57:00Z,28.373,4.655,17.8,3207.8,0.4152,21.0,1,0
2026-02-01T20:58:00Z,28.401,4.614,18.1,3198.4,0.413,21.07,1,0
2026-02-01T20:59:00Z,28.414,4.641,18.34,3210.5,0.4201,20.82,1,0
2026-02-01T21:00:00Z,28.411,4.658,17.4,3202.2,0.4263,21.37,1,0
2026-02-01T21:01:00Z,28.373,4.679,18.61,3201.6,0.4167,21.11,1,0
2026-02-01T21:02:00Z,28.397,4.653,18.31,3203.4,0.4172,20.98,1,0
2026-02-01T21:03:00Z,28.404,4.598,18.74,3201.9,0.4181,21.02,1,0
2026-02-01T21:04:00Z,28.4,4.655,17.74,3206.3,0.4224,20.61,1,0
2026-02-01T21:05:00Z,28.384,4.662,17.97,3196.0,0.427,20.85,1,0
2026-02-01T21:06:00Z,28.424,4.712,18.2,3199.2,0.4237,20.86,1,0
2026-02-01T21:07:00Z,28.364,4.631,18.11,3196.7,0.4198,21.32,1,0
2026-02-01T21:08:00Z,28.404,4.653,18.05,3203.6,0.4087,21.02,1,0
2026-02-01T21:09:00Z,28.402,4.65,17.76,3191.9,0.4113,21.01,1,0
2026-02-01T21:10:00Z,28.389,4.615,18.11,3191.8,0.4128,20.94,1,0
2026-02-01T21:11:00Z,28.425,4.668,17.59,3188.9,0.422,20.87,1,0
2026-02-01T21:12:00Z,28.393,4.718,17.53,3198.9,0.4137,20.74,1,0
2026-02-01T21:13:00Z,28.409,4.647,17.61,3201.5,0.4191,20.95,1,0
2026-02-01T21:14:00Z,28.373,4.599,17.89,3202.2,0.4266,21.05,1,0
2026-02-01T21:15:00Z,28.398,4.655,18.1,3203.7,0.4259,21.1,1,0
2026-02-01T21:16:00Z,28.366,4.682,17.82,3198.6,0.4263,21.25,1,0
2026-02-01T21:17:00Z,28.433,4.649,18.34,3201.3,0.4158,21.17,1,0
2026-02-01T21:18:00Z,28.357,4.638,17.59,3199.1,0.4178,21.04,1,0
2026-02-01T21:19:00Z,28.368,4.625,17.4,3189.5,0.4178,21.04,1,0
2026-02-01T21:20:00Z,28.399,4.662,19.08,3198.9,0.4146,21.04,1,0
2026-02-01T21:21:00Z,28.41,4.617,18.21,3199.2,0.4184,20.74,1,0
2026-02-01T21:22:00Z,28.343,4.629,18.39,3196.6,0.4257,20.9,1,0
2026-02-01T21:23:00Z,28.394,4.642,18.27,3194.4,0.4207,21.06,1,0
2026-02-01T21:24:00Z,28.395,4.657,17.88,3203.8,0.4168,21.1,1,0
2026-02-01T21:25:00Z,28.401,4.687,18.27,3199.8,0.4259,21.03,1,0
2026-02-01T21:26:00Z,28.396,4.638,18.01,3194.0,0.4229,20.95,1,0
2026-02-01T21:27:00Z,28.399,4.648,17.97,3202.8,0.4165,21.11,1,0
2026-02-01T21:28:00Z,28.378,4.623,18.14,3208.6,0.4131,21.26,1,0
2026-02-01T21:29:00Z,28.397,4.654,17.85,3197.9,0.4179,21.02,1,0
2026-02-01T21:30:00Z,28.386,4.652,17.89,3206.2,0.4154,20.86,1,0
2026-02-01T21:31:00Z,28.374,4.687,18.01,3202.6,0.4232,21.04,1,0
2026-02-01T21:32:00Z,28.411,4.596,18.58,3197.7,0.4159,20.9,1,0
2026-02-01T21:33:00Z,28.368,4.649,17.81,3187.3,0.4126,20.92,1,0
2026-02-01T21:34:00Z,28.37,4.613,18.01,3206.4,0.4225,20.85,1,0
2026-02-01T21:35:00Z,28.368,4.641,18.75,3202.5,0.4299,20.97,1,0
2026-02-01T21:36:00Z,26.804,4.926,-8.06,3203.8,0.4098,20.78,1,1
2026-02-01T21:37:00Z,26.8,4.931,-8.06,3198.7,0.4165,20.87,1,1
2026-02-01T21:38:00Z,26.777,4.918,-7.6,3189.9,0.4264,21.03,1,1
2026-02-01T21:39:00Z,26.805,4.956,-7.25,3195.1,0.4216,21.02,1,1
2026-02-01T21:40:00Z,26.78,4.92,-8.33,3200.1,0.4251,21.13,1,1
2026-02-01T21:41:00Z,26.82,4.986,-8.11,3195.3,0.4177,21.05,1,1
2026-02-01T21:42:00Z,26.79,4.961,-8.34,3193.4,0.4291,20.91,1,1
2026-02-01T21:43:00Z,26.851,5.003,-8.35,3190.2,0.4239,21.23,1,1
2026-02-01T21:44:00Z,26.844,4.967,-7.7,3194.5,0.4218,21.03,1,1
2026-02-01T21:45:00Z,26.809,4.925,-8.05,3204.4,0.4154,21.08,1,1
2026-02-01T21:46:00Z,26.786,4.909,-8.25,3190.1,0.4308,20.92,1,1
2026-02-01T21:47:00Z,26.758,4.937,-8.24,3195.5,0.4209,21.01,1,1
2026-02-01T21:48:00Z,26.824,4.926,-8.15,3209.0,0.4126,21.3,1,1
2026-02-01T21:49:00Z,26.779,4.921,-8.21,3200.5,0.4197,21.13,1,1
2026-02-01T21:50:00Z,26.802,4.987,-7.28,3206.2,0.414,21.01,1,1
2026-02-01T21:51:00Z,26.789,4.963,-7.56,3216.1,0.4225,21.14,1,1
2026-02-01T21:52:00Z,26.777,4.914,-8.11,3201.5,0.4188,20.84,1,1
2026-02-01T21:53:00Z,26.784,4.973,-8.61,3191.4,0.4301,20.98,1,1
2026-02-01T21:54:00Z,26.81,4.894,-7.41,3203.4,0.4188,21.18,1,1
2026-02-01T21:55:00Z,26.821,4.916,-8.48,3203.5,0.4235,20.9,1,1
2026-02-01T21:56:00Z,26.81,4.97,-8.31,3205.5,0.427,20.91,1,1
2026-02-01T21:57:00Z,26.815,5.0,-7.38,3205.3,0.4242,21.16,1,1
2026-02-01T21:58:00Z,26.804,4.967,-8.06,3199.3,0.422,21.16,1,1
2026-02-01T21:59:00Z,26.813,5.03,-8.27,3201.2,0.4122,20.82,1,1
2026-02-01T22:00:00Z,26.811,4.951,-8.41,3187.8,0.417,20.82,1,1
2026-02-01T22:01:00Z,26.8,4.899,-8.23,3204.5,0.4168,21.13,1,1
2026-02-01T22:02:00Z,26.805,4.871,-8.15,3201.1,0.4188,20.73,1,1
2026-02-01T22:03:00Z,26.785,4.97,-8.38,3200.1,0.4348,20.96,1,1
2026-02-01T22:04:00Z,26.805,4.916,-8.32,3182.9,0.418,21.0,1,1
2026-02-01T22:05:00Z,26.813,4.922,-8.94,3197.2,0.4242,20.86,1,1
2026-02-01T22:06:00Z,26.819,4.961,-8.24,3193.5,0.4194,20.93,1,1
2026-02-01T22:07:00Z,26.8,4.923,-8.03,3198.7,0.434,20.96,1,1
2026-02-01T22:08:00Z,26.819,4.967,-8.2,3204.2,0.4225,20.91,1,1
2026-02-01T22:09:00Z,26.827,4.97,-8.08,3200.0,0.4116,21.04,1,1
2026-02-01T22:10:00Z,28.426,4.639,18.66,3199.5,0.4179,20.98,1,0
2026-02-01T22:11:00Z,28.434,4.639,17.92,3200.1,0.4319,20.94,1,0
2026-02-01T22:12:00Z,28.355,4.639,17.48,3201.1,0.4226,20.7,1,0
2026-02-01T22:13:00Z,28.391,4.667,17.38,3206.9,0.407,21.19,1,0
2026-02-01T22:14:00Z,28.423,4.654,18.48,3202.9,0.4234,20.82,1,0
2026-02-01T22:15:00Z,28.413,4.602,17.93,3197.7,0.4107,21.19,1,0
2026-02-01T22:16:00Z,28.364,4.667,17.68,3199.9,0.4252,21.18,1,0
2026-02-01T22:17:00Z,28.447,4.632,18.37,3195.3,0.4146,21.01,1,0
2026-02-01T22:18:00Z,28.419,4.63,18.21,3205.0,0.4262,20.92,1,0
2026-02-01T22:19:00Z,28.364,4.668,18.04,3193.4,0.4262,20.89,1,0
2026-02-01T22:20:00Z,28.396,4.661,18.17,3205.8,0.4095,21.16,1,0
2026-02-01T22:21:00Z,28.402,4.678,17.99,3207.6,0.4195,20.95,1,0
2026-02-01T22:22:00Z,28.404,4.695,18.1,3184.7,0.4172,21.07,1,0
2026-02-01T22:23:00Z,28.39,4.634,17.47,3200.1,0.4173,20.98,1,0
2026-02-01T22:24:00Z,28.399,4.635,18.43,3188.9,0.4148,21.01,1,0
2026-02-01T22:25:00Z,28.382,4.667,17.75,3187.8,0.4253,20.74,1,0
2026-02-01T22:26:00Z,28.427,4.621,17.09,3212.4,0.4186,21.1,1,0
2026-02-01T22:27:00Z,28.422,4.668,18.53,3198.2,0.4154,21.19,1,0
2026-02-01T22:28:00Z,28.372,4.658,17.99,3204.6,0.4076,20.93,1,0
2026-02-01T22:29:00Z,28.378,4.644,18.53,3204.5,0.4199,21.27,1,0
2026-02-01T22:30:00Z,28.374,4.64,18.36,3208.0,0.4211,20.91,1,0
2026-02-01T22:31:00Z,28.408,4.643,18.31,3195.1,0.4165,21.18,1,0
2026-02-01T22:32:00Z,28.392,4.669,17.59,3197.8,0.4252,20.97,1,0
2026-02-01T22:33:00Z,28.386,4.652,17.6,3206.1,0.4177,21.09,1,0
2026-02-01T22:34:00Z,28.414,4.658,18.02,3200.5,0.4284,20.72,1,0
2026-02-01T22:35:00Z,28.399,4.583,17.85,3192.6,0.4197,21.2,1,0
2026-02-01T22:36:00Z,28.38,4.63,18.05,3203.8,0.4092,20.94,1,0
2026-02-01T22:37:00Z,28.391,4.651,18.08,3201.4,0.4257,21.08,1,0
2026-02-01T22:38:00Z,28.387,4.672,17.9,3203.3,0.4197,20.98,1,0
2026-02-01T22:39:00Z,28.378,4.669,17.87,3208.2,0.4213,21.05,1,0
2026-02-01T22:40:00Z,28.372,4.635,18.95,3198.3,0.416,20.95,1,0
2026-02-01T22:41:00Z,28.393,4.637,17.91,3197.3,0.4203,20.7,1,0
2026-02-01T22:42:00Z,28.419,4.608,17.56,3202.9,0.4163,21.25,1,0
2026-02-01T22:43:00Z,28.401,4.66,18.16,3197.6,0.4189,21.05,1,0
2026-02-01T22:44:00Z,28.426,4.646,17.61,3196.7,0.4259,20.81,1,0
2026-02-01T22:45:00Z,28.378,4.644,18.13,3191.8,0.4158,20.68,1,0
2026-02-01T22:46:00Z,28.367,4.639,18.35,3184.0,0.4117,21.15,1,0
2026-02-01T22:47:00Z,28.395,4.619,18.05,3194.2,0.4123,20.98,1,0
2026-02-01T22:48:00Z,28.404,4.679,18.07,3200.0,0.4257,20.98,1,0
2026-02-01T22:49:00Z,28.408,4.623,18.47,3199.7,0.4286,20.95,1,0
2026-02-01T22:50:00Z,28.384,4.639,18.07,3199.2,0.4088,21.01,1,0
2026-02-01T22:51:00Z,28.4,4.68,17.88,3192.6,0.4076,21.2,1,0
2026-02-01T22:52:00Z,28.401,4.659,18.43,3187.4,0.4164,21.07,1,0
2026-02-01T22:53:00Z,28.407,4.63,18.23,3199.5,0.4253,20.84,1,0
2026-02-01T22:54:00Z,28.401,4.626,18.12,3205.9,0.4198,21.17,1,0
2026-02-01T22:55:00Z,28.412,4.647,18.4,3204.7,0.4219,21.23,1,0
2026-02-01T22:56:00Z,28.426,4.718,18.42,3184.3,0.4203,20.94,1,0
2026-02-01T22:57:00Z,28.393,4.729,17.92,3196.4,0.4143,20.89,1,0
2026-02-01T22:58:00Z,28.433,4.694,18.38,3204.1,0.4229,21.18,1,0
2026-02-01T22:59:00Z,28.395,4.649,17.66,3202.8,0.4126,21.16,1,0
2026-02-01T23:00:00Z,28.347,4.653,18.09,3193.6,0.4247,20.76,1,0
2026-02-01T23:01:00Z,28.362,4.667,17.71,3198.6,0.4209,21.17,1,0
2026-02-01T23:02:00Z,28.37,4.658,17.86,3199.2,0.4304,20.86,1,0
2026-02-01T23:03:00Z,28.443,4.684,17.97,3194.4,0.4142,20.99,1,0
2026-02-01T23:04:00Z,28.415,4.637,18.26,3198.7,0.4139,20.96,1,0
2026-02-01T23:05:00Z,28.422,4.674,18.11,3202.7,0.4174,20.87,1,0
2026-02-01T23:06:00Z,28.399,4.677,17.6,3211.5,0.422,20.96,1,0
2026-02-01T23:07:00Z,28.358,4.681,17.69,3191.7,0.4119,21.15,1,0
2026-02-01T23:08:00Z,28.414,4.708,18.49,3198.1,0.4146,21.28,1,0
2026-02-01T23:09:00Z,28.389,4.687,18.14,3206.6,0.4211,21.11,1,0
2026-02-01T23:10:00Z,28.399,4.6,17.32,3199.9,0.4114,21.02,1,0
2026-02-01T23:11:00Z,26.821,4.954,-7.96,3194.6,0.4185,20.93,1,1
2026-02-01T23:12:00Z,26.795,4.955,-7.83,3199.2,0.4234,21.01,1,1
2026-02-01T23:13:00Z,26.837,4.962,-8.23,3209.0,0.4174,21.28,1,1
2026-02-01T23:14:00Z,26.833,4.952,-8.11,3199.7,0.4275,20.99,1,1
2026-02-01T23:15:00Z,26.786,4.975,-8.19,3194.2,0.4189,21.25,1,1
2026-02-01T23:16:00Z,26.772,4.958,-8.15,3196.2,0.4194,20.99,1,1
2026-02-01T23:17:00Z,26.762,4.875,-8.57,3198.6,0.4097,21.05,1,1
2026-02-01T23:18:00Z,26.815,4.955,-8.47,3210.6,0.4192,21.19,1,1
2026-02-01T23:19:00Z,26.791,4.943,-7.72,3193.9,0.4264,21.05,1,1
2026-02-01T23:20:00Z,26.765,4.949,-8.41,3191.3,0.4214,21.09,1,1
2026-02-01T23:21:00Z,26.801,4.913,-7.78,3210.3,0.4158,21.18,1,1
2026-02-01T23:22:00Z,26.77,4.913,-8.91,3205.4,0.4105,20.91,1,1
2026-02-01T23:23:00Z,26.805,4.997,-7.87,3209.9,0.4232,21.18,1,1
2026-02-01T23:24:00Z,26.804,4.956,-7.77,3195.2,0.4157,20.94,1,1
2026-02-01T23:25:00Z,26.792,4.908,-7.94,3205.4,0.4161,20.96,1,1
2026-02-01T23:26:00Z,26.803,4.939,-8.02,3195.2,0.4171,20.94,1,1
2026-02-01T23:27:00Z,26.827,4.902,-8.1,3196.4,0.4188,20.97,1,1
2026-02-01T23:28:00Z,26.804,4.982,-7.59,3198.8,0.4316,21.37,1,1
2026-02-01T23:29:00Z,26.832,4.966,-7.56,3187.4,0.4163,21.08,1,1
2026-02-01T23:30:00Z,26.819,4.987,-7.33,3195.5,0.4187,21.23,1,1
2026-02-01T23:31:00Z,26.808,4.957,-7.9,3206.0,0.4245,21.15,1,1
2026-02-01T23:32:00Z,26.8,4.908,-7.99,3204.5,0.4213,20.78,1,1
2026-02-01T23:33:00Z,26.789,4.93,-7.9,3200.8,0.4144,21.07,1,1
2026-02-01T23:34:00Z,26.816,4.935,-8.03,3196.1,0.4184,21.17,1,1
2026-02-01T23:35:00Z,26.799,4.965,-8.06,3202.8,0.4263,20.87,1,1
2026-02-01T23:36:00Z,26.797,5.006,-7.21,3203.0,0.4285,21.06,1,1
2026-02-01T23:37:00Z,26.821,4.933,-7.8,3202.6,0.4267,21.06,1,1
2026-02-01T23:38:00Z,26.793,5.007,-8.17,3200.6,0.4318,21.07,1,1
2026-02-01T23:39:00Z,26.783,4.921,-8.36,3189.8,0.4282,21.0,1,1
2026-02-01T23:40:00Z,26.799,4.905,-8.15,3204.9,0.4188,20.84,1,1
2026-02-01T23:41:00Z,26.837,4.976,-7.97,3201.8,0.4169,20.92,1,1
2026-02-01T23:42:00Z,26.767,4.941,-7.21,3198.5,0.4266,20.86,1,1
2026-02-01T23:43:00Z,26.78,4.944,-7.94,3191.8,0.4105,21.11,1,1
2026-02-01T23:44:00Z,26.826,4.957,-7.88,3204.2,0.4154,21.13,1,1
2026-02-01T23:45:00Z,28.387,4.657,18.21,3184.6,0.4111,20.92,1,0
2026-02-01T23:46:00Z,28.416,4.643,17.45,3213.0,0.4143,21.05,1,0
2026-02-01T23:47:00Z,28.426,4.633,18.04,3206.2,0.4238,21.01,1,0
2026-02-01T23:48:00Z,28.426,4.702,17.85,3201.0,0.4213,20.99,1,0
2026-02-01T23:49:00Z,28.397,4.673,18.13,3201.6,0.4208,21.2,1,0
2026-02-01T23:50:00Z,28.415,4.64,17.97,3194.5,0.4153,21.2,1,0
2026-02-01T23:51:00Z,28.412,4.647,17.69,3198.2,0.4133,20.99,1,0
2026-02-01T23:52:00Z,28.389,4.66,17.79,3191.4,0.4237,21.02,1,0
2026-02-01T23:53:00Z,28.418,4.621,18.42,3194.3,0.4365,20.84,1,0
2026-02-01T23:54:00Z,28.423,4.618,18.19,3204.3,0.4198,21.01,1,0
2026-02-01T23:55:00Z,28.412,4.651,17.81,3204.1,0.4295,21.04,1,0
2026-02-01T23:56:00Z,28.415,4.673,18.32,3195.2,0.4182,21.14,1,0
2026-02-01T23:57:00Z,28.414,4.625,17.54,3196.8,0.4195,21.0,1,0
2026-02-01T23:58:00Z,28.431,4.614,17.82,3197.5,0.4239,20.87,1,0
2026-02-01T23:59:00Z,28.38,4.686,17.62,3196.2,0.4166,20.88,1,0
2026-02-02T00:00:00Z,28.41,4.67,17.51,3207.8,0.4122,21.12,1,0
2026-02-02T00:01:00Z,28.428,4.674,17.96,3208.8,0.4159,20.96,1,0
2026-02-02T00:02:00Z,28.368,4.632,17.62,3188.6,0.4218,20.7,1,0
2026-02-02T00:03:00Z,28.424,4.708,16.93,3199.9,0.4162,21.03,1,0
2026-02-02T00:04:00Z,28.384,4.638,17.89,3195.1,0.42,20.95,1,0
2026-02-02T00:05:00Z,28.371,4.696,18.44,3202.9,0.419,21.03,1,0
2026-02-02T00:06:00Z,28.431,4.601,18.01,3205.6,0.4276,20.88,1,0
2026-02-02T00:07:00Z,28.416,4.714,18.0,3191.3,0.424,20.68,1,0
2026-02-02T00:08:00Z,28.388,4.675,17.8,3207.8,0.4244,20.84,1,0
2026-02-02T00:09:00Z,28.428,4.649,18.41,3201.9,0.427,20.96,1,0
2026-02-02T00:10:00Z,28.403,4.604,17.49,3204.4,0.4313,21.11,1,0
2026-02-02T00:11:00Z,28.39,4.654,17.6,3197.1,0.4134,21.05,1,0
2026-02-02T00:12:00Z,28.377,4.704,18.88,3204.8,0.4292,20.89,1,0
2026-02-02T00:13:00Z,28.396,4.701,17.64,3196.0,0.4156,21.02,1,0
2026-02-02T00:14:00Z,28.434,4.62,18.19,3203.5,0.4191,20.66,1,0
2026-02-02T00:15:00Z,28.4,4.66,18.1,3184.7,0.4296,20.97,1,0
2026-02-02T00:16:00Z,28.417,4.673,17.77,3209.6,0.4196,20.86,1,0
2026-02-02T00:17:00Z,28.45,4.659,17.4,3200.0,0.422,20.91,1,0
2026-02-02T00:18:00Z,28.414,4.705,18.5,3198.5,0.4213,21.09,1,0
2026-02-02T00:19:00Z,28.389,4.669,18.17,3201.5,0.4065,20.83,1,0
2026-02-02T00:20:00Z,28.376,4.688,17.29,3201.8,0.4124,21.15,1,0
2026-02-02T00:21:00Z,28.43,4.712,17.8,3195.8,0.4175,21.09,1,0
2026-02-02T00:22:00Z,28.406,4.653,18.03,3193.4,0.4223,20.93,1,0
2026-02-02T00:23:00Z,28.416,4.648,18.1,3208.4,0.418,21.0,1,0
2026-02-02T00:24:00Z,28.382,4.645,18.37,3192.7,0.4207,21.2,1,0
2026-02-02T00:25:00Z,28.409,4.665,17.96,3192.4,0.4256,21.05,1,0
2026-02-02T00:26:00Z,28.411,4.623,17.59,3202.5,0.4148,21.05,1,0
2026-02-02T00:27:00Z,28.417,4.637,18.5,3204.4,0.4287,21.18,1,0
2026-02-02T00:28:00Z,28.411,4.677,18.32,3200.7,0.4243,20.79,1,0
2026-02-02T00:29:00Z,28.405,4.657,17.73,3198.2,0.4129,21.19,1,0
2026-02-02T00:30:00Z,28.436,4.708,18.7,3199.7,0.4078,21.14,1,0
2026-02-02T00:31:00Z,28.419,4.669,18.59,3198.3,0.415,21.02,1,0
2026-02-02T00:32:00Z,28.405,4.701,17.28,3189.0,0.4121,20.92,1,0
2026-02-02T00:33:00Z,28.377,4.689,18.81,3206.2,0.4176,21.18,1,0
2026-02-02T00:34:00Z,28.375,4.641,18.49,3195.9,0.4212,21.13,1,0
2026-02-02T00:35:00Z,28.362,4.648,17.86,3200.5,0.4268,21.02,1,0
2026-02-02T00:36:00Z,28.418,4.689,18.02,3207.9,0.4167,21.0,1,0
2026-02-02T00:37:00Z,28.433,4.639,18.24,3190.2,0.4125,21.05,1,0
2026-02-02T00:38:00Z,28.391,4.658,17.46,3195.8,0.4152,21.06,1,0
2026-02-02T00:39:00Z,28.417,4.665,17.93,3202.7,0.4198,20.97,1,0
2026-02-02T00:40:00Z,28.416,4.628,18.0,3209.6,0.4217,20.94,1,0
2026-02-02T00:41:00Z,28.409,4.697,18.01,3208.6,0.4187,20.86,1,0
2026-02-02T00:42:00Z,28.412,4.663,17.62,3194.4,0.409,20.98,1,0
2026-02-02T00:43:00Z,28.4,4.692,18.08,3201.6,0.4228,20.96,1,0
2026-02-02T00:44:00Z,28.407,4.616,17.94,3189.4,0.4158,20.61,1,0
2026-02-02T00:45:00Z,28.388,4.619,17.87,3196.2,0.4179,21.13,1,0
2026-02-02T00:46:00Z,26.802,4.918,-7.84,3205.4,0.4153,20.97,1,1
2026-02-02T00:47:00Z,26.798,4.955,-7.38,3196.0,0.4101,20.89,1,1
2026-02-02T00:48:00Z,26.816,4.904,-8.13,3202.1,0.4138,20.8,1,1
2026-02-02T00:49:00Z,26.81,4.923,-7.08,3208.6,0.4201,20.87,1,1
2026-02-02T00:50:00Z,26.792,4.959,-7.96,3205.1,0.4271,20.97,1,1
2026-02-02T00:51:00Z,26.815,4.951,-7.5,3204.3,0.414,21.1,1,1
2026-02-02T00:52:00Z,26.836,4.933,-8.61,3192.4,0.4203,21.15,1,1
2026-02-02T00:53:00Z,26.796,4.947,-8.0,3206.7,0.4102,20.93,1,1
2026-02-02T00:54:00Z,26.836,4.914,-7.69,3200.1,0.4202,20.99,1,1
2026-02-02T00:55:00Z,26.788,4.92,-8.02,3199.8,0.4213,21.03,1,1
2026-02-02T00:56:00Z,26.765,4.936,-8.54,3200.4,0.4145,20.77,1,1
2026-02-02T00:57:00Z,26.806,4.975,-7.48,3198.8,0.4208,20.92,1,1
2026-02-02T00:58:00Z,26.806,4.996,-8.64,3199.6,0.429,20.83,1,1
2026-02-02T00:59:00Z,26.809,4.919,-7.3,3199.5,0.4199,21.03,1,1
2026-02-02T01:00:00Z,26.789,4.978,-8.52,3204.5,0.4223,20.76,1,1
2026-02-02T01:01:00Z,26.759,4.908,-7.71,3199.2,0.4109,21.07,1,1
2026-02-02T01:02:00Z,26.803,4.992,-7.92,3202.8,0.4141,20.83,1,1
2026-02-02T01:03:00Z,26.843,4.928,-7.56,3184.2,0.4179,20.75,1,1
2026-02-02T01:04:00Z,26.828,4.953,-8.17,3207.9,0.4237,20.95,1,1
2026-02-02T01:05:00Z,26.828,4.95,-8.01,3202.3,0.4211,20.83,1,1
2026-02-02T01:06:00Z,26.803,4.977,-7.53,3195.6,0.4171,20.87,1,1
2026-02-02T01:07:00Z,26.791,4.985,-7.14,3184.1,0.417,21.12,1,1
2026-02-02T01:08:00Z,26.824,4.9,-8.99,3209.1,0.4094,21.1,1,1
2026-02-02T01:09:00Z,26.786,4.959,-7.68,3196.7,0.4326,20.92,1,1
2026-02-02T01:10:00Z,26.815,4.932,-8.69,3193.2,0.4196,21.0,1,1
2026-02-02T01:11:00Z,26.778,4.968,-9.04,3202.4,0.4239,20.97,1,1
2026-02-02T01:12:00Z,26.81,4.942,-8.39,3196.5,0.3999,20.8,1,1
2026-02-02T01:13:00Z,26.81,4.945,-7.35,3197.5,0.4205,21.03,1,1
2026-02-02T01:14:00Z,26.778,4.934,-7.5,3198.1,0.4212,21.13,1,1
2026-02-02T01:15:00Z,26.804,4.952,-8.22,3196.9,0.4118,21.2,1,1
2026-02-02T01:16:00Z,26.826,4.932,-7.7,3205.6,0.4238,20.87,1,1
2026-02-02T01:17:00Z,26.782,4.902,-7.74,3200.2,0.4233,21.14,1,1
2026-02-02T01:18:00Z,26.766,4.881,-8.11,3192.9,0.4226,21.16,1,1
2026-02-02T01:19:00Z,26.779,5.014,-7.65,3197.9,0.4137,21.25,1,1
2026-02-02T01:20:00Z,28.367,4.589,18.29,3194.5,0.4164,20.93,1,0
2026-02-02T01:21:00Z,28.379,4.634,17.96,3198.4,0.4256,21.0,1,0
2026-02-02T01:22:00Z,28.422,4.648,17.61,3208.8,0.4309,21.05,1,0
2026-02-02T01:23:00Z,28.394,4.672,18.24,3203.9,0.4223,20.82,1,0
2026-02-02T01:24:00Z,28.408,4.666,18.27,3200.1,0.4212,21.23,1,0
2026-02-02T01:25:00Z,28.403,4.632,18.17,3208.5,0.4259,20.95,1,0
2026-02-02T01:26:00Z,28.401,4.615,18.57,3198.3,0.4201,21.16,1,0
2026-02-02T01:27:00Z,28.382,4.654,17.43,3196.6,0.4201,21.22,1,0
2026-02-02T01:28:00Z,28.377,4.662,17.31,3204.1,0.4221,21.05,1,0
2026-02-02T01:29:00Z,28.422,4.612,17.93,3196.7,0.4156,21.08,1,0
2026-02-02T01:30:00Z,28.37,4.645,17.23,3200.2,0.4333,21.11,1,0
2026-02-02T01:31:00Z,28.376,4.678,18.41,3196.8,0.412,21.12,1,0
2026-02-02T01:32:00Z,28.362,4.641,18.13,3204.9,0.4115,21.31,1,0
2026-02-02T01:33:00Z,28.405,4.652,18.3,3202.5,0.4178,21.08,1,0
2026-02-02T01:34:00Z,28.383,4.676,18.11,3194.4,0.4155,20.99,1,0
2026-02-02T01:35:00Z,28.423,4.668,18.05,3195.6,0.4179,20.9,1,0
2026-02-02T01:36:00Z,28.42,4.64,18.35,3203.9,0.4243,21.17,1,0
2026-02-02T01:37:00Z,28.362,4.691,17.76,3208.0,0.4103,21.05,1,0
2026-02-02T01:38:00Z,28.376,4.62,17.52,3209.9,0.4241,21.0,1,0
2026-02-02T01:39:00Z,28.421,4.603,17.22,3197.5,0.4224,20.92,1,0
2026-02-02T01:40:00Z,28.435,4.682,17.95,3196.7,0.4154,20.95,1,0
2026-02-02T01:41:00Z,28.366,4.673,17.25,3203.2,0.422,20.64,1,0
2026-02-02T01:42:00Z,28.408,4.626,17.82,3202.8,0.4193,20.9,1,0
2026-02-02T01:43:00Z,28.414,4.621,18.08,3201.1,0.4299,21.07,1,0
2026-02-02T01:44:00Z,28.403,4.664,18.07,3200.6,0.414,21.03,1,0
2026-02-02T01:45:00Z,28.415,4.698,17.85,3201.0,0.4256,21.11,1,0
2026-02-02T01:46:00Z,28.404,4.622,18.12,3200.2,0.4163,20.93,1,0
2026-02-02T01:47:00Z,28.393,4.601,18.02,3197.0,0.412,21.0,1,0
2026-02-02T01:48:00Z,28.378,4.665,17.89,3195.5,0.4118,20.96,1,0
2026-02-02T01:49:00Z,28.411,4.717,17.5,3206.5,0.4225,21.03,1,0
2026-02-02T01:50:00Z,28.42,4.66,18.33,3205.2,0.4369,21.28,1,0
2026-02-02T01:51:00Z,28.365,4.661,17.79,3188.5,0.4221,20.96,1,0
2026-02-02T01:52:00Z,28.398,4.669,18.94,3190.0,0.4185,20.96,1,0
2026-02-02T01:53:00Z,28.381,4.671,17.81,3199.1,0.4302,21.04,1,0
2026-02-02T01:54:00Z,28.413,4.602,17.49,3192.0,0.4214,21.3,1,0
2026-02-02T01:55:00Z,28.401,4.633,17.81,3194.9,0.4154,20.84,1,0
2026-02-02T01:56:00Z,28.398,4.655,18.13,3198.2,0.4312,21.27,1,0
2026-02-02T01:57:00Z,28.426,4.588,18.09,3197.4,0.4135,21.02,1,0
2026-02-02T01:58:00Z,28.414,4.674,18.09,3195.5,0.4251,21.11,1,0
2026-02-02T01:59:00Z,28.41,4.633,17.54,3198.7,0.4141,20.72,1,0
2026-02-02T02:00:00Z,28.462,4.648,17.93,3194.2,0.4184,21.07,1,0
2026-02-02T02:01:00Z,28.396,4.619,17.82,3210.1,0.4179,21.01,1,0
2026-02-02T02:02:00Z,28.368,4.669,17.94,3204.3,0.4127,21.01,1,0
2026-02-02T02:03:00Z,28.429,4.681,17.71,3197.0,0.4161,21.07,1,0
2026-02-02T02:04:00Z,28.418,4.659,17.82,3213.1,0.4244,21.0,1,0
2026-02-02T02:05:00Z,28.403,4.603,18.17,3211.0,0.415,20.93,1,0
2026-02-02T02:06:00Z,28.397,4.614,18.17,3206.4,0.4183,21.24,1,0
2026-02-02T02:07:00Z,28.417,4.626,18.28,3212.0,0.4128,20.81,1,0
2026-02-02T02:08:00Z,28.417,4.68,18.51,3203.7,0.4323,21.08,1,0
2026-02-02T02:09:00Z,28.431,4.667,18.35,3195.5,0.417,20.9,1,0
2026-02-02T02:10:00Z,28.393,4.616,18.32,3197.5,0.4206,20.95,1,0
2026-02-02T02:11:00Z,28.425,4.677,18.13,3210.6,0.4228,21.22,1,0
2026-02-02T02:12:00Z,28.375,4.649,18.32,3197.1,0.4269,20.85,1,0
2026-02-02T02:13:00Z,28.378,4.663,17.71,3190.6,0.4224,21.01,1,0
2026-02-02T02:14:00Z,28.366,4.608,18.04,3200.4,0.43,21.21,1,0
2026-02-02T02:15:00Z,28.405,4.656,18.6,3197.2,0.4103,20.7,1,0
2026-02-02T02:16:00Z,28.408,4.662,18.18,3191.5,0.4276,20.97,1,0
2026-02-02T02:17:00Z,28.416,4.646,18.47,3191.2,0.4217,21.11,1,0
2026-02-02T02:18:00Z,28.384,4.656,18.34,3198.9,0.4188,21.13,1,0
2026-02-02T02:19:00Z,28.438,4.671,18.45,3209.1,0.419,21.19,1,0
2026-02-02T02:20:00Z,28.405,4.692,17.72,3205.7,0.4292,20.99,1,0
2026-02-02T02:21:00Z,26.818,4.882,-7.77,3202.6,0.4232,20.78,1,1
2026-02-02T02:22:00Z,26.78,4.982,-7.61,3199.8,0.4239,20.87,1,1
2026-02-02T02:23:00Z,26.788,4.894,-8.16,3194.1,0.4135,20.92,1,1
2026-02-02T02:24:00Z,26.819,4.918,-7.85,3202.0,0.4234,20.93,1,1
2026-02-02T02:25:00Z,26.788,4.969,-8.32,3195.9,0.4251,21.07,1,1
2026-02-02T02:26:00Z,26.804,4.955,-7.74,3203.2,0.4222,21.18,1,1
2026-02-02T02:27:00Z,26.827,4.918,-7.86,3204.2,0.4105,21.02,1,1
2026-02-02T02:28:00Z,26.779,4.91,-7.37,3202.4,0.4131,21.09,1,1
2026-02-02T02:29:00Z,26.772,4.897,-8.73,3211.0,0.4137,20.95,1,1
2026-02-02T02:30:00Z,26.755,5.006,-7.69,3195.4,0.4244,21.17,1,1
2026-02-02T02:31:00Z,26.787,4.966,-8.4,3192.1,0.4175,21.05,1,1
2026-02-02T02:32:00Z,26.77,4.953,-7.72,3204.7,0.4209,20.81,1,1
2026-02-02T02:33:00Z,26.792,4.931,-7.9,3201.7,0.4104,20.61,1,1
2026-02-02T02:34:00Z,26.816,4.944,-8.76,3212.3,0.4199,21.18,1,1
2026-02-02T02:35:00Z,26.813,4.912,-7.91,3192.5,0.4282,20.85,1,1
2026-02-02T02:36:00Z,26.775,4.989,-7.17,3191.4,0.4219,21.15,1,1
2026-02-02T02:37:00Z,26.782,4.963,-7.39,3201.8,0.4275,20.92,1,1
2026-02-02T02:38:00Z,26.803,5.005,-7.73,3200.3,0.4266,20.95,1,1
2026-02-02T02:39:00Z,26.802,4.961,-8.03,3201.2,0.4206,21.04,1,1
2026-02-02T02:40:00Z,26.781,4.92,-8.25,3200.8,0.4128,20.96,1,1
2026-02-02T02:41:00Z,26.758,4.963,-7.58,3200.5,0.4269,21.22,1,1
2026-02-02T02:42:00Z,26.848,4.943,-8.58,3200.2,0.4085,21.1,1,1
2026-02-02T02:43:00Z,26.78,4.956,-8.22,3196.3,0.4179,21.04,1,1
2026-02-02T02:44:00Z,26.79,4.975,-8.0,3194.0,0.4212,21.13,1,1
2026-02-02T02:45:00Z,26.784,4.944,-7.59,3204.1,0.4182,20.96,1,1
2026-02-02T02:46:00Z,26.831,4.94,-8.49,3197.3,0.4293,21.08,1,1
2026-02-02T02:47:00Z,26.778,4.907,-7.74,3198.3,0.4247,21.03,1,1
2026-02-02T02:48:00Z,26.823,4.965,-7.82,3207.3,0.4183,21.08,1,1
2026-02-02T02:49:00Z,26.752,4.902,-8.06,3200.3,0.4258,20.84,1,1
2026-02-02T02:50:00Z,26.822,4.966,-7.87,3192.3,0.4326,21.0,1,1
2026-02-02T02:51:00Z,26.805,4.946,-8.4,3195.4,0.4209,21.2,1,1
2026-02-02T02:52:00Z,26.807,4.955,-8.46,3196.1,0.4245,21.11,1,1
2026-02-02T02:53:00Z,26.776,4.964,-8.53,3201.5,0.4256,20.91,1,1
2026-02-02T02:54:00Z,26.798,4.892,-8.34,3205.4,0.4241,21.07,1,1
2026-02-02T02:55:00Z,28.378,4.656,18.59,3203.6,0.4237,21.26,1,0
2026-02-02T02:56:00Z,28.399,4.635,18.06,3200.7,0.4168,20.85,1,0
2026-02-02T02:57:00Z,28.438,4.685,17.85,3209.5,0.4188,21.0,1,0
2026-02-02T02:58:00Z,28.4,4.623,17.76,3203.6,0.4136,21.19,1,0
2026-02-02T02:59:00Z,28.397,4.671,17.4,3192.1,0.4121,21.05,1,0
2026-02-02T03:00:00Z,28.391,4.653,18.38,3197.0,0.4194,20.96,1,0
2026-02-02T03:01:00Z,28.407,4.658,17.81,3205.6,0.4132,20.95,1,0
2026-02-02T03:02:00Z,28.383,4.712,18.83,3198.3,0.4315,20.83,1,0
2026-02-02T03:03:00Z,28.393,4.678,17.8,3203.3,0.4132,20.93,1,0
2026-02-02T03:04:00Z,28.376,4.692,18.8,3202.1,0.4242,20.95,1,0
2026-02-02T03:05:00Z,28.408,4.657,18.97,3200.0,0.4212,21.09,1,0
2026-02-02T03:06:00Z,28.412,4.629,17.75,3198.5,0.4154,21.07,1,0
2026-02-02T03:07:00Z,28.396,4.656,18.42,3189.4,0.4231,21.16,1,0
2026-02-02T03:08:00Z,28.372,4.704,17.47,3195.9,0.4241,21.11,1,0
2026-02-02T03:09:00Z,28.389,4.623,18.13,3208.5,0.4251,20.89,1,0
2026-02-02T03:10:00Z,28.392,4.68,17.81,3196.4,0.4197,21.11,1,0
2026-02-02T03:11:00Z,28.396,4.561,18.07,3195.7,0.4218,20.66,1,0
2026-02-02T03:12:00Z,28.394,4.65,18.0,3198.3,0.4198,20.88,1,0
2026-02-02T03:13:00Z,28.383,4.683,17.34,3200.5,0.4133,21.07,1,0
2026-02-02T03:14:00Z,28.412,4.604,18.16,3188.7,0.42,20.97,1,0
2026-02-02T03:15:00Z,28.4,4.653,18.02,3197.2,0.417,21.01,1,0
2026-02-02T03:16:00Z,28.422,4.663,17.4,3190.0,0.4246,21.21,1,0
2026-02-02T03:17:00Z,28.407,4.644,18.14,3203.2,0.4087,20.92,1,0
2026-02-02T03:18:00Z,28.407,4.588,18.11,3207.5,0.4105,21.0,1,0
2026-02-02T03:19:00Z,28.438,4.669,17.89,3194.5,0.4145,21.16,1,0
2026-02-02T03:20:00Z,28.414,4.63,18.09,3207.0,0.4188,21.27,1,0
2026-02-02T03:21:00Z,28.395,4.632,17.87,3195.0,0.4264,21.01,1,0
2026-02-02T03:22:00Z,28.395,4.638,18.74,3206.8,0.4166,21.16,1,0
2026-02-02T03:23:00Z,28.402,4.595,17.8,3205.1,0.4266,21.26,1,0
2026-02-02T03:24:00Z,28.394,4.677,17.93,3190.1,0.429,21.37,1,0
2026-02-02T03:25:00Z,28.417,4.654,17.91,3201.5,0.4107,21.03,1,0
2026-02-02T03:26:00Z,28.414,4.665,17.84,3210.1,0.4161,21.03,1,0
2026-02-02T03:27:00Z,28.422,4.694,18.3,3188.1,0.4165,21.0,1,0
2026-02-02T03:28:00Z,28.413,4.599,17.24,3188.8,0.4256,21.17,1,0
2026-02-02T03:29:00Z,28.407,4.674,17.45,3192.0,0.4247,21.04,1,0
2026-02-02T03:30:00Z,28.423,4.702,18.16,3196.8,0.4188,21.06,1,0
2026-02-02T03:31:00Z,28.375,4.596,18.4,3203.3,0.4123,21.13,1,0
2026-02-02T03:32:00Z,28.413,4.62,18.07,3204.6,0.4191,20.99,1,0
2026-02-02T03:33:00Z,28.387,4.689,17.3,3204.2,0.4221,21.37,1,0
2026-02-02T03:34:00Z,28.382,4.631,18.53,3198.8,0.417,21.04,1,0
2026-02-02T03:35:00Z,28.375,4.666,18.65,3198.4,0.4167,21.17,1,0
2026-02-02T03:36:00Z,28.411,4.655,17.96,3196.5,0.4131,20.93,1,0
2026-02-02T03:37:00Z,28.415,4.616,18.33,3194.7,0.4243,20.97,1,0
2026-02-02T03:38:00Z,28.408,4.636,18.45,3209.5,0.434,20.98,1,0
2026-02-02T03:39:00Z,28.398,4.661,17.59,3204.4,0.42,21.21,1,0
2026-02-02T03:40:00Z,28.406,4.657,17.8,3194.9,0.4152,21.1,1,0
2026-02-02T03:41:00Z,28.373,4.639,18.0,3190.0,0.4267,20.99,1,0
2026-02-02T03:42:00Z,28.369,4.618,18.08,3184.8,0.4209,20.84,1,0
2026-02-02T03:43:00Z,28.367,4.686,18.24,3205.5,0.4172,21.25,1,0
2026-02-02T03:44:00Z,28.433,4.655,18.77,3201.7,0.4216,21.05,1,0
2026-02-02T03:45:00Z,28.381,4.604,17.93,3199.0,0.4147,21.03,1,0
2026-02-02T03:46:00Z,28.401,4.666,17.92,3196.9,0.4198,21.21,1,0
2026-02-02T03:47:00Z,28.4,4.627,17.91,3198.7,0.4198,20.95,1,0
2026-02-02T03:48:00Z,28.396,4.643,18.29,3193.4,0.4251,21.32,1,0
2026-02-02T03:49:00Z,28.407,4.646,17.66,3197.4,0.4156,20.87,1,0
2026-02-02T03:50:00Z,28.429,4.626,18.09,3205.3,0.4278,20.94,1,0
2026-02-02T03:51:00Z,28.431,4.649,18.81,3197.0,0.4083,21.17,1,0
2026-02-02T03:52:00Z,28.395,4.677,17.96,3190.6,0.4129,21.34,1,0
2026-02-02T03:53:00Z,28.427,4.648,17.74,3209.5,0.4267,20.91,1,0
2026-02-02T03:54:00Z,28.428,4.655,18.16,3193.8,0.4221,21.1,1,0
2026-02-02T03:55:00Z,28.362,4.662,17.53,3191.8,0.4202,20.99,1,0
2026-02-02T03:56:00Z,26.79,4.934,-7.73,3204.6,0.42,20.99,1,1
2026-02-02T03:57:00Z,26.81,4.999,-7.61,3190.1,0.4225,21.09,1,1
2026-02-02T03:58:00Z,26.804,4.918,-8.48,3200.6,0.4148,20.81,1,1
2026-02-02T03:59:00Z,26.763,4.987,-8.51,3198.9,0.4261,21.01,1,1
2026-02-02T04:00:00Z,26.822,4.969,-7.69,3196.1,0.4276,20.92,1,1
2026-02-02T04:01:00Z,26.819,4.95,-7.77,3187.4,0.4189,21.18,1,1
2026-02-02T04:02:00Z,26.805,4.959,-7.98,3196.6,0.4182,20.97,1,1
2026-02-02T04:03:00Z,26.811,4.938,-8.14,3194.9,0.4205,20.85,1,1
2026-02-02T04:04:00Z,26.809,4.964,-8.16,3202.9,0.4162,20.93,1,1
2026-02-02T04:05:00Z,26.778,4.956,-8.35,3209.5,0.4177,21.11,1,1
2026-02-02T04:06:00Z,26.825,4.973,-8.2,3205.5,0.4334,21.13,1,1
2026-02-02T04:07:00Z,26.838,4.971,-8.02,3197.0,0.4112,20.87,1,1
2026-02-02T04:08:00Z,26.813,4.98,-7.85,3213.1,0.4177,21.39,1,1
2026-02-02T04:09:00Z,26.815,4.911,-8.09,3201.5,0.4198,20.81,1,1
2026-02-02T04:10:00Z,26.82,4.964,-8.0,3195.5,0.4183,21.07,1,1
2026-02-02T04:11:00Z,26.815,4.955,-7.97,3196.0,0.4229,20.89,1,1
2026-02-02T04:12:00Z,26.774,4.935,-7.59,3198.7,0.4238,21.04,1,1
2026-02-02T04:13:00Z,26.777,4.959,-7.69,3191.8,0.4148,21.05,1,1
2026-02-02T04:14:00Z,26.786,4.952,-7.06,3196.8,0.4214,20.96,1,1
2026-02-02T04:15:00Z,26.816,4.964,-7.82,3207.8,0.4188,21.13,1,1
2026-02-02T04:16:00Z,26.783,4.972,-8.03,3197.7,0.4128,21.09,1,1
2026-02-02T04:17:00Z,26.787,4.937,-7.87,3199.5,0.4265,20.8,1,1
2026-02-02T04:18:00Z,26.786,4.928,-7.44,3201.3,0.4147,21.2,1,1
2026-02-02T04:19:00Z,26.769,4.948,-7.44,3194.2,0.4225,20.92,1,1
2026-02-02T04:20:00Z,26.763,5.008,-8.09,3206.0,0.4208,20.91,1,1
2026-02-02T04:21:00Z,26.814,4.965,-7.77,3197.9,0.415,21.01,1,1
2026-02-02T04:22:00Z,26.812,4.931,-7.64,3195.5,0.4228,21.03,1,1
2026-02-02T04:23:00Z,26.807,4.938,-7.75,3199.0,0.4206,20.89,1,1
2026-02-02T04:24:00Z,26.827,4.936,-8.38,3188.2,0.4193,20.86,1,1
2026-02-02T04:25:00Z,26.799,4.994,-7.75,3206.4,0.4113,20.89,1,1
2026-02-02T04:26:00Z,26.771,4.934,-8.08,3196.5,0.4165,21.41,1,1
2026-02-02T04:27:00Z,26.803,4.962,-7.84,3190.4,0.4161,21.01,1,1
2026-02-02T04:28:00Z,26.789,4.956,-8.13,3194.2,0.4148,20.85,1,1
2026-02-02T04:29:00Z,26.801,4.89,-8.55,3201.5,0.4286,21.19,1,1
2026-02-02T04:30:00Z,28.426,4.607,18.66,3197.4,0.4313,20.79,1,0
2026-02-02T04:31:00Z,28.392,4.728,18.37,3196.6,0.4228,20.86,1,0
2026-02-02T04:32:00Z,28.445,4.683,17.65,3198.5,0.4219,21.04,1,0
2026-02-02T04:33:00Z,28.39,4.632,17.39,3193.2,0.4234,21.14,1,0
2026-02-02T04:34:00Z,28.407,4.646,17.5,3201.6,0.4231,20.9,1,0
2026-02-02T04:35:00Z,28.405,4.713,18.89,3202.7,0.418,20.99,1,0
2026-02-02T04:36:00Z,28.401,4.658,17.46,3205.3,0.4068,21.04,1,0
2026-02-02T04:37:00Z,28.348,4.649,18.68,3207.4,0.4226,21.02,1,0
2026-02-02T04:38:00Z,28.399,4.638,17.6,3201.9,0.4292,21.05,1,0
2026-02-02T04:39:00Z,28.371,4.66,17.95,3202.5,0.4195,20.89,1,0
2026-02-02T04:40:00Z,28.366,4.691,17.64,3186.9,0.4237,20.83,1,0
2026-02-02T04:41:00Z,28.411,4.683,18.15,3202.2,0.4209,20.82,1,0
2026-02-02T04:42:00Z,28.415,4.668,18.02,3202.7,0.4226,21.08,1,0
2026-02-02T04:43:00Z,28.414,4.58,17.71,3203.0,0.4209,21.12,1,0
2026-02-02T04:44:00Z,28.405,4.636,18.93,3204.1,0.4187,21.24,1,0
2026-02-02T04:45:00Z,28.414,4.607,17.75,3199.0,0.4219,21.03,1,0
2026-02-02T04:46:00Z,28.396,4.66,18.17,3194.0,0.4161,20.91,1,0
2026-02-02T04:47:00Z,28.366,4.641,18.32,3193.7,0.4164,20.94,1,0
2026-02-02T04:48:00Z,28.377,4.661,18.02,3202.1,0.4195,21.09,1,0
2026-02-02T04:49:00Z,28.407,4.662,17.5,3194.9,0.4195,21.12,1,0
2026-02-02T04:50:00Z,28.401,4.628,17.96,3192.1,0.4193,21.06,1,0
2026-02-02T04:51:00Z,28.398,4.626,17.93,3190.3,0.4235,21.2,1,0
2026-02-02T04:52:00Z,28.431,4.633,17.95,3209.4,0.4206,20.83,1,0
2026-02-02T04:53:00Z,28.369,4.635,17.75,3190.6,0.4274,20.79,1,0
2026-02-02T04:54:00Z,28.414,4.623,18.73,3193.8,0.4242,20.88,1,0
2026-02-02T04:55:00Z,28.367,4.678,18.47,3203.5,0.4196,20.65,1,0
2026-02-02T04:56:00Z,28.382,4.696,17.97,3205.4,0.4279,21.22,1,0
2026-02-02T04:57:00Z,28.384,4.631,18.57,3212.5,0.4226,21.05,1,0
2026-02-02T04:58:00Z,28.386,4.727,18.51,3205.2,0.4147,20.89,1,0
2026-02-02T04:59:00Z,28.383,4.591,18.0,3205.8,0.4245,21.1,1,0
2026-02-02T05:00:00Z,28.441,4.657,17.99,3205.4,0.4196,20.8,1,0
2026-02-02T05:01:00Z,28.409,4.641,18.5,3203.2,0.4157,20.9,1,0
2026-02-02T05:02:00Z,28.394,4.652,17.45,3193.9,0.42,21.0,1,0
2026-02-02T05:03:00Z,28.425,4.63,17.74,3192.0,0.4168,21.05,1,0
2026-02-02T05:04:00Z,28.372,4.67,17.83,3198.6,0.4245,20.93,1,0
2026-02-02T05:05:00Z,28.391,4.621,17.73,3197.0,0.4185,21.19,1,0
2026-02-02T05:06:00Z,28.374,4.682,17.23,3201.4,0.4267,20.88,1,0
2026-02-02T05:07:00Z,28.42,4.629,18.58,3211.5,0.4207,21.07,1,0
2026-02-02T05:08:00Z,28.42,4.669,17.42,3193.7,0.4159,20.75,1,0
2026-02-02T05:09:00Z,28.36,4.642,17.08,3195.7,0.4171,20.97,1,0
2026-02-02T05:10:00Z,28.404,4.646,17.94,3197.3,0.4123,21.06,1,0
2026-02-02T05:11:00Z,28.372,4.699,18.37,3202.9,0.4153,20.99,1,0
2026-02-02T05:12:00Z,28.398,4.662,17.51,3199.4,0.4243,21.15,1,0
2026-02-02T05:13:00Z,28.409,4.646,18.53,3199.4,0.4226,20.9,1,0
2026-02-02T05:14:00Z,28.438,4.641,18.09,3210.8,0.4215,20.98,1,0
2026-02-02T05:15:00Z,28.405,4.646,17.61,3197.7,0.4081,21.01,1,0
2026-02-02T05:16:00Z,28.398,4.64,17.5,3202.2,0.4285,21.23,1,0
2026-02-02T05:17:00Z,28.366,4.658,18.18,3203.3,0.4182,20.74,1,0
2026-02-02T05:18:00Z,28.384,4.683,18.21,3201.4,0.4115,21.37,1,0
2026-02-02T05:19:00Z,28.402,4.633,17.9,3200.8,0.4199,20.96,1,0
2026-02-02T05:20:00Z,28.392,4.677,18.04,3216.4,0.4196,21.2,1,0
2026-02-02T05:21:00Z,28.424,4.685,18.48,3198.4,0.4228,21.06,1,0
2026-02-02T05:22:00Z,28.402,4.618,17.92,3199.5,0.418,20.98,1,0
2026-02-02T05:23:00Z,28.375,4.665,18.54,3204.0,0.4225,21.11,1,0
2026-02-02T05:24:00Z,28.381,4.667,17.47,3197.2,0.4203,20.97,1,0
2026-02-02T05:25:00Z,28.416,4.639,18.81,3198.3,0.4143,21.1,1,0
2026-02-02T05:26:00Z,28.411,4.603,18.48,3198.0,0.411,20.86,1,0
2026-02-02T05:27:00Z,28.428,4.644,18.08,3203.4,0.4213,21.01,1,0
2026-02-02T05:28:00Z,28.387,4.656,17.78,3189.2,0.4235,20.99,1,0
2026-02-02T05:29:00Z,28.367,4.637,17.65,3194.4,0.4178,21.01,1,0
2026-02-02T05:30:00Z,28.4,4.67,18.09,3189.2,0.4137,21.01,1,0
2026-02-02T05:31:00Z,26.788,4.959,-7.65,3200.3,0.4173,20.91,1,1
2026-02-02T05:32:00Z,26.788,4.988,-7.87,3202.1,0.4228,20.97,1,1
2026-02-02T05:33:00Z,26.804,4.961,-7.58,3195.7,0.4182,21.05,1,1
2026-02-02T05:34:00Z,26.807,4.948,-8.22,3205.0,0.4243,20.97,1,1
2026-02-02T05:35:00Z,26.794,4.966,-8.03,3206.5,0.42,21.28,1,1
2026-02-02T05:36:00Z,26.827,4.965,-8.27,3197.3,0.4169,21.0,1,1
2026-02-02T05:37:00Z,26.822,4.94,-7.93,3207.6,0.4153,21.0,1,1
2026-02-02T05:38:00Z,26.763,4.913,-7.4,3189.5,0.413,20.99,1,1
2026-02-02T05:39:00Z,26.794,4.975,-8.86,3205.0,0.4133,20.87,1,1
2026-02-02T05:40:00Z,26.773,4.965,-7.82,3207.2,0.4082,21.01,1,1
2026-02-02T05:41:00Z,26.794,4.958,-7.63,3187.5,0.4231,21.14,1,1
2026-02-02T05:42:00Z,26.793,4.954,-8.17,3203.9,0.422,21.06,1,1
2026-02-02T05:43:00Z,26.816,5.001,-8.51,3209.0,0.4235,21.03,1,1
2026-02-02T05:44:00Z,26.812,4.886,-8.18,3204.5,0.415,21.12,1,1
2026-02-02T05:45:00Z,26.812,5.001,-7.54,3202.0,0.4221,21.42,1,1
2026-02-02T05:46:00Z,26.785,4.921,-8.28,3203.3,0.4115,20.53,1,1
2026-02-02T05:47:00Z,26.769,4.947,-8.25,3212.3,0.42,21.08,1,1
2026-02-02T05:48:00Z,26.809,5.016,-7.67,3201.3,0.4037,21.25,1,1
2026-02-02T05:49:00Z,26.818,4.947,-8.37,3199.1,0.4199,20.85,1,1
2026-02-02T05:50:00Z,26.799,4.93,-7.9,3195.1,0.4089,21.05,1,1
2026-02-02T05:51:00Z,26.796,4.932,-7.63,3195.7,0.41,21.03,1,1
2026-02-02T05:52:00Z,26.82,4.939,-8.35,3202.6,0.4253,21.08,1,1
2026-02-02T05:53:00Z,26.814,4.973,-8.25,3194.4,0.4159,20.87,1,1
2026-02-02T05:54:00Z,26.819,4.998,-7.43,3208.7,0.4193,20.88,1,1
2026-02-02T05:55:00Z,26.787,4.959,-8.11,3200.5,0.4172,20.93,1,1
2026-02-02T05:56:00Z,26.793,4.949,-8.78,3192.3,0.4221,21.05,1,1
2026-02-02T05:57:00Z,26.828,4.997,-8.37,3198.8,0.4275,20.94,1,1
2026-02-02T05:58:00Z,26.79,4.942,-8.56,3199.9,0.4241,21.07,1,1
2026-02-02T05:59:00Z,26.817,4.969,-8.07,3189.6,0.4208,21.06,1,1
2026-02-02T06:00:00Z,26.789,4.934,-8.4,3203.8,0.4168,21.07,1,1
2026-02-02T06:01:00Z,26.797,4.981,-7.25,3193.0,0.4186,20.8,1,1
2026-02-02T06:02:00Z,26.835,4.938,-8.47,3199.8,0.4181,21.41,1,1
2026-02-02T06:03:00Z,26.807,4.983,-8.5,3199.9,0.4171,21.17,1,1
2026-02-02T06:04:00Z,26.809,4.955,-6.94,3211.6,0.4115,21.32,1,1
2026-02-02T06:05:00Z,28.371,4.688,17.93,3199.0,0.4196,20.91,1,0
2026-02-02T06:06:00Z,28.398,4.593,18.52,3197.4,0.4123,20.94,1,0
2026-02-02T06:07:00Z,28.397,4.703,18.34,3210.4,0.4166,20.99,1,0
2026-02-02T06:08:00Z,28.394,4.7,17.89,3201.8,0.42,20.87,1,0
2026-02-02T06:09:00Z,28.409,4.672,18.1,3197.9,0.4242,20.91,1,0
2026-02-02T06:10:00Z,28.417,4.703,18.01,3199.5,0.4218,21.1,1,0
2026-02-02T06:11:00Z,28.422,4.662,17.63,3187.9,0.4144,20.87,1,0
2026-02-02T06:12:00Z,28.371,4.656,18.1,3197.7,0.4137,21.06,1,0
2026-02-02T06:13:00Z,28.405,4.649,18.69,3198.0,0.4391,21.04,1,0
2026-02-02T06:14:00Z,28.42,4.626,17.34,3199.1,0.4088,21.22,1,0
2026-02-02T06:15:00Z,28.385,4.646,18.47,3208.7,0.4224,21.18,1,0
2026-02-02T06:16:00Z,28.413,4.619,18.06,3194.8,0.4183,21.11,1,0
2026-02-02T06:17:00Z,28.384,4.642,17.93,3196.3,0.4195,20.83,1,0
2026-02-02T06:18:00Z,28.382,4.687,17.8,3196.5,0.4221,20.93,1,0
2026-02-02T06:19:00Z,28.362,4.652,18.85,3191.7,0.4295,20.85,1,0
2026-02-02T06:20:00Z,28.394,4.63,18.37,3202.8,0.416,21.04,1,0
2026-02-02T06:21:00Z,28.4,4.674,17.44,3195.5,0.4086,20.94,1,0
2026-02-02T06:22:00Z,28.392,4.65,17.49,3184.8,0.4158,20.85,1,0
2026-02-02T06:23:00Z,28.379,4.637,17.71,3214.0,0.413,20.91,1,0
2026-02-02T06:24:00Z,28.389,4.678,18.61,3198.5,0.4236,20.82,1,0
2026-02-02T06:25:00Z,28.402,4.667,17.96,3211.4,0.413,21.03,1,0
2026-02-02T06:26:00Z,28.399,4.664,18.02,3206.6,0.4314,20.9,1,0
2026-02-02T06:27:00Z,28.387,4.668,17.85,3204.3,0.4121,20.93,1,0
2026-02-02T06:28:00Z,28.368,4.634,18.14,3202.8,0.4227,20.96,1,0
2026-02-02T06:29:00Z,28.412,4.66,18.11,3207.2,0.4176,21.08,1,0
2026-02-02T06:30:00Z,28.379,4.652,18.55,3206.1,0.4275,21.02,1,0
2026-02-02T06:31:00Z,28.428,4.647,18.04,3203.9,0.4252,20.85,1,0
2026-02-02T06:32:00Z,28.418,4.641,17.63,3203.0,0.4203,20.83,1,0
2026-02-02T06:33:00Z,28.405,4.645,18.64,3210.2,0.421,20.98,1,0
2026-02-02T06:34:00Z,28.407,4.618,18.66,3202.1,0.4197,21.0,1,0
2026-02-02T06:35:00Z,28.43,4.666,18.03,3205.7,0.4284,21.02,1,0
2026-02-02T06:36:00Z,28.412,4.762,17.96,3201.0,0.4221,20.83,1,0
2026-02-02T06:37:00Z,28.424,4.658,18.06,3203.0,0.4249,21.38,1,0
2026-02-02T06:38:00Z,28.35,4.68,18.1,3210.3,0.4219,21.02,1,0
2026-02-02T06:39:00Z,28.388,4.684,18.32,3205.9,0.417,20.96,1,0
2026-02-02T06:40:00Z,28.406,4.665,18.61,3200.3,0.4188,21.11,1,0
2026-02-02T06:41:00Z,28.406,4.692,18.47,3190.3,0.4231,21.13,1,0
2026-02-02T06:42:00Z,28.404,4.613,17.93,3206.2,0.4256,20.95,1,0
2026-02-02T06:43:00Z,28.387,4.635,18.03,3199.0,0.4221,21.05,1,0
2026-02-02T06:44:00Z,28.423,4.675,18.03,3205.7,0.4121,20.93,1,0
2026-02-02T06:45:00Z,28.352,4.608,19.02,3196.2,0.4202,20.93,1,0
2026-02-02T06:46:00Z,28.419,4.656,18.36,3209.8,0.4098,20.93,1,0
2026-02-02T06:47:00Z,28.402,4.628,17.65,3206.2,0.4228,20.85,1,0
2026-02-02T06:48:00Z,28.398,4.652,17.58,3209.3,0.4203,21.12,1,0
2026-02-02T06:49:00Z,28.395,4.637,17.86,3195.9,0.4216,21.03,1,0
2026-02-02T06:50:00Z,28.395,4.625,18.27,3209.0,0.4172,21.27,1,0
2026-02-02T06:51:00Z,28.395,4.65,18.4,3191.2,0.4064,21.04,1,0
2026-02-02T06:52:00Z,28.429,4.612,17.86,3205.7,0.413,21.25,1,0
2026-02-02T06:53:00Z,28.428,4.715,18.37,3192.5,0.4245,21.07,1,0
2026-02-02T06:54:00Z,28.384,4.688,17.74,3197.2,0.4169,20.93,1,0
2026-02-02T06:55:00Z,28.402,4.687,18.04,3200.0,0.4199,21.12,1,0
2026-02-02T06:56:00Z,28.446,4.649,18.29,3196.8,0.4165,20.82,1,0
2026-02-02T06:57:00Z,28.382,4.712,17.71,3195.2,0.4221,21.22,1,0
2026-02-02T06:58:00Z,28.376,4.662,17.79,3198.7,0.4078,20.9,1,0
2026-02-02T06:59:00Z,28.373,4.696,17.25,3200.1,0.4187,20.98,1,0
2026-02-02T07:00:00Z,28.411,4.649,17.58,3207.0,0.4241,21.04,1,0
2026-02-02T07:01:00Z,28.389,4.652,17.48,3201.0,0.4182,21.06,1,0
2026-02-02T07:02:00Z,28.396,4.693,18.13,3200.6,0.4112,20.78,1,0
2026-02-02T07:03:00Z,28.407,4.63,17.89,3209.7,0.4183,20.78,1,0
2026-02-02T07:04:00Z,28.364,4.61,17.71,3192.9,0.4235,20.58,1,0
2026-02-02T07:05:00Z,28.415,4.688,17.88,3216.4,0.424,20.82,1,0
2026-02-02T07:06:00Z,26.787,4.894,-8.6,3204.1,0.4207,20.9,1,1
2026-02-02T07:07:00Z,26.788,4.917,-7.61,3207.2,0.4072,21.05,1,1
2026-02-02T07:08:00Z,26.811,4.948,-8.53,3203.9,0.4178,20.85,1,1
2026-02-02T07:09:00Z,26.808,4.924,-7.86,3204.5,0.4215,20.93,1,1
2026-02-02T07:10:00Z,26.792,4.944,-8.08,3208.1,0.4234,21.06,1,1
2026-02-02T07:11:00Z,26.834,4.963,-7.76,3196.4,0.4218,21.1,1,1
2026-02-02T07:12:00Z,26.785,4.91,-7.97,3206.4,0.4149,20.9,1,1
2026-02-02T07:13:00Z,26.795,4.941,-8.21,3194.1,0.422,20.97,1,1
2026-02-02T07:14:00Z,26.805,4.952,-7.69,3195.1,0.4201,21.02,1,1
2026-02-02T07:15:00Z,26.831,5.017,-7.77,3209.0,0.4137,21.08,1,1
2026-02-02T07:16:00Z,26.825,4.946,-7.79,3190.0,0.4071,21.08,1,1
2026-02-02T07:17:00Z,26.79,4.926,-7.35,3203.5,0.4122,20.88,1,1
2026-02-02T07:18:00Z,26.778,4.984,-7.28,3193.1,0.424,21.03,1,1
2026-02-02T07:19:00Z,26.784,4.958,-7.92,3211.5,0.4295,21.01,1,1
2026-02-02T07:20:00Z,26.826,4.945,-8.34,3208.1,0.4264,20.81,1,1
2026-02-02T07:21:00Z,26.808,4.938,-8.03,3197.9,0.4251,20.86,1,1
2026-02-02T07:22:00Z,26.768,4.902,-8.34,3200.9,0.4229,21.03,1,1
2026-02-02T07:23:00Z,26.778,4.908,-8.54,3215.2,0.4281,20.8,1,1
2026-02-02T07:24:00Z,26.79,4.955,-7.47,3200.1,0.4247,21.2,1,1
2026-02-02T07:25:00Z,26.802,4.95,-7.57,3200.7,0.4269,20.85,1,1
2026-02-02T07:26:00Z,26.798,4.971,-8.25,3202.0,0.4174,21.17,1,1
2026-02-02T07:27:00Z,26.786,4.972,-7.72,3201.2,0.4211,21.08,1,1
2026-02-02T07:28:00Z,26.792,4.961,-7.78,3203.4,0.424,21.15,1,1
2026-02-02T07:29:00Z,26.816,4.914,-7.92,3201.6,0.4141,20.85,1,1
2026-02-02T07:30:00Z,26.811,4.969,-8.42,3199.0,0.4167,20.8,1,1
2026-02-02T07:31:00Z,26.78,4.908,-8.27,3201.4,0.418,20.72,1,1
2026-02-02T07:32:00Z,26.806,5.004,-7.69,3209.4,0.4243,21.0,1,1
2026-02-02T07:33:00Z,26.807,4.949,-7.55,3200.4,0.4259,20.85,1,1
2026-02-02T07:34:00Z,26.816,4.957,-7.49,3195.9,0.4149,21.02,1,1
2026-02-02T07:35:00Z,26.809,4.945,-8.21,3194.2,0.4155,20.95,1,1
2026-02-02T07:36:00Z,26.804,4.949,-8.51,3212.3,0.4157,21.3,1,1
2026-02-02T07:37:00Z,26.809,4.941,-8.41,3199.4,0.4098,20.96,1,1
2026-02-02T07:38:00Z,26.794,4.89,-7.96,3199.0,0.421,21.01,1,1
2026-02-02T07:39:00Z,26.826,4.965,-8.33,3199.7,0.4199,20.95,1,1
2026-02-02T07:40:00Z,28.375,4.655,17.99,3192.9,0.4253,20.84,1,0
2026-02-02T07:41:00Z,28.414,4.656,18.59,3198.8,0.4127,20.76,1,0
2026-02-02T07:42:00Z,28.405,4.632,17.79,3201.5,0.4207,20.85,1,0
2026-02-02T07:43:00Z,28.392,4.595,18.06,3197.4,0.412,21.09,1,0
2026-02-02T07:44:00Z,28.378,4.674,17.52,3198.7,0.4248,20.92,1,0
2026-02-02T07:45:00Z,28.405,4.687,18.08,3200.8,0.4198,20.94,1,0
2026-02-02T07:46:00Z,28.405,4.678,17.56,3199.3,0.4185,21.02,1,0
2026-02-02T07:47:00Z,28.411,4.681,17.61,3203.4,0.4235,20.82,1,0
2026-02-02T07:48:00Z,28.403,4.692,18.31,3186.4,0.4118,21.07,1,0
2026-02-02T07:49:00Z,28.408,4.61,18.05,3206.4,0.4151,21.03,1,0
2026-02-02T07:50:00Z,28.42,4.639,17.51,3204.1,0.4256,21.11,1,0
2026-02-02T07:51:00Z,28.421,4.7,17.81,3206.7,0.4185,21.15,1,0
2026-02-02T07:52:00Z,28.391,4.662,17.9,3212.2,0.4242,21.09,1,0
2026-02-02T07:53:00Z,28.368,4.666,17.49,3193.8,0.4287,21.08,1,0
2026-02-02T07:54:00Z,28.403,4.646,17.55,3205.3,0.427,20.92,1,0
2026-02-02T07:55:00Z,28.427,4.69,18.01,3196.2,0.4101,21.04,1,0
2026-02-02T07:56:00Z,28.389,4.658,17.97,3195.9,0.4235,21.1,1,0
2026-02-02T07:57:00Z,28.408,4.69,18.47,3198.0,0.4123,20.97,1,0
2026-02-02T07:58:00Z,28.408,4.691,17.81,3200.9,0.4146,20.98,1,0
2026-02-02T07:59:00Z,28.431,4.624,17.77,3194.4,0.4244,21.0,1,0
2026-02-02T08:00:00Z,28.401,4.604,17.65,3197.9,0.4232,21.03,1,0
2026-02-02T08:01:00Z,28.374,4.61,18.18,3196.8,0.4189,20.93,1,0
2026-02-02T08:02:00Z,28.432,4.597,17.72,3208.0,0.4101,20.89,1,0
2026-02-02T08:03:00Z,28.4,4.672,18.4,3208.8,0.4182,20.97,1,0
2026-02-02T08:04:00Z,28.386,4.659,17.97,3201.8,0.4164,20.74,1,0
2026-02-02T08:05:00Z,28.398,4.626,18.02,3198.7,0.4182,20.94,1,0
2026-02-02T08:06:00Z,28.421,4.608,17.84,3201.9,0.4108,21.12,1,0
2026-02-02T08:07:00Z,28.374,4.64,17.72,3202.4,0.4189,21.1,1,0
2026-02-02T08:08:00Z,28.434,4.664,18.63,3209.9,0.4174,20.83,1,0
2026-02-02T08:09:00Z,28.4,4.683,17.37,3211.6,0.4187,20.89,1,0
2026-02-02T08:10:00Z,28.356,4.664,17.72,3208.3,0.4208,21.23,1,0
2026-02-02T08:11:00Z,28.408,4.688,17.9,3198.2,0.4132,20.93,1,0
2026-02-02T08:12:00Z,28.401,4.642,18.23,3208.8,0.4297,21.11,1,0
2026-02-02T08:13:00Z,28.393,4.645,18.06,3192.8,0.4171,20.8,1,0
2026-02-02T08:14:00Z,28.409,4.654,18.77,3185.5,0.4131,20.97,1,0
2026-02-02T08:15:00Z,28.398,4.615,17.96,3199.4,0.4176,21.04,1,0
2026-02-02T08:16:00Z,28.365,4.668,17.36,3193.3,0.4221,21.11,1,0
2026-02-02T08:17:00Z,28.404,4.69,18.06,3201.7,0.4205,21.1,1,0
2026-02-02T08:18:00Z,28.365,4.688,18.28,3205.0,0.4193,20.98,1,0
2026-02-02T08:19:00Z,28.39,4.681,17.1,3192.6,0.4179,20.93,1,0
2026-02-02T08:20:00Z,28.386,4.67,17.76,3197.4,0.4227,21.06,1,0
2026-02-02T08:21:00Z,28.407,4.669,17.36,3201.4,0.4152,20.97,1,0
2026-02-02T08:22:00Z,28.389,4.654,18.0,3205.8,0.4257,21.06,1,0
2026-02-02T08:23:00Z,28.368,4.683,18.09,3198.7,0.421,21.06,1,0
2026-02-02T08:24:00Z,28.362,4.674,17.64,3195.5,0.4191,21.09,1,0
2026-02-02T08:25:00Z,28.4,4.667,18.29,3189.3,0.4157,20.97,1,0
2026-02-02T08:26:00Z,28.42,4.644,18.29,3200.4,0.4118,21.08,1,0
2026-02-02T08:27:00Z,28.421,4.607,17.74,3189.5,0.4222,21.04,1,0
2026-02-02T08:28:00Z,28.375,4.662,17.46,3187.8,0.4305,20.94,1,0
2026-02-02T08:29:00Z,28.379,4.65,18.01,3202.7,0.4113,20.97,1,0
2026-02-02T08:30:00Z,28.392,4.636,17.93,3189.5,0.4127,20.95,1,0
2026-02-02T08:31:00Z,28.385,4.655,18.52,3198.3,0.4283,21.37,1,0
2026-02-02T08:32:00Z,28.387,4.642,17.81,3204.6,0.4202,21.01,1,0
2026-02-02T08:33:00Z,28.369,4.635,17.9,3200.4,0.4144,20.75,1,0
2026-02-02T08:34:00Z,28.394,4.669,18.33,3205.0,0.42,21.03,1,0
2026-02-02T08:35:00Z,28.415,4.638,17.79,3199.9,0.4256,20.99,1,0
2026-02-02T08:36:00Z,28.435,4.67,18.35,3202.9,0.4284,20.76,1,0
2026-02-02T08:37:00Z,28.368,4.589,18.1,3200.9,0.4289,20.75,1,0
2026-02-02T08:38:00Z,28.45,4.6,17.97,3203.8,0.424,20.77,1,0
2026-02-02T08:39:00Z,28.389,4.726,17.95,3191.3,0.4271,20.89,1,0
2026-02-02T08:40:00Z,28.403,4.688,17.76,3198.7,0.421,20.92,1,0
2026-02-02T08:41:00Z,26.82,4.986,-8.52,3201.8,0.4082,20.79,1,1
2026-02-02T08:42:00Z,26.799,4.968,-8.18,3198.9,0.4271,21.04,1,1
2026-02-02T08:43:00Z,26.804,4.939,-7.76,3199.6,0.4235,21.15,1,1
2026-02-02T08:44:00Z,26.818,4.965,-8.08,3200.8,0.4186,20.92,1,1
2026-02-02T08:45:00Z,26.8,4.896,-8.08,3198.7,0.4182,21.17,1,1
2026-02-02T08:46:00Z,26.836,4.942,-7.35,3197.0,0.4294,21.04,1,1
2026-02-02T08:47:00Z,26.814,4.961,-7.99,3198.9,0.4178,20.78,1,1
2026-02-02T08:48:00Z,26.808,4.9,-7.96,3210.3,0.4212,21.03,1,1
2026-02-02T08:49:00Z,26.799,4.984,-7.44,3202.7,0.4363,21.25,1,1
2026-02-02T08:50:00Z,26.815,4.973,-8.57,3200.0,0.4136,20.81,1,1
2026-02-02T08:51:00Z,26.808,4.983,-8.42,3200.9,0.4224,21.21,1,1
2026-02-02T08:52:00Z,26.766,4.971,-7.49,3199.9,0.4113,20.96,1,1
2026-02-02T08:53:00Z,26.764,4.935,-8.15,3196.9,0.4234,21.47,1,1
2026-02-02T08:54:00Z,26.786,4.991,-8.45,3202.6,0.414,21.15,1,1
2026-02-02T08:55:00Z,26.831,4.972,-8.4,3193.3,0.4251,20.78,1,1
2026-02-02T08:56:00Z,26.807,4.945,-7.88,3193.3,0.4247,21.15,1,1
2026-02-02T08:57:00Z,26.808,4.954,-7.84,3199.1,0.4256,20.93,1,1
2026-02-02T08:58:00Z,26.817,5.0,-7.72,3202.3,0.4282,21.65,1,1
2026-02-02T08:59:00Z,26.811,4.973,-8.03,3209.5,0.4159,21.2,1,1
2026-02-02T09:00:00Z,26.807,4.91,-7.77,3195.2,0.4274,20.85,1,1
2026-02-02T09:01:00Z,26.779,4.952,-7.78,3192.4,0.4265,20.87,1,1
2026-02-02T09:02:00Z,26.793,4.943,-7.6,3197.3,0.427,21.31,1,1
2026-02-02T09:03:00Z,26.808,4.925,-8.55,3201.7,0.4194,20.95,1,1
2026-02-02T09:04:00Z,26.788,4.922,-7.79,3207.0,0.4226,21.03,1,1
2026-02-02T09:05:00Z,26.803,4.975,-8.03,3194.1,0.4123,21.18,1,1
2026-02-02T09:06:00Z,26.79,4.911,-7.33,3206.6,0.4219,21.17,1,1
2026-02-02T09:07:00Z,26.818,4.974,-8.3,3191.6,0.4166,20.94,1,1
2026-02-02T09:08:00Z,26.793,4.99,-7.76,3191.6,0.4179,20.7,1,1
2026-02-02T09:09:00Z,26.791,4.958,-8.14,3201.4,0.4098,20.79,1,1
2026-02-02T09:10:00Z,26.811,4.912,-7.69,3199.4,0.4221,20.68,1,1
2026-02-02T09:11:00Z,26.784,4.99,-7.92,3203.0,0.4175,20.91,1,1
2026-02-02T09:12:00Z,26.77,4.953,-8.01,3198.2,0.4137,20.99,1,1
2026-02-02T09:13:00Z,26.803,4.953,-8.23,3193.5,0.4103,21.2,1,1
2026-02-02T09:14:00Z,26.802,4.919,-8.68,3207.1,0.4139,20.86,1,1
2026-02-02T09:15:00Z,28.372,4.646,18.5,3203.3,0.4246,20.98,1,0
2026-02-02T09:16:00Z,28.35,4.654,17.78,3196.0,0.4132,20.9,1,0
2026-02-02T09:17:00Z,28.389,4.642,17.81,3187.8,0.4225,20.99,1,0
2026-02-02T09:18:00Z,28.388,4.597,18.71,3203.5,0.4244,20.93,1,0
2026-02-02T09:19:00Z,28.378,4.617,18.32,3198.6,0.417,20.9,1,0
2026-02-02T09:20:00Z,28.412,4.68,18.08,3201.3,0.4256,20.89,1,0
2026-02-02T09:21:00Z,28.397,4.67,18.42,3196.2,0.4293,20.85,1,0
2026-02-02T09:22:00Z,28.417,4.653,17.74,3190.8,0.4241,21.15,1,0
2026-02-02T09:23:00Z,28.398,4.698,18.49,3202.8,0.4179,21.03,1,0
2026-02-02T09:24:00Z,28.378,4.661,17.98,3189.1,0.4151,20.8,1,0
2026-02-02T09:25:00Z,28.412,4.643,18.46,3199.7,0.4271,20.98,1,0
2026-02-02T09:26:00Z,28.368,4.716,17.66,3203.3,0.4195,21.21,1,0
2026-02-02T09:27:00Z,28.418,4.629,18.1,3199.0,0.4204,21.03,1,0
2026-02-02T09:28:00Z,28.411,4.651,18.24,3201.9,0.42,21.01,1,0
2026-02-02T09:29:00Z,28.395,4.672,17.92,3199.4,0.4144,20.81,1,0
2026-02-02T09:30:00Z,28.426,4.683,17.8,3200.5,0.4164,20.84,1,0
2026-02-02T09:31:00Z,28.4,4.641,17.66,3198.7,0.418,20.88,1,0
2026-02-02T09:32:00Z,28.442,4.573,17.94,3206.7,0.4196,21.01,1,0
2026-02-02T09:33:00Z,28.414,4.682,17.74,3200.9,0.4184,20.96,1,0
2026-02-02T09:34:00Z,28.394,4.639,17.83,3194.9,0.4149,20.78,1,0
2026-02-02T09:35:00Z,28.426,4.643,17.91,3199.7,0.4163,20.99,1,0
2026-02-02T09:36:00Z,28.36,4.686,17.7,3193.0,0.4128,21.04,1,0
2026-02-02T09:37:00Z,28.405,4.629,18.57,3215.4,0.4173,21.12,1,0
2026-02-02T09:38:00Z,28.393,4.672,17.45,3193.8,0.4241,20.86,1,0
2026-02-02T09:39:00Z,28.39,4.673,17.57,3196.7,0.422,21.02,1,0
2026-02-02T09:40:00Z,28.375,4.685,18.18,3201.0,0.4193,21.14,1,0
2026-02-02T09:41:00Z,28.449,4.653,17.91,3211.2,0.423,20.76,1,0
2026-02-02T09:42:00Z,28.361,4.66,17.98,3204.6,0.4269,20.82,1,0
2026-02-02T09:43:00Z,28.395,4.699,17.39,3201.9,0.4233,21.05,1,0
2026-02-02T09:44:00Z,28.408,4.602,17.97,3199.9,0.4264,20.89,1,0
2026-02-02T09:45:00Z,28.388,4.634,17.61,3204.9,0.423,20.98,1,0
2026-02-02T09:46:00Z,28.372,4.63,17.35,3205.2,0.4216,21.09,1,0
2026-02-02T09:47:00Z,28.426,4.686,17.31,3197.4,0.4202,20.94,1,0
2026-02-02T09:48:00Z,28.403,4.682,18.41,3197.7,0.4143,20.97,1,0
2026-02-02T09:49:00Z,28.413,4.633,18.3,3206.0,0.4183,20.87,1,0
2026-02-02T09:50:00Z,28.388,4.682,17.64,3206.8,0.4261,20.79,1,0
2026-02-02T09:51:00Z,28.405,4.633,18.68,3196.0,0.4169,20.95,1,0
2026-02-02T09:52:00Z,28.413,4.654,18.31,3200.0,0.4163,20.9,1,0
2026-02-02T09:53:00Z,28.373,4.614,18.19,3196.8,0.4125,21.02,1,0
2026-02-02T09:54:00Z,28.399,4.705,19.09,3196.6,0.4292,21.06,1,0
2026-02-02T09:55:00Z,28.419,4.621,18.26,3201.9,0.4204,21.12,1,0
2026-02-02T09:56:00Z,28.399,4.675,18.21,3201.8,0.4174,20.99,1,0
2026-02-02T09:57:00Z,28.415,4.602,17.33,3196.5,0.4015,20.78,1,0
2026-02-02T09:58:00Z,28.434,4.606,17.62,3202.8,0.4218,21.0,1,0
2026-02-02T09:59:00Z,28.37,4.699,18.27,3197.0,0.4231,21.0,1,0
2026-02-02T10:00:00Z,28.412,4.635,18.22,3191.9,0.4149,21.3,1,0
2026-02-02T10:01:00Z,28.403,4.642,18.2,3193.5,0.421,20.87,1,0
2026-02-02T10:02:00Z,28.376,4.636,18.6,3194.3,0.4255,21.07,1,0
2026-02-02T10:03:00Z,28.366,4.69,17.2,3207.5,0.41,20.87,1,0
2026-02-02T10:04:00Z,28.394,4.65,18.04,3206.3,0.4151,21.13,1,0
2026-02-02T10:05:00Z,28.389,4.624,17.98,3203.3,0.4182,20.93,1,0
2026-02-02T10:06:00Z,28.368,4.59,17.92,3184.0,0.415,20.92,1,0
2026-02-02T10:07:00Z,28.377,4.627,17.8,3208.2,0.4188,21.12,1,0
2026-02-02T10:08:00Z,28.392,4.622,18.03,3188.7,0.4298,21.21,1,0
2026-02-02T10:09:00Z,28.408,4.624,18.31,3198.0,0.4295,20.68,1,0
2026-02-02T10:10:00Z,28.43,4.646,18.84,3200.2,0.4144,20.95,1,0
2026-02-02T10:11:00Z,28.425,4.65,17.88,3195.8,0.4318,20.95,1,0
2026-02-02T10:12:00Z,28.405,4.675,18.59,3199.9,0.4107,20.98,1,0
2026-02-02T10:13:00Z,28.413,4.66,17.97,3208.9,0.4083,20.89,1,0
2026-02-02T10:14:00Z,28.432,4.676,18.11,3193.7,0.4218,21.3,1,0
2026-02-02T10:15:00Z,28.395,4.677,17.89,3200.9,0.4227,21.28,1,0
2026-02-02T10:16:00Z,26.803,4.979,-8.44,3201.3,0.4206,20.74,1,1
2026-02-02T10:17:00Z,26.785,4.95,-7.13,3203.2,0.413,20.91,1,1
2026-02-02T10:18:00Z,26.811,4.937,-8.28,3200.9,0.4113,20.75,1,1
2026-02-02T10:19:00Z,26.805,5.016,-7.69,3201.7,0.4207,20.7,1,1
2026-02-02T10:20:00Z,26.801,5.005,-8.32,3191.5,0.4232,20.83,1,1
2026-02-02T10:21:00Z,26.772,4.971,-8.31,3198.5,0.4168,20.85,1,1
2026-02-02T10:22:00Z,26.81,4.941,-7.34,3199.6,0.4271,21.15,1,1
2026-02-02T10:23:00Z,26.78,4.889,-7.96,3204.7,0.4177,21.15,1,1
2026-02-02T10:24:00Z,26.781,4.919,-8.26,3203.1,0.417,21.07,1,1
2026-02-02T10:25:00Z,26.785,4.927,-7.95,3186.1,0.4129,21.22,1,1
2026-02-02T10:26:00Z,26.808,4.964,-8.06,3199.4,0.4244,21.14,1,1
2026-02-02T10:27:00Z,26.818,4.975,-7.68,3196.5,0.415,20.73,1,1
2026-02-02T10:28:00Z,26.83,4.932,-7.99,3195.3,0.4165,20.99,1,1
2026-02-02T10:29:00Z,26.797,4.942,-7.06,3201.6,0.4096,20.87,1,1
2026-02-02T10:30:00Z,26.818,4.961,-7.54,3193.1,0.4157,20.98,1,1
2026-02-02T10:31:00Z,26.831,4.979,-8.64,3202.7,0.4209,21.08,1,1
2026-02-02T10:32:00Z,26.776,4.975,-6.96,3206.1,0.4263,20.9,1,1
2026-02-02T10:33:00Z,26.794,4.95,-7.9,3203.2,0.4258,20.96,1,1
2026-02-02T10:34:00Z,26.815,4.978,-7.53,3200.8,0.422,20.98,1,1
2026-02-02T10:35:00Z,26.773,5.006,-8.36,3214.9,0.4113,21.02,1,1
2026-02-02T10:36:00Z,26.836,4.955,-7.57,3202.5,0.419,20.85,1,1
2026-02-02T10:37:00Z,26.814,4.95,-8.0,3205.6,0.4147,21.02,1,1
2026-02-02T10:38:00Z,26.821,4.948,-7.83,3206.3,0.4207,20.87,1,1
2026-02-02T10:39:00Z,26.811,4.981,-7.9,3205.7,0.4181,21.03,1,1
2026-02-02T10:40:00Z,26.842,4.961,-8.04,3194.0,0.4206,20.77,1,1
2026-02-02T10:41:00Z,26.808,4.923,-7.54,3204.7,0.4214,20.95,1,1
2026-02-02T10:42:00Z,26.826,4.996,-7.74,3198.9,0.4157,20.93,1,1
2026-02-02T10:43:00Z,26.82,4.956,-8.59,3197.0,0.4173,20.99,1,1
2026-02-02T10:44:00Z,26.789,4.989,-7.68,3205.4,0.4177,21.04,1,1
2026-02-02T10:45:00Z,26.842,4.946,-7.49,3201.7,0.4301,21.0,1,1
2026-02-02T10:46:00Z,26.834,4.896,-8.43,3192.1,0.4235,21.06,1,1
2026-02-02T10:47:00Z,26.8,4.901,-7.65,3201.1,0.4129,20.89,1,1
2026-02-02T10:48:00Z,26.768,4.91,-7.86,3197.8,0.4157,20.76,1,1
2026-02-02T10:49:00Z,26.782,4.848,-8.08,3213.8,0.4159,21.26,1,1
2026-02-02T10:50:00Z,28.414,4.612,17.48,3199.6,0.4283,20.93,1,0
2026-02-02T10:51:00Z,28.391,4.668,18.96,3202.8,0.4114,20.75,1,0
2026-02-02T10:52:00Z,28.405,4.715,18.01,3188.5,0.4193,20.98,1,0
2026-02-02T10:53:00Z,28.366,4.637,18.35,3190.0,0.4174,20.9,1,0
2026-02-02T10:54:00Z,28.448,4.623,18.35,3202.9,0.4241,21.04,1,0
2026-02-02T10:55:00Z,28.42,4.599,18.15,3196.9,0.4259,20.74,1,0
2026-02-02T10:56:00Z,28.409,4.617,18.05,3197.4,0.4095,21.08,1,0
2026-02-02T10:57:00Z,28.402,4.628,17.93,3194.2,0.4252,21.01,1,0
2026-02-02T10:58:00Z,28.385,4.659,18.28,3189.1,0.4188,20.91,1,0
2026-02-02T10:59:00Z,28.368,4.654,17.98,3199.9,0.4265,21.03,1,0
2026-02-02T11:00:00Z,28.408,4.647,17.81,3192.3,0.4165,21.25,1,0
2026-02-02T11:01:00Z,28.387,4.648,17.66,3202.5,0.4227,21.19,1,0
2026-02-02T11:02:00Z,28.367,4.708,18.35,3203.5,0.4314,21.35,1,0
2026-02-02T11:03:00Z,28.412,4.613,18.51,3200.7,0.4156,20.77,1,0
2026-02-02T11:04:00Z,28.392,4.63,18.53,3197.8,0.4233,21.0,1,0
2026-02-02T11:05:00Z,28.405,4.699,18.54,3195.8,0.4199,20.79,1,0
2026-02-02T11:06:00Z,28.397,4.647,18.12,3191.2,0.4209,20.79,1,0
2026-02-02T11:07:00Z,28.389,4.597,18.76,3206.5,0.4201,21.03,1,0
2026-02-02T11:08:00Z,28.405,4.626,17.84,3200.1,0.4233,21.13,1,0
2026-02-02T11:09:00Z,28.371,4.659,17.65,3195.5,0.4167,20.9,1,0
2026-02-02T11:10:00Z,28.381,4.672,17.35,3202.6,0.4217,20.89,1,0
2026-02-02T11:11:00Z,28.428,4.662,17.26,3197.6,0.428,21.23,1,0
2026-02-02T11:12:00Z,28.421,4.614,18.4,3213.9,0.417,21.3,1,0
2026-02-02T11:13:00Z,28.401,4.662,17.98,3205.2,0.4152,20.59,1,0
2026-02-02T11:14:00Z,28.388,4.627,17.22,3192.0,0.4288,21.16,1,0
2026-02-02T11:15:00Z,28.374,4.617,18.56,3198.4,0.4255,20.96,1,0
2026-02-02T11:16:00Z,28.412,4.654,17.62,3188.3,0.4208,20.7,1,0
2026-02-02T11:17:00Z,28.397,4.658,17.77,3198.7,0.4058,20.98,1,0
2026-02-02T11:18:00Z,28.384,4.677,17.4,3200.9,0.4229,21.24,1,0
2026-02-02T11:19:00Z,28.393,4.634,18.73,3214.1,0.4242,21.27,1,0
2026-02-02T11:20:00Z,28.417,4.6,18.0,3214.3,0.4126,21.06,1,0
2026-02-02T11:21:00Z,28.407,4.635,17.45,3198.5,0.4154,20.69,1,0
2026-02-02T11:22:00Z,28.395,4.668,18.22,3200.6,0.4202,20.81,1,0
2026-02-02T11:23:00Z,28.417,4.678,18.17,3197.1,0.422,21.22,1,0
2026-02-02T11:24:00Z,28.406,4.593,18.16,3198.9,0.4151,20.86,1,0
2026-02-02T11:25:00Z,28.389,4.639,18.17,3196.2,0.4235,20.93,1,0
2026-02-02T11:26:00Z,28.382,4.657,17.88,3205.0,0.4216,20.73,1,0
2026-02-02T11:27:00Z,28.383,4.628,17.58,3196.2,0.4229,20.83,1,0
2026-02-02T11:28:00Z,28.432,4.663,17.7,3197.1,0.422,20.97,1,0
2026-02-02T11:29:00Z,28.387,4.659,18.21,3204.3,0.4273,21.19,1,0
2026-02-02T11:30:00Z,28.39,4.639,17.88,3202.1,0.424,21.25,1,0
2026-02-02T11:31:00Z,28.384,4.661,17.73,3200.5,0.4231,21.07,1,0
2026-02-02T11:32:00Z,28.391,4.676,17.8,3199.9,0.4148,21.27,1,0
2026-02-02T11:33:00Z,28.411,4.629,18.01,3192.0,0.4216,20.67,1,0
2026-02-02T11:34:00Z,28.387,4.677,18.84,3200.8,0.4181,20.74,1,0
2026-02-02T11:35:00Z,28.398,4.59,17.9,3210.5,0.4201,21.01,1,0
2026-02-02T11:36:00Z,28.384,4.619,17.78,3204.6,0.4281,21.11,1,0
2026-02-02T11:37:00Z,28.383,4.662,17.94,3197.4,0.4169,21.06,1,0
2026-02-02T11:38:00Z,28.399,4.648,17.47,3201.5,0.4197,21.12,1,0
2026-02-02T11:39:00Z,28.437,4.659,18.36,3194.9,0.426,20.97,1,0
2026-02-02T11:40:00Z,28.414,4.649,16.99,3203.3,0.4201,21.05,1,0
2026-02-02T11:41:00Z,28.41,4.639,17.96,3190.5,0.4239,21.06,1,0
2026-02-02T11:42:00Z,28.424,4.691,17.8,3197.3,0.4145,20.98,1,0
2026-02-02T11:43:00Z,28.411,4.571,17.85,3214.1,0.4076,21.1,1,0
2026-02-02T11:44:00Z,28.375,4.615,18.0,3199.5,0.4215,21.39,1,0
2026-02-02T11:45:00Z,28.416,4.614,19.25,3205.2,0.4258,20.93,1,0
2026-02-02T11:46:00Z,28.403,4.656,18.01,3196.3,0.4194,21.24,1,0
2026-02-02T11:47:00Z,28.405,4.645,17.69,3188.6,0.4186,21.03,1,0
2026-02-02T11:48:00Z,28.382,4.667,18.71,3198.7,0.4224,21.05,1,0
2026-02-02T11:49:00Z,28.387,4.696,17.83,3212.7,0.4154,21.06,1,0
2026-02-02T11:50:00Z,28.402,4.639,17.95,3203.6,0.4077,20.61,1,0
2026-02-02T11:51:00Z,26.823,4.983,-8.34,3206.8,0.4201,21.04,1,1
2026-02-02T11:52:00Z,26.809,4.891,-7.66,3209.5,0.4299,21.25,1,1
2026-02-02T11:53:00Z,26.839,4.977,-8.28,3207.4,0.4178,21.24,1,1
2026-02-02T11:54:00Z,26.831,4.964,-7.86,3190.2,0.4359,20.89,1,1
2026-02-02T11:55:00Z,26.807,5.011,-7.83,3203.5,0.4233,21.17,1,1
2026-02-02T11:56:00Z,26.79,5.0,-7.18,3202.0,0.4256,21.17,1,1
2026-02-02T11:57:00Z,26.797,4.966,-8.13,3198.3,0.425,21.01,1,1
2026-02-02T11:58:00Z,26.797,4.923,-7.26,3200.0,0.4206,20.91,1,1
2026-02-02T11:59:00Z,26.786,4.969,-8.25,3214.0,0.4195,21.07,1,1
2026-02-02T12:00:00Z,26.78,4.998,-8.25,3204.1,0.4153,21.12,1,1
2026-02-02T12:01:00Z,26.789,4.968,-8.44,3198.1,0.4217,21.03,1,1
2026-02-02T12:02:00Z,26.802,4.937,-7.64,3201.3,0.4192,20.95,1,1
2026-02-02T12:03:00Z,26.808,4.931,-8.35,3200.2,0.4213,20.96,1,1
2026-02-02T12:04:00Z,26.793,4.908,-7.67,3199.8,0.4209,20.95,1,1
2026-02-02T12:05:00Z,26.799,4.946,-7.58,3202.2,0.418,20.79,1,1
2026-02-02T12:06:00Z,26.798,4.933,-7.85,3197.2,0.422,21.0,1,1
2026-02-02T12:07:00Z,26.812,4.952,-7.78,3202.9,0.4182,20.93,1,1
2026-02-02T12:08:00Z,26.784,4.954,-8.01,3203.1,0.4268,20.91,1,1
2026-02-02T12:09:00Z,26.817,4.971,-8.25,3211.4,0.4239,20.83,1,1
2026-02-02T12:10:00Z,26.764,4.951,-8.76,3195.5,0.4138,20.93,1,1
2026-02-02T12:11:00Z,26.794,4.976,-8.42,3198.0,0.428,20.9,1,1
2026-02-02T12:12:00Z,26.799,4.919,-7.27,3205.2,0.4149,21.09,1,1
2026-02-02T12:13:00Z,26.837,4.961,-7.54,3186.6,0.4259,20.84,1,1
2026-02-02T12:14:00Z,26.839,4.914,-7.99,3208.0,0.4298,20.92,1,1
2026-02-02T12:15:00Z,26.841,4.945,-7.92,3195.6,0.4167,21.07,1,1
2026-02-02T12:16:00Z,26.818,4.999,-8.32,3198.0,0.412,21.27,1,1
2026-02-02T12:17:00Z,26.787,4.913,-7.99,3197.0,0.4131,20.82,1,1
2026-02-02T12:18:00Z,26.761,4.913,-8.66,3206.3,0.4165,20.87,1,1
2026-02-02T12:19:00Z,26.803,4.967,-8.19,3198.7,0.4228,21.13,1,1
2026-02-02T12:20:00Z,26.797,4.912,-7.45,3195.0,0.4421,21.06,1,1
2026-02-02T12:21:00Z,26.804,4.916,-7.8,3205.9,0.4295,20.72,1,1
2026-02-02T12:22:00Z,26.793,4.983,-8.0,3189.8,0.4357,21.09,1,1
2026-02-02T12:23:00Z,26.818,4.939,-7.73,3209.2,0.4199,21.14,1,1
2026-02-02T12:24:00Z,26.766,4.901,-7.82,3199.5,0.4299,21.02,1,1
2026-02-02T12:25:00Z,28.387,4.698,17.37,3192.2,0.4217,20.87,1,0
2026-02-02T12:26:00Z,28.384,4.63,17.76,3184.8,0.4232,20.85,1,0
2026-02-02T12:27:00Z,28.406,4.623,17.48,3189.9,0.4145,21.08,1,0
2026-02-02T12:28:00Z,28.353,4.617,18.09,3200.7,0.4204,20.89,1,0
2026-02-02T12:29:00Z,28.39,4.613,17.5,3202.2,0.4199,21.0,1,0
2026-02-02T12:30:00Z,28.41,4.637,18.44,3194.9,0.4157,21.07,1,0
2026-02-02T12:31:00Z,28.396,4.595,18.14,3198.9,0.4172,21.06,1,0
2026-02-02T12:32:00Z,28.405,4.655,17.59,3201.9,0.4192,20.87,1,0
2026-02-02T12:33:00Z,28.376,4.659,18.1,3197.0,0.4106,21.12,1,0
2026-02-02T12:34:00Z,28.43,4.661,18.43,3202.9,0.4231,21.22,1,0
2026-02-02T12:35:00Z,28.385,4.641,17.9,3204.1,0.4191,21.25,1,0
2026-02-02T12:36:00Z,28.38,4.649,18.44,3195.5,0.4241,20.52,1,0
2026-02-02T12:37:00Z,28.426,4.67,17.63,3198.3,0.4154,20.95,1,0
2026-02-02T12:38:00Z,28.364,4.638,18.28,3203.4,0.4169,20.99,1,0
2026-02-02T12:39:00Z,28.379,4.598,18.01,3208.3,0.4265,21.09,1,0
2026-02-02T12:40:00Z,28.39,4.647,18.18,3193.4,0.4156,21.04,1,0
2026-02-02T12:41:00Z,28.398,4.626,18.06,3212.6,0.4083,20.88,1,0
2026-02-02T12:42:00Z,28.372,4.675,17.92,3203.7,0.4199,20.78,1,0
2026-02-02T12:43:00Z,28.442,4.676,18.05,3197.6,0.4201,20.75,1,0
2026-02-02T12:44:00Z,28.369,4.636,17.64,3199.8,0.4216,20.78,1,0
2026-02-02T12:45:00Z,28.431,4.639,17.46,3197.4,0.4208,21.14,1,0
2026-02-02T12:46:00Z,28.394,4.676,17.43,3201.7,0.417,20.96,1,0
2026-02-02T12:47:00Z,28.383,4.665,17.89,3208.0,0.4147,21.07,1,0
2026-02-02T12:48:00Z,28.417,4.602,17.76,3207.0,0.4156,21.09,1,0
2026-02-02T12:49:00Z,28.415,4.682,17.48,3201.2,0.4198,21.07,1,0
2026-02-02T12:50:00Z,28.422,4.691,17.15,3200.0,0.4225,20.94,1,0
2026-02-02T12:51:00Z,28.428,4.672,18.1,3193.5,0.4184,21.11,1,0
2026-02-02T12:52:00Z,28.425,4.626,18.26,3200.8,0.413,20.76,1,0
2026-02-02T12:53:00Z,28.432,4.662,18.8,3196.8,0.4247,20.8,1,0
2026-02-02T12:54:00Z,28.411,4.717,18.14,3196.1,0.4151,21.11,1,0
2026-02-02T12:55:00Z,28.377,4.659,17.77,3198.6,0.4246,20.94,1,0
2026-02-02T12:56:00Z,28.411,4.621,17.38,3196.1,0.428,21.16,1,0
2026-02-02T12:57:00Z,28.395,4.643,18.62,3198.1,0.4165,21.01,1,0
2026-02-02T12:58:00Z,28.393,4.661,18.17,3193.0,0.427,21.03,1,0
2026-02-02T12:59:00Z,28.41,4.646,18.5,3198.6,0.4211,21.12,1,0
2026-02-02T13:00:00Z,28.382,4.675,18.19,3198.2,0.4316,21.26,1,0
2026-02-02T13:01:00Z,28.411,4.641,18.23,3201.4,0.421,21.04,1,0
2026-02-02T13:02:00Z,28.418,4.689,17.79,3208.5,0.4272,20.82,1,0
2026-02-02T13:03:00Z,28.391,4.669,18.43,3214.4,0.4248,20.93,1,0
2026-02-02T13:04:00Z,28.4,4.627,17.11,3197.1,0.4061,20.87,1,0
2026-02-02T13:05:00Z,28.43,4.638,18.26,3203.5,0.424,20.88,1,0
2026-02-02T13:06:00Z,28.391,4.642,17.51,3195.5,0.4206,20.93,1,0
2026-02-02T13:07:00Z,28.417,4.667,18.41,3210.1,0.4284,21.27,1,0
2026-02-02T13:08:00Z,28.378,4.58,17.99,3192.3,0.4311,21.42,1,0
2026-02-02T13:09:00Z,28.406,4.666,18.36,3187.7,0.4287,21.27,1,0
2026-02-02T13:10:00Z,28.391,4.664,18.09,3208.4,0.4201,20.98,1,0
2026-02-02T13:11:00Z,28.403,4.616,17.86,3212.9,0.4038,20.83,1,0
2026-02-02T13:12:00Z,28.361,4.66,18.1,3200.3,0.4171,21.11,1,0
2026-02-02T13:13:00Z,28.4,4.688,18.46,3194.8,0.4193,20.97,1,0
2026-02-02T13:14:00Z,28.386,4.662,17.5,3188.0,0.4238,20.92,1,0
2026-02-02T13:15:00Z,28.397,4.633,18.46,3207.4,0.4216,20.8,1,0
2026-02-02T13:16:00Z,28.402,4.652,17.9,3200.4,0.4153,21.08,1,0
2026-02-02T13:17:00Z,28.384,4.668,18.2,3208.7,0.4267,20.82,1,0
2026-02-02T13:18:00Z,28.419,4.597,17.77,3203.0,0.4208,21.13,1,0
2026-02-02T13:19:00Z,28.377,4.673,17.37,3197.9,0.4202,21.3,1,0
2026-02-02T13:20:00Z,28.39,4.671,18.08,3202.6,0.4264,20.97,1,0
2026-02-02T13:21:00Z,28.376,4.574,18.11,3201.2,0.4118,21.06,1,0
2026-02-02T13:22:00Z,28.378,4.714,18.42,3212.1,0.4181,20.84,1,0
2026-02-02T13:23:00Z,28.385,4.635,18.18,3205.6,0.4128,21.03,1,0
2026-02-02T13:24:00Z,28.439,4.653,17.8,3198.6,0.4252,21.12,1,0
2026-02-02T13:25:00Z,28.424,4.641,18.02,3191.3,0.4095,21.17,1,0
2026-02-02T13:26:00Z,26.799,4.947,-8.21,3201.5,0.4225,20.78,1,1
2026-02-02T13:27:00Z,26.816,4.956,-8.33,3195.0,0.4262,20.77,1,1
2026-02-02T13:28:00Z,26.808,4.927,-8.05,3191.8,0.4168,20.91,1,1
2026-02-02T13:29:00Z,26.8,5.002,-8.21,3192.1,0.4074,21.16,1,1
2026-02-02T13:30:00Z,26.798,5.041,-7.7,3199.4,0.413,20.9,1,1
2026-02-02T13:31:00Z,26.817,4.92,-8.11,3195.2,0.4119,21.03,1,1
2026-02-02T13:32:00Z,26.807,4.95,-7.76,3205.3,0.4337,20.89,1,1
2026-02-02T13:33:00Z,26.804,4.959,-8.1,3201.9,0.4251,20.98,1,1
2026-02-02T13:34:00Z,26.779,4.92,-7.95,3193.5,0.4165,20.93,1,1
2026-02-02T13:35:00Z,26.788,4.889,-8.4,3197.8,0.4254,20.75,1,1
2026-02-02T13:36:00Z,26.82,4.995,-8.0,3197.0,0.4255,20.83,1,1
2026-02-02T13:37:00Z,26.793,4.963,-8.02,3191.7,0.4254,21.17,1,1
2026-02-02T13:38:00Z,26.809,4.962,-8.44,3199.9,0.4203,21.17,1,1
2026-02-02T13:39:00Z,26.807,4.941,-7.68,3210.5,0.4317,21.29,1,1
2026-02-02T13:40:00Z,26.789,4.928,-8.0,3197.7,0.4157,20.97,1,1
2026-02-02T13:41:00Z,26.771,4.923,-7.53,3190.3,0.4148,21.02,1,1
2026-02-02T13:42:00Z,26.812,4.979,-7.91,3205.6,0.4164,21.13,1,1
2026-02-02T13:43:00Z,26.824,4.875,-8.08,3202.1,0.4136,20.94,1,1
2026-02-02T13:44:00Z,26.822,4.977,-7.66,3199.0,0.4167,21.02,1,1
2026-02-02T13:45:00Z,26.837,4.954,-8.63,3204.5,0.4254,20.95,1,1
2026-02-02T13:46:00Z,26.817,4.982,-8.41,3192.8,0.4145,21.22,1,1
2026-02-02T13:47:00Z,26.814,4.962,-7.01,3193.2,0.4054,20.95,1,1
2026-02-02T13:48:00Z,26.81,4.937,-8.51,3199.6,0.425,21.33,1,1
2026-02-02T13:49:00Z,26.796,5.006,-7.32,3195.0,0.4279,21.0,1,1
2026-02-02T13:50:00Z,26.808,4.928,-7.64,3204.1,0.4206,21.06,1,1
2026-02-02T13:51:00Z,26.809,4.977,-8.41,3212.2,0.4139,21.05,1,1
2026-02-02T13:52:00Z,26.774,4.919,-8.83,3202.2,0.4275,21.24,1,1
2026-02-02T13:53:00Z,26.775,4.927,-7.61,3196.9,0.4116,21.27,1,1
2026-02-02T13:54:00Z,26.761,4.97,-7.96,3203.3,0.427,21.03,1,1
2026-02-02T13:55:00Z,26.83,4.89,-8.68,3199.6,0.4195,21.09,1,1
2026-02-02T13:56:00Z,26.76,4.998,-7.13,3192.2,0.4133,21.03,1,1
2026-02-02T13:57:00Z,26.8,4.961,-7.76,3198.7,0.4138,20.94,1,1
2026-02-02T13:58:00Z,26.796,4.93,-8.17,3193.3,0.4157,20.92,1,1
2026-02-02T13:59:00Z,26.832,4.98,-7.9,3202.9,0.4149,20.96,1,1
2026-02-02T14:00:00Z,28.386,4.707,17.97,3190.9,0.4106,21.06,1,0
2026-02-02T14:01:00Z,28.408,4.597,17.72,3191.7,0.4235,20.98,1,0
2026-02-02T14:02:00Z,28.392,4.684,18.36,3208.5,0.4272,21.03,1,0
2026-02-02T14:03:00Z,28.401,4.646,18.38,3203.1,0.4207,21.13,1,0
2026-02-02T14:04:00Z,28.445,4.604,18.58,3196.4,0.4167,21.0,1,0
2026-02-02T14:05:00Z,28.411,4.64,18.02,3195.1,0.4195,21.11,1,0
2026-02-02T14:06:00Z,28.426,4.66,18.63,3201.0,0.4127,20.66,1,0
2026-02-02T14:07:00Z,28.446,4.584,17.67,3201.3,0.4096,21.07,1,0
2026-02-02T14:08:00Z,28.4,4.623,17.96,3196.1,0.4317,21.08,1,0
2026-02-02T14:09:00Z,28.379,4.707,18.11,3216.4,0.4256,20.88,1,0
2026-02-02T14:10:00Z,28.383,4.63,17.78,3199.2,0.413,21.29,1,0
2026-02-02T14:11:00Z,28.382,4.669,17.96,3204.6,0.4177,21.0,1,0
2026-02-02T14:12:00Z,28.395,4.615,18.27,3190.7,0.412,21.19,1,0
2026-02-02T14:13:00Z,28.399,4.677,17.98,3197.6,0.4124,20.71,1,0
2026-02-02T14:14:00Z,28.411,4.671,18.09,3201.3,0.4161,21.18,1,0
2026-02-02T14:15:00Z,28.404,4.676,17.99,3209.8,0.4171,21.12,1,0
2026-02-02T14:16:00Z,28.439,4.677,18.02,3201.3,0.4265,20.7,1,0
2026-02-02T14:17:00Z,28.399,4.702,18.01,3206.3,0.4177,20.86,1,0
2026-02-02T14:18:00Z,28.424,4.633,18.01,3187.1,0.4236,20.86,1,0
2026-02-02T14:19:00Z,28.37,4.651,18.0,3194.3,0.4179,21.06,1,0
2026-02-02T14:20:00Z,28.411,4.585,17.83,3207.2,0.4238,21.18,1,0
2026-02-02T14:21:00Z,28.393,4.601,17.66,3192.7,0.4297,20.89,1,0
2026-02-02T14:22:00Z,28.398,4.672,17.78,3212.9,0.4167,21.0,1,0
2026-02-02T14:23:00Z,28.384,4.601,17.71,3194.4,0.4179,21.33,1,0
2026-02-02T14:24:00Z,28.379,4.673,18.26,3208.6,0.4234,21.01,1,0
2026-02-02T14:25:00Z,28.418,4.62,17.83,3209.7,0.4227,21.13,1,0
2026-02-02T14:26:00Z,28.385,4.623,18.64,3199.5,0.415,21.11,1,0
2026-02-02T14:27:00Z,28.403,4.647,18.65,3202.3,0.4183,21.1,1,0
2026-02-02T14:28:00Z,28.396,4.677,18.47,3203.0,0.4201,20.99,1,0
2026-02-02T14:29:00Z,28.379,4.595,18.58,3206.4,0.4168,21.03,1,0
2026-02-02T14:30:00Z,28.373,4.598,18.49,3205.7,0.4235,20.81,1,0
2026-02-02T14:31:00Z,28.415,4.622,17.67,3194.4,0.416,21.21,1,0
2026-02-02T14:32:00Z,28.403,4.638,17.96,3201.7,0.4202,21.07,1,0
2026-02-02T14:33:00Z,28.378,4.679,17.94,3196.5,0.4176,21.07,1,0
2026-02-02T14:34:00Z,28.385,4.606,17.59,3199.7,0.4196,20.87,1,0
2026-02-02T14:35:00Z,28.373,4.626,18.57,3206.3,0.4212,21.15,1,0
2026-02-02T14:36:00Z,28.402,4.661,18.36,3201.7,0.42,20.84,1,0
2026-02-02T14:37:00Z,28.378,4.62,17.84,3188.3,0.4074,20.97,1,0
2026-02-02T14:38:00Z,28.415,4.665,17.76,3203.6,0.4244,20.97,1,0
2026-02-02T14:39:00Z,28.372,4.661,17.75,3188.7,0.4107,20.86,1,0
2026-02-02T14:40:00Z,28.392,4.689,17.42,3199.3,0.4068,20.98,1,0
2026-02-02T14:41:00Z,28.361,4.661,18.65,3201.9,0.421,20.82,1,0
2026-02-02T14:42:00Z,28.394,4.643,17.87,3198.7,0.4131,21.0,1,0
2026-02-02T14:43:00Z,28.371,4.624,17.85,3203.4,0.4269,20.94,1,0
2026-02-02T14:44:00Z,28.433,4.667,17.9,3193.9,0.4101,20.97,1,0
2026-02-02T14:45:00Z,28.43,4.647,17.8,3199.3,0.4315,21.13,1,0
2026-02-02T14:46:00Z,28.41,4.595,18.49,3198.2,0.4217,21.05,1,0
2026-02-02T14:47:00Z,28.39,4.611,18.26,3194.8,0.4284,21.14,1,0
2026-02-02T14:48:00Z,28.386,4.662,18.34,3200.2,0.4327,21.04,1,0
2026-02-02T14:49:00Z,28.395,4.64,18.18,3192.0,0.427,20.85,1,0
2026-02-02T14:50:00Z,28.415,4.633,18.31,3202.8,0.4227,20.87,1,0
2026-02-02T14:51:00Z,28.407,4.618,18.2,3199.0,0.4234,21.01,1,0
2026-02-02T14:52:00Z,28.4,4.636,17.82,3199.0,0.4266,20.98,1,0
2026-02-02T14:53:00Z,28.4,4.655,18.26,3203.9,0.4222,20.92,1,0
2026-02-02T14:54:00Z,28.394,4.638,19.17,3202.3,0.4158,20.82,1,0
2026-02-02T14:55:00Z,28.4,4.616,17.77,3194.5,0.4187,20.77,1,0
2026-02-02T14:56:00Z,28.426,4.64,17.42,3203.1,0.4176,21.15,1,0
2026-02-02T14:57:00Z,28.381,4.658,18.59,3204.1,0.4177,21.08,1,0
2026-02-02T14:58:00Z,28.433,4.633,18.27,3205.9,0.4076,20.76,1,0
2026-02-02T14:59:00Z,28.385,4.655,17.35,3196.7,0.4273,21.18,1,0
2026-02-02T15:00:00Z,28.382,4.654,16.89,3209.6,0.4216,21.05,1,0
2026-02-02T15:01:00Z,26.804,4.993,-8.03,3195.6,0.4191,20.73,1,1
2026-02-02T15:02:00Z,26.79,4.951,-8.82,3209.0,0.4146,21.1,1,1
2026-02-02T15:03:00Z,26.786,4.976,-7.88,3195.1,0.4161,21.1,1,1
2026-02-02T15:04:00Z,26.781,4.896,-8.33,3197.3,0.4173,20.73,1,1
2026-02-02T15:05:00Z,26.817,4.959,-7.68,3196.8,0.4205,21.1,1,1
2026-02-02T15:06:00Z,26.822,4.979,-8.28,3210.9,0.4267,20.64,1,1
2026-02-02T15:07:00Z,26.808,4.947,-8.07,3197.4,0.4158,20.92,1,1
2026-02-02T15:08:00Z,26.795,4.936,-7.82,3191.1,0.4172,20.9,1,1
2026-02-02T15:09:00Z,26.758,4.917,-7.48,3207.8,0.4285,20.93,1,1
2026-02-02T15:10:00Z,26.798,4.923,-7.49,3204.7,0.4213,20.99,1,1
2026-02-02T15:11:00Z,26.787,4.95,-7.93,3199.6,0.4259,21.15,1,1
2026-02-02T15:12:00Z,26.818,4.925,-7.08,3192.4,0.4302,20.87,1,1
2026-02-02T15:13:00Z,26.804,4.881,-8.24,3200.9,0.4312,20.93,1,1
2026-02-02T15:14:00Z,26.822,4.99,-7.79,3201.8,0.4204,21.08,1,1
2026-02-02T15:15:00Z,26.812,4.937,-7.2,3197.7,0.4197,21.06,1,1
2026-02-02T15:16:00Z,26.783,4.995,-7.93,3199.7,0.4127,21.27,1,1
2026-02-02T15:17:00Z,26.808,4.994,-8.36,3190.1,0.4146,20.77,1,1
2026-02-02T15:18:00Z,26.815,4.943,-7.89,3204.0,0.4171,21.11,1,1
2026-02-02T15:19:00Z,26.838,4.995,-7.62,3197.1,0.4185,21.15,1,1
2026-02-02T15:20:00Z,26.781,4.966,-7.34,3199.6,0.4065,21.16,1,1
2026-02-02T15:21:00Z,26.83,4.935,-7.3,3212.2,0.4157,21.02,1,1
2026-02-02T15:22:00Z,26.747,4.962,-7.64,3210.9,0.4195,21.03,1,1
2026-02-02T15:23:00Z,26.806,4.934,-7.41,3199.6,0.4258,21.26,1,1
2026-02-02T15:24:00Z,26.867,4.94,-8.29,3213.6,0.424,21.05,1,1
2026-02-02T15:25:00Z,26.826,4.936,-7.92,3202.2,0.4134,20.78,1,1
2026-02-02T15:26:00Z,26.779,4.97,-7.93,3211.5,0.4148,20.96,1,1
2026-02-02T15:27:00Z,26.814,4.869,-8.1,3187.6,0.4252,21.14,1,1
2026-02-02T15:28:00Z,26.811,4.956,-8.3,3202.9,0.4189,21.09,1,1
2026-02-02T15:29:00Z,26.787,4.923,-8.09,3206.0,0.4192,21.27,1,1
2026-02-02T15:30:00Z,26.796,4.99,-7.99,3193.0,0.4185,20.81,1,1
2026-02-02T15:31:00Z,26.784,4.956,-7.21,3198.6,0.4101,21.05,1,1
2026-02-02T15:32:00Z,26.799,4.943,-7.28,3194.3,0.4241,21.05,1,1
2026-02-02T15:33:00Z,26.822,4.993,-7.87,3203.8,0.4215,20.94,1,1
2026-02-02T15:34:00Z,26.816,4.978,-7.49,3201.0,0.4158,21.04,1,1
2026-02-02T15:35:00Z,28.425,4.684,18.01,3199.6,0.4209,20.97,1,0
2026-02-02T15:36:00Z,28.431,4.703,17.83,3210.0,0.4405,21.05,1,0
2026-02-02T15:37:00Z,28.412,4.618,17.75,3201.4,0.4128,21.26,1,0
2026-02-02T15:38:00Z,28.363,4.658,18.38,3196.0,0.4212,21.03,1,0
2026-02-02T15:39:00Z,28.378,4.722,18.34,3207.5,0.4249,21.05,1,0
2026-02-02T15:40:00Z,28.371,4.647,18.44,3197.6,0.4204,20.99,1,0
2026-02-02T15:41:00Z,28.385,4.615,17.54,3195.8,0.4142,21.09,1,0
2026-02-02T15:42:00Z,28.389,4.634,17.68,3187.8,0.4202,20.98,1,0
2026-02-02T15:43:00Z,28.39,4.646,17.63,3195.9,0.423,20.86,1,0
2026-02-02T15:44:00Z,28.412,4.629,18.13,3203.8,0.417,21.15,1,0
2026-02-02T15:45:00Z,28.404,4.695,18.38,3196.0,0.4322,20.87,1,0
2026-02-02T15:46:00Z,28.405,4.66,18.33,3197.9,0.4217,21.28,1,0
2026-02-02T15:47:00Z,28.386,4.678,17.22,3192.9,0.4156,20.84,1,0
2026-02-02T15:48:00Z,28.423,4.581,17.8,3200.3,0.4303,21.14,1,0
2026-02-02T15:49:00Z,28.405,4.645,18.08,3204.2,0.4186,20.75,1,0
2026-02-02T15:50:00Z,28.402,4.7,18.58,3198.8,0.4232,20.93,1,0
2026-02-02T15:51:00Z,28.4,4.705,18.23,3206.9,0.4252,20.9,1,0
2026-02-02T15:52:00Z,28.395,4.643,17.34,3192.2,0.4122,21.08,1,0
2026-02-02T15:53:00Z,28.409,4.657,17.04,3220.6,0.4273,21.32,1,0
2026-02-02T15:54:00Z,28.4,4.684,17.48,3207.6,0.4154,21.06,1,0
2026-02-02T15:55:00Z,28.415,4.647,18.48,3195.1,0.4172,21.25,1,0
2026-02-02T15:56:00Z,28.451,4.672,17.76,3201.4,0.4111,20.91,1,0
2026-02-02T15:57:00Z,28.4,4.619,17.5,3197.4,0.4164,20.9,1,0
2026-02-02T15:58:00Z,28.397,4.627,18.06,3198.6,0.4192,21.12,1,0
2026-02-02T15:59:00Z,28.405,4.652,17.6,3200.5,0.4198,20.9,1,0
2026-02-02T16:00:00Z,28.362,4.633,18.4,3191.7,0.4276,21.08,1,0
2026-02-02T16:01:00Z,28.41,4.628,18.71,3205.6,0.4255,20.91,1,0
2026-02-02T16:02:00Z,28.408,4.611,18.29,3203.8,0.4165,20.97,1,0
2026-02-02T16:03:00Z,28.394,4.673,17.33,3200.4,0.4143,20.94,1,0
2026-02-02T16:04:00Z,28.389,4.715,17.9,3198.3,0.4132,21.06,1,0
2026-02-02T16:05:00Z,28.385,4.646,19.22,3203.9,0.4174,20.87,1,0
2026-02-02T16:06:00Z,28.353,4.669,18.19,3193.5,0.4171,21.08,1,0
2026-02-02T16:07:00Z,28.372,4.613,17.87,3204.0,0.4226,20.84,1,0
2026-02-02T16:08:00Z,28.415,4.638,17.68,3204.1,0.4177,20.92,1,0
2026-02-02T16:09:00Z,28.399,4.599,18.46,3203.9,0.4188,20.9,1,0
2026-02-02T16:10:00Z,28.386,4.672,18.14,3202.1,0.4226,20.66,1,0
2026-02-02T16:11:00Z,28.374,4.597,18.48,3205.2,0.4193,21.16,1,0
2026-02-02T16:12:00Z,28.36,4.662,18.66,3186.4,0.4173,20.98,1,0
2026-02-02T16:13:00Z,28.411,4.635,18.21,3200.4,0.4241,20.62,1,0
2026-02-02T16:14:00Z,28.412,4.66,17.83,3203.2,0.4271,21.18,1,0
2026-02-02T16:15:00Z,28.386,4.655,18.19,3195.9,0.4254,20.83,1,0
2026-02-02T16:16:00Z,28.409,4.682,17.96,3199.3,0.4159,20.89,1,0
2026-02-02T16:17:00Z,28.423,4.664,18.01,3202.5,0.4248,21.0,1,0
2026-02-02T16:18:00Z,28.399,4.661,17.49,3196.9,0.4213,21.14,1,0
2026-02-02T16:19:00Z,28.431,4.688,17.8,3208.8,0.4289,21.25,1,0
2026-02-02T16:20:00Z,28.356,4.655,18.47,3199.7,0.4238,21.04,1,0
2026-02-02T16:21:00Z,28.417,4.639,17.87,3199.7,0.4176,21.24,1,0
2026-02-02T16:22:00Z,28.403,4.689,18.42,3200.6,0.4308,20.75,1,0
2026-02-02T16:23:00Z,28.422,4.67,17.97,3197.3,0.4236,21.12,1,0
2026-02-02T16:24:00Z,28.42,4.647,17.46,3205.9,0.4289,20.99,1,0
2026-02-02T16:25:00Z,28.384,4.649,17.86,3194.6,0.4114,21.09,1,0
2026-02-02T16:26:00Z,28.393,4.629,17.37,3212.9,0.4173,20.95,1,0
2026-02-02T16:27:00Z,28.378,4.621,18.38,3196.8,0.4248,20.95,1,0
2026-02-02T16:28:00Z,28.399,4.631,17.67,3212.6,0.4169,20.96,1,0
2026-02-02T16:29:00Z,28.42,4.658,18.18,3193.9,0.4197,20.91,1,0
2026-02-02T16:30:00Z,28.409,4.631,17.68,3191.6,0.4284,20.77,1,0
2026-02-02T16:31:00Z,28.377,4.677,18.25,3199.9,0.4145,21.04,1,0
2026-02-02T16:32:00Z,28.426,4.635,17.53,3194.9,0.4209,21.0,1,0
2026-02-02T16:33:00Z,28.358,4.668,17.95,3205.8,0.4146,20.89,1,0
2026-02-02T16:34:00Z,28.387,4.626,17.88,3204.8,0.4234,20.97,1,0
2026-02-02T16:35:00Z,28.377,4.706,18.56,3195.6,0.4144,21.08,1,0
2026-02-02T16:36:00Z,26.824,4.935,-7.98,3199.1,0.4126,21.02,1,1
2026-02-02T16:37:00Z,26.776,4.955,-7.77,3198.0,0.4072,20.76,1,1
2026-02-02T16:38:00Z,26.785,4.957,-7.52,3189.0,0.418,21.01,1,1
2026-02-02T16:39:00Z,26.804,4.955,-7.7,3200.5,0.421,20.91,1,1
2026-02-02T16:40:00Z,26.816,4.931,-7.9,3205.9,0.4199,21.31,1,1
2026-02-02T16:41:00Z,26.793,4.952,-8.07,3206.0,0.4204,21.05,1,1
2026-02-02T16:42:00Z,26.783,4.921,-8.24,3202.3,0.4285,20.79,1,1
2026-02-02T16:43:00Z,26.805,4.959,-8.15,3199.9,0.4301,20.9,1,1
2026-02-02T16:44:00Z,26.803,4.985,-8.23,3201.0,0.4112,21.2,1,1
2026-02-02T16:45:00Z,26.819,4.924,-8.01,3207.8,0.4216,21.09,1,1
2026-02-02T16:46:00Z,26.823,4.945,-7.41,3200.4,0.4248,20.87,1,1
2026-02-02T16:47:00Z,26.786,4.922,-7.34,3192.1,0.4172,20.93,1,1
2026-02-02T16:48:00Z,26.808,4.96,-8.62,3203.2,0.4197,20.8,1,1
2026-02-02T16:49:00Z,26.797,4.973,-8.14,3194.9,0.4201,20.84,1,1
2026-02-02T16:50:00Z,26.8,4.973,-8.17,3208.7,0.4092,20.74,1,1
2026-02-02T16:51:00Z,26.802,4.916,-7.65,3202.0,0.4172,21.1,1,1
2026-02-02T16:52:00Z,26.771,4.973,-7.59,3198.7,0.4185,20.94,1,1
2026-02-02T16:53:00Z,26.804,4.946,-8.43,3200.1,0.4232,20.9,1,1
2026-02-02T16:54:00Z,26.78,4.949,-7.53,3198.0,0.4242,20.98,1,1
2026-02-02T16:55:00Z,26.794,4.966,-8.6,3196.0,0.42,20.83,1,1
2026-02-02T16:56:00Z,26.813,4.935,-7.79,3199.4,0.4341,21.1,1,1
2026-02-02T16:57:00Z,26.769,4.953,-8.65,3189.9,0.4204,20.96,1,1
2026-02-02T16:58:00Z,26.761,4.908,-8.5,3196.6,0.4181,20.93,1,1
2026-02-02T16:59:00Z,26.786,4.934,-7.89,3210.4,0.4184,21.08,1,1
2026-02-02T17:00:00Z,26.758,4.941,-7.66,3209.6,0.4199,21.08,1,1
2026-02-02T17:01:00Z,26.786,4.933,-8.13,3202.3,0.4147,21.21,1,1
2026-02-02T17:02:00Z,26.799,4.957,-7.89,3195.5,0.413,21.13,1,1
2026-02-02T17:03:00Z,26.799,4.899,-7.62,3202.7,0.4198,21.16,1,1
2026-02-02T17:04:00Z,26.826,4.904,-8.22,3215.4,0.418,21.09,1,1
2026-02-02T17:05:00Z,26.831,4.934,-8.3,3193.3,0.4273,21.01,1,1
2026-02-02T17:06:00Z,26.764,4.921,-8.07,3194.2,0.4324,20.69,1,1
2026-02-02T17:07:00Z,26.807,4.975,-8.24,3206.7,0.4182,20.72,1,1
2026-02-02T17:08:00Z,26.788,4.932,-8.34,3202.8,0.4061,20.84,1,1
2026-02-02T17:09:00Z,26.771,4.91,-7.1,3202.8,0.4144,20.67,1,1
2026-02-02T17:10:00Z,28.41,4.678,18.2,3196.1,0.4248,21.22,1,0
2026-02-02T17:11:00Z,28.373,4.679,17.75,3196.9,0.4253,21.12,1,0
2026-02-02T17:12:00Z,28.389,4.719,18.13,3199.6,0.4207,20.71,1,0
2026-02-02T17:13:00Z,28.392,4.692,17.65,3202.1,0.4153,21.15,1,0
2026-02-02T17:14:00Z,28.378,4.678,18.7,3200.5,0.4213,20.94,1,0
2026-02-02T17:15:00Z,28.41,4.645,18.07,3203.0,0.4226,21.1,1,0
2026-02-02T17:16:00Z,28.41,4.645,17.73,3200.7,0.4195,21.03,1,0
2026-02-02T17:17:00Z,28.409,4.615,17.54,3197.9,0.4285,21.26,1,0
2026-02-02T17:18:00Z,28.369,4.64,17.88,3212.5,0.417,21.2,1,0
2026-02-02T17:19:00Z,28.402,4.652,17.91,3193.4,0.4277,21.13,1,0
2026-02-02T17:20:00Z,28.355,4.659,17.13,3204.5,0.4253,20.91,1,0
2026-02-02T17:21:00Z,28.435,4.679,18.06,3198.4,0.4291,21.0,1,0
2026-02-02T17:22:00Z,28.399,4.671,17.42,3200.2,0.419,20.93,1,0
2026-02-02T17:23:00Z,28.41,4.707,17.51,3208.2,0.4208,20.82,1,0
2026-02-02T17:24:00Z,28.391,4.637,18.13,3200.6,0.4129,20.91,1,0
2026-02-02T17:25:00Z,28.401,4.617,17.51,3209.8,0.4229,21.09,1,0
2026-02-02T17:26:00Z,28.394,4.697,17.92,3198.5,0.4273,20.89,1,0
2026-02-02T17:27:00Z,28.407,4.597,17.85,3199.5,0.417,20.76,1,0
2026-02-02T17:28:00Z,28.383,4.639,18.32,3205.7,0.4182,21.22,1,0
2026-02-02T17:29:00Z,28.402,4.671,17.83,3201.9,0.4172,21.25,1,0
2026-02-02T17:30:00Z,28.394,4.655,17.74,3206.7,0.4151,20.91,1,0
2026-02-02T17:31:00Z,28.379,4.654,18.29,3204.1,0.4224,21.02,1,0
2026-02-02T17:32:00Z,28.446,4.621,18.43,3192.7,0.4171,21.1,1,0
2026-02-02T17:33:00Z,28.389,4.665,17.83,3197.8,0.423,21.01,1,0
2026-02-02T17:34:00Z,28.431,4.601,17.64,3196.8,0.4212,21.08,1,0
2026-02-02T17:35:00Z,28.402,4.618,17.96,3192.3,0.4239,21.13,1,0
2026-02-02T17:36:00Z,28.393,4.629,17.77,3208.1,0.4154,21.01,1,0
2026-02-02T17:37:00Z,28.407,4.625,17.94,3195.5,0.4223,20.78,1,0
2026-02-02T17:38:00Z,28.386,4.666,18.08,3201.0,0.4271,21.05,1,0
2026-02-02T17:39:00Z,28.406,4.623,18.35,3201.2,0.4191,20.97,1,0
2026-02-02T17:40:00Z,28.405,4.685,17.75,3194.2,0.4266,20.91,1,0
2026-02-02T17:41:00Z,28.388,4.68,18.42,3208.3,0.4158,21.11,1,0
2026-02-02T17:42:00Z,28.403,4.622,18.33,3198.6,0.4166,21.29,1,0
2026-02-02T17:43:00Z,28.435,4.698,17.22,3205.6,0.4116,21.02,1,0
2026-02-02T17:44:00Z,28.364,4.696,18.61,3188.3,0.4217,20.98,1,0
2026-02-02T17:45:00Z,28.413,4.612,17.73,3203.1,0.4255,20.97,1,0
2026-02-02T17:46:00Z,28.413,4.624,18.17,3193.1,0.4228,20.61,1,0
2026-02-02T17:47:00Z,28.377,4.658,18.48,3193.5,0.4175,20.87,1,0
2026-02-02T17:48:00Z,28.389,4.656,18.42,3203.5,0.4239,20.84,1,0
2026-02-02T17:49:00Z,28.423,4.625,18.26,3203.4,0.4298,20.97,1,0
2026-02-02T17:50:00Z,28.368,4.643,17.95,3203.2,0.4251,21.28,1,0
2026-02-02T17:51:00Z,28.42,4.697,17.92,3209.2,0.4265,20.91,1,0
2026-02-02T17:52:00Z,28.379,4.577,17.55,3199.7,0.4131,20.99,1,0
2026-02-02T17:53:00Z,28.402,4.691,18.07,3206.3,0.4206,20.95,1,0
2026-02-02T17:54:00Z,28.404,4.659,17.96,3198.4,0.4151,20.9,1,0
2026-02-02T17:55:00Z,28.427,4.578,18.4,3198.4,0.4179,20.97,1,0
2026-02-02T17:56:00Z,28.41,4.646,17.93,3193.0,0.4197,21.01,1,0
2026-02-02T17:57:00Z,28.432,4.683,17.97,3204.0,0.416,20.85,1,0
2026-02-02T17:58:00Z,28.412,4.65,17.72,3209.1,0.415,20.97,1,0
2026-02-02T17:59:00Z,28.406,4.617,18.41,3211.5,0.4127,21.16,1,0
2026-02-02T18:00:00Z,28.398,4.608,18.73,3206.3,0.4052,21.02,1,0
2026-02-02T18:01:00Z,28.387,4.644,18.14,3202.8,0.4178,21.39,1,0
2026-02-02T18:02:00Z,28.393,4.632,17.37,3202.7,0.4137,21.09,1,0
2026-02-02T18:03:00Z,28.408,4.676,17.96,3210.9,0.4331,21.26,1,0
2026-02-02T18:04:00Z,28.391,4.6,17.97,3198.0,0.4234,20.89,1,0
2026-02-02T18:05:00Z,28.424,4.613,18.11,3196.3,0.4252,20.92,1,0
2026-02-02T18:06:00Z,28.41,4.657,17.68,3211.5,0.4088,21.01,1,0
2026-02-02T18:07:00Z,28.421,4.664,17.98,3196.8,0.4141,21.12,1,0
2026-02-02T18:08:00Z,28.428,4.61,18.2,3203.7,0.4283,21.03,1,0
2026-02-02T18:09:00Z,28.388,4.627,18.38,3200.4,0.4232,20.81,1,0
2026-02-02T18:10:00Z,28.405,4.627,18.07,3197.3,0.4155,20.83,1,0
2026-02-02T18:11:00Z,26.786,4.956,-7.77,3196.0,0.4251,20.85,1,1
2026-02-02T18:12:00Z,26.821,4.974,-8.24,3196.9,0.4281,21.18,1,1
2026-02-02T18:13:00Z,26.792,4.972,-7.35,3196.9,0.4157,20.78,1,1
2026-02-02T18:14:00Z,26.82,4.95,-7.79,3202.9,0.4177,21.12,1,1
2026-02-02T18:15:00Z,26.783,4.951,-8.13,3193.8,0.4116,20.68,1,1
2026-02-02T18:16:00Z,26.814,4.949,-8.82,3197.3,0.4176,20.6,1,1
2026-02-02T18:17:00Z,26.777,4.974,-8.36,3196.4,0.4259,21.1,1,1
2026-02-02T18:18:00Z,26.857,4.936,-7.8,3200.4,0.4133,21.14,1,1
2026-02-02T18:19:00Z,26.821,4.89,-8.22,3200.7,0.4332,20.99,1,1
2026-02-02T18:20:00Z,26.78,4.938,-8.32,3199.1,0.4213,20.88,1,1
2026-02-02T18:21:00Z,26.798,5.021,-8.45,3190.9,0.4233,20.8,1,1
2026-02-02T18:22:00Z,26.784,4.96,-8.23,3196.0,0.4177,20.94,1,1
2026-02-02T18:23:00Z,26.738,4.892,-8.35,3199.9,0.4144,21.06,1,1
2026-02-02T18:24:00Z,26.79,4.942,-7.49,3202.0,0.4201,20.82,1,1
2026-02-02T18:25:00Z,26.816,4.964,-7.16,3194.8,0.4178,20.91,1,1
2026-02-02T18:26:00Z,26.811,4.946,-8.03,3193.7,0.4151,21.23,1,1
2026-02-02T18:27:00Z,26.778,4.94,-9.17,3197.8,0.4345,21.28,1,1
2026-02-02T18:28:00Z,26.787,4.959,-8.15,3191.3,0.4172,21.16,1,1
2026-02-02T18:29:00Z,26.781,4.982,-8.44,3193.1,0.4111,21.28,1,1
2026-02-02T18:30:00Z,26.784,4.935,-7.9,3203.9,0.4229,21.12,1,1
2026-02-02T18:31:00Z,26.791,4.967,-8.24,3193.5,0.4157,20.98,1,1
2026-02-02T18:32:00Z,26.746,4.925,-8.31,3198.4,0.4205,21.21,1,1
2026-02-02T18:33:00Z,26.768,4.931,-8.89,3196.4,0.4223,21.15,1,1
2026-02-02T18:34:00Z,26.813,4.923,-7.74,3224.0,0.4202,20.87,1,1
2026-02-02T18:35:00Z,26.772,5.007,-7.6,3194.9,0.4218,20.95,1,1
2026-02-02T18:36:00Z,26.803,4.97,-8.26,3196.7,0.4178,20.82,1,1
2026-02-02T18:37:00Z,26.783,4.96,-8.07,3201.8,0.4216,21.26,1,1
2026-02-02T18:38:00Z,26.789,4.885,-7.93,3196.8,0.4291,21.12,1,1
2026-02-02T18:39:00Z,26.76,4.94,-8.29,3205.5,0.4158,21.07,1,1
2026-02-02T18:40:00Z,26.824,4.901,-8.03,3207.6,0.4231,21.0,1,1
2026-02-02T18:41:00Z,26.799,5.02,-7.76,3200.7,0.4198,21.31,1,1
2026-02-02T18:42:00Z,26.78,4.942,-8.38,3203.1,0.4186,20.94,1,1
2026-02-02T18:43:00Z,26.8,4.944,-8.08,3201.0,0.4278,21.09,1,1
2026-02-02T18:44:00Z,26.803,4.973,-8.11,3201.2,0.4202,21.06,1,1
2026-02-02T18:45:00Z,28.409,4.729,17.95,3199.4,0.4101,21.23,1,0
2026-02-02T18:46:00Z,28.401,4.639,18.6,3208.5,0.4098,21.2,1,0
2026-02-02T18:47:00Z,28.391,4.627,17.06,3197.2,0.4198,21.24,1,0
2026-02-02T18:48:00Z,28.365,4.681,18.25,3208.0,0.4207,20.9,1,0
2026-02-02T18:49:00Z,28.38,4.618,17.98,3210.2,0.4212,20.85,1,0
2026-02-02T18:50:00Z,28.398,4.681,17.79,3197.7,0.421,20.92,1,0
2026-02-02T18:51:00Z,28.399,4.68,17.88,3203.8,0.4098,21.2,1,0
2026-02-02T18:52:00Z,28.385,4.684,17.76,3199.1,0.4149,20.75,1,0
2026-02-02T18:53:00Z,28.416,4.604,17.49,3200.9,0.4205,20.92,1,0
2026-02-02T18:54:00Z,28.379,4.651,17.88,3195.5,0.419,21.02,1,0
2026-02-02T18:55:00Z,28.429,4.67,17.99,3201.3,0.4261,21.11,1,0
2026-02-02T18:56:00Z,28.37,4.616,17.95,3201.2,0.4203,21.07,1,0
2026-02-02T18:57:00Z,28.419,4.654,18.15,3201.2,0.4191,21.19,1,0
2026-02-02T18:58:00Z,28.403,4.712,17.99,3196.6,0.4166,20.74,1,0
2026-02-02T18:59:00Z,28.383,4.663,17.73,3197.2,0.4178,20.85,1,0
2026-02-02T19:00:00Z,28.416,4.599,19.19,3200.5,0.421,20.72,1,0
2026-02-02T19:01:00Z,28.4,4.692,18.38,3206.0,0.424,21.01,1,0
2026-02-02T19:02:00Z,28.43,4.652,17.56,3199.2,0.4215,21.03,1,0
2026-02-02T19:03:00Z,28.373,4.623,17.33,3201.7,0.4235,21.06,1,0
2026-02-02T19:04:00Z,28.395,4.651,18.17,3199.4,0.4213,20.81,1,0
2026-02-02T19:05:00Z,28.399,4.685,18.37,3196.2,0.4182,20.85,1,0
2026-02-02T19:06:00Z,28.369,4.68,18.2,3207.4,0.4147,21.11,1,0
2026-02-02T19:07:00Z,28.404,4.679,17.88,3194.5,0.4139,20.94,1,0
2026-02-02T19:08:00Z,28.424,4.65,17.91,3203.9,0.4302,21.15,1,0
2026-02-02T19:09:00Z,28.396,4.57,17.92,3202.3,0.4097,20.83,1,0
2026-02-02T19:10:00Z,28.403,4.664,18.65,3202.9,0.4061,21.14,1,0
2026-02-02T19:11:00Z,28.409,4.644,17.46,3197.4,0.4293,21.35,1,0
2026-02-02T19:12:00Z,28.41,4.667,18.27,3207.4,0.4248,20.75,1,0
2026-02-02T19:13:00Z,28.395,4.712,18.25,3208.0,0.4213,21.03,1,0
2026-02-02T19:14:00Z,28.454,4.649,17.24,3195.2,0.4176,21.28,1,0
2026-02-02T19:15:00Z,28.366,4.634,17.02,3209.7,0.4289,20.79,1,0
2026-02-02T19:16:00Z,28.384,4.557,18.12,3195.9,0.4117,21.35,1,0
2026-02-02T19:17:00Z,28.395,4.6,17.8,3196.8,0.4234,21.01,1,0
2026-02-02T19:18:00Z,28.406,4.656,18.69,3197.6,0.4228,20.61,1,0
2026-02-02T19:19:00Z,28.398,4.655,17.34,3195.6,0.4256,21.16,1,0
2026-02-02T19:20:00Z,28.415,4.602,18.35,3202.8,0.4258,20.9,1,0
2026-02-02T19:21:00Z,28.371,4.659,17.99,3202.8,0.4361,20.8,1,0
2026-02-02T19:22:00Z,28.366,4.695,18.23,3202.9,0.4141,20.98,1,0
2026-02-02T19:23:00Z,28.395,4.6,18.14,3204.1,0.4244,21.08,1,0
2026-02-02T19:24:00Z,28.374,4.655,17.45,3196.6,0.4256,20.58,1,0
2026-02-02T19:25:00Z,28.408,4.699,18.23,3200.1,0.4292,21.13,1,0
2026-02-02T19:26:00Z,28.39,4.639,17.83,3197.1,0.4234,20.9,1,0
2026-02-02T19:27:00Z,28.376,4.67,17.89,3199.0,0.4187,21.11,1,0
2026-02-02T19:28:00Z,28.385,4.679,18.42,3212.6,0.4139,21.02,1,0
2026-02-02T19:29:00Z,28.376,4.638,18.82,3194.9,0.4206,20.9,1,0
2026-02-02T19:30:00Z,28.375,4.635,17.65,3205.5,0.4142,21.06,1,0
2026-02-02T19:31:00Z,28.421,4.64,18.45,3199.9,0.4183,20.9,1,0
2026-02-02T19:32:00Z,28.418,4.675,18.0,3190.9,0.4155,20.82,1,0
2026-02-02T19:33:00Z,28.387,4.654,18.22,3201.8,0.4251,21.16,1,0
2026-02-02T19:34:00Z,28.427,4.674,17.66,3193.1,0.4182,21.05,1,0
2026-02-02T19:35:00Z,28.415,4.675,18.8,3196.3,0.4231,21.15,1,0
2026-02-02T19:36:00Z,28.394,4.606,17.74,3202.9,0.4206,20.95,1,0
2026-02-02T19:37:00Z,28.39,4.674,17.63,3202.5,0.4228,20.74,1,0
2026-02-02T19:38:00Z,28.369,4.614,17.8,3208.5,0.4201,21.13,1,0
2026-02-02T19:39:00Z,28.391,4.632,18.03,3194.0,0.4237,21.12,1,0
2026-02-02T19:40:00Z,28.401,4.669,17.53,3211.3,0.4233,21.16,1,0
2026-02-02T19:41:00Z,28.394,4.668,18.51,3193.3,0.4229,21.17,1,0
2026-02-02T19:42:00Z,28.428,4.621,18.33,3200.8,0.4144,20.76,1,0
2026-02-02T19:43:00Z,28.427,4.681,17.94,3209.7,0.4217,20.63,1,0
2026-02-02T19:44:00Z,28.388,4.639,18.1,3207.6,0.4209,20.85,1,0
2026-02-02T19:45:00Z,28.403,4.691,17.66,3196.1,0.4323,21.08,1,0
2026-02-02T19:46:00Z,26.807,4.917,-8.25,3198.2,0.4305,21.03,1,1
2026-02-02T19:47:00Z,26.813,4.906,-7.73,3196.0,0.4195,20.99,1,1
2026-02-02T19:48:00Z,26.813,4.924,-8.03,3195.3,0.421,21.13,1,1
2026-02-02T19:49:00Z,26.749,4.928,-7.45,3202.0,0.4191,20.9,1,1
2026-02-02T19:50:00Z,26.801,4.971,-8.83,3202.3,0.4144,20.95,1,1
2026-02-02T19:51:00Z,26.804,4.977,-8.02,3197.2,0.409,21.0,1,1
2026-02-02T19:52:00Z,26.795,4.946,-7.65,3191.5,0.4253,20.89,1,1
2026-02-02T19:53:00Z,26.777,4.899,-8.08,3209.1,0.4203,21.23,1,1
2026-02-02T19:54:00Z,26.815,5.02,-7.64,3205.2,0.4143,20.94,1,1
2026-02-02T19:55:00Z,26.788,4.989,-8.31,3199.2,0.4157,21.35,1,1
2026-02-02T19:56:00Z,26.817,4.931,-7.87,3195.9,0.4211,20.87,1,1
2026-02-02T19:57:00Z,26.786,4.925,-7.74,3197.3,0.4263,20.94,1,1
2026-02-02T19:58:00Z,26.817,4.948,-7.56,3205.1,0.4309,21.11,1,1
2026-02-02T19:59:00Z,26.82,4.942,-8.37,3200.6,0.4268,21.13,1,1
2026-02-02T20:00:00Z,26.805,4.91,-7.5,3198.4,0.4126,20.94,1,1
2026-02-02T20:01:00Z,26.809,4.994,-8.19,3203.8,0.4164,21.08,1,1
2026-02-02T20:02:00Z,26.816,4.973,-7.59,3198.6,0.4167,21.0,1,1
2026-02-02T20:03:00Z,26.815,4.946,-7.97,3192.1,0.4227,20.94,1,1
2026-02-02T20:04:00Z,26.786,4.936,-7.77,3206.7,0.416,21.26,1,1
2026-02-02T20:05:00Z,26.81,4.933,-8.36,3205.7,0.4246,20.9,1,1
2026-02-02T20:06:00Z,26.782,4.945,-7.89,3197.8,0.4227,20.9,1,1
2026-02-02T20:07:00Z,26.793,4.943,-8.49,3196.3,0.4192,21.2,1,1
2026-02-02T20:08:00Z,26.797,4.976,-7.63,3190.5,0.4149,21.1,1,1
2026-02-02T20:09:00Z,26.792,4.979,-8.22,3205.3,0.4176,21.31,1,1
2026-02-02T20:10:00Z,26.81,4.957,-8.16,3205.4,0.419,21.02,1,1
2026-02-02T20:11:00Z,26.79,4.973,-7.98,3201.4,0.4197,20.97,1,1
2026-02-02T20:12:00Z,26.793,4.985,-8.03,3202.5,0.4103,21.13,1,1
2026-02-02T20:13:00Z,26.79,4.953,-8.13,3195.5,0.4281,20.82,1,1
2026-02-02T20:14:00Z,26.839,4.939,-8.01,3203.5,0.4248,21.21,1,1
2026-02-02T20:15:00Z,26.773,4.952,-8.51,3199.4,0.4215,21.06,1,1
2026-02-02T20:16:00Z,26.798,4.975,-8.26,3210.6,0.4181,20.88,1,1
2026-02-02T20:17:00Z,26.783,4.934,-8.27,3196.4,0.4295,20.89,1,1
2026-02-02T20:18:00Z,26.802,4.927,-7.86,3188.3,0.4079,20.78,1,1
2026-02-02T20:19:00Z,26.798,4.97,-8.26,3200.0,0.4153,21.11,1,1
2026-02-02T20:20:00Z,28.395,4.662,18.37,3205.4,0.4191,20.85,1,0
2026-02-02T20:21:00Z,28.387,4.632,17.23,3200.8,0.4245,20.95,1,0
2026-02-02T20:22:00Z,28.396,4.66,18.58,3197.0,0.424,21.07,1,0
2026-02-02T20:23:00Z,28.346,4.674,17.51,3187.2,0.4207,20.88,1,0
2026-02-02T20:24:00Z,28.39,4.641,17.78,3195.6,0.418,21.15,1,0
2026-02-02T20:25:00Z,28.383,4.665,17.16,3207.2,0.429,21.0,1,0
2026-02-02T20:26:00Z,28.354,4.672,17.86,3197.9,0.4192,21.12,1,0
2026-02-02T20:27:00Z,28.387,4.669,17.64,3188.7,0.4197,21.0,1,0
2026-02-02T20:28:00Z,28.383,4.629,17.88,3213.1,0.4206,21.14,1,0
2026-02-02T20:29:00Z,28.41,4.614,17.86,3203.1,0.4084,20.98,1,0
2026-02-02T20:30:00Z,28.402,4.639,17.89,3200.9,0.4252,21.05,1,0
2026-02-02T20:31:00Z,28.404,4.685,17.59,3191.9,0.423,21.13,1,0
2026-02-02T20:32:00Z,28.404,4.653,18.45,3199.4,0.4104,21.15,1,0
2026-02-02T20:33:00Z,28.385,4.685,18.01,3193.8,0.4157,21.0,1,0
2026-02-02T20:34:00Z,28.364,4.65,18.0,3206.3,0.4266,20.9,1,0
2026-02-02T20:35:00Z,28.385,4.621,17.89,3199.3,0.422,20.98,1,0
2026-02-02T20:36:00Z,28.412,4.681,18.39,3200.7,0.4225,21.04,1,0
2026-02-02T20:37:00Z,28.399,4.649,17.48,3204.9,0.4198,20.96,1,0
2026-02-02T20:38:00Z,28.381,4.663,18.23,3198.8,0.4218,21.12,1,0
2026-02-02T20:39:00Z,28.424,4.661,17.65,3212.7,0.4172,20.99,1,0
2026-02-02T20:40:00Z,28.403,4.683,18.14,3200.8,0.4323,20.96,1,0
2026-02-02T20:41:00Z,28.393,4.66,18.04,3193.5,0.4286,21.04,1,0
2026-02-02T20:42:00Z,28.381,4.674,18.46,3194.8,0.4162,20.88,1,0
2026-02-02T20:43:00Z,28.404,4.651,17.42,3204.3,0.4141,21.0,1,0
2026-02-02T20:44:00Z,28.413,4.677,17.83,3197.1,0.4125,21.03,1,0
2026-02-02T20:45:00Z,28.412,4.554,17.69,3193.4,0.4228,20.86,1,0
2026-02-02T20:46:00Z,28.392,4.644,17.56,3194.7,0.4242,20.96,1,0
2026-02-02T20:47:00Z,28.404,4.62,18.05,3200.2,0.4178,21.2,1,0
2026-02-02T20:48:00Z,28.381,4.614,18.51,3200.7,0.4268,20.95,1,0
2026-02-02T20:49:00Z,28.427,4.673,18.03,3183.8,0.4226,20.74,1,0
2026-02-02T20:50:00Z,28.382,4.686,17.6,3193.1,0.4249,20.8,1,0
2026-02-02T20:51:00Z,28.417,4.627,18.26,3196.0,0.4313,20.92,1,0
2026-02-02T20:52:00Z,28.417,4.668,18.05,3205.3,0.4194,21.13,1,0
2026-02-02T20:53:00Z,28.406,4.627,17.56,3198.6,0.4314,20.92,1,0
2026-02-02T20:54:00Z,28.386,4.687,17.95,3201.4,0.4204,20.91,1,0
2026-02-02T20:55:00Z,28.42,4.642,17.86,3195.7,0.4163,21.16,1,0
2026-02-02T20:56:00Z,28.422,4.659,18.06,3204.8,0.414,21.49,1,0
2026-02-02T20:57:00Z,28.386,4.65,18.15,3196.3,0.4353,21.12,1,0
2026-02-02T20:58:00Z,28.351,4.602,17.87,3203.1,0.4261,20.8,1,0
2026-02-02T20:59:00Z,28.414,4.646,18.98,3203.2,0.4168,20.74,1,0
2026-02-02T21:00:00Z,28.362,4.654,17.32,3190.0,0.4214,21.12,1,0
2026-02-02T21:01:00Z,28.397,4.651,18.11,3191.0,0.4167,21.05,1,0
2026-02-02T21:02:00Z,28.429,4.678,18.31,3213.7,0.4182,20.8,1,0
2026-02-02T21:03:00Z,28.399,4.729,17.86,3197.4,0.4269,21.14,1,0
2026-02-02T21:04:00Z,28.409,4.673,18.2,3192.1,0.4223,21.02,1,0
2026-02-02T21:05:00Z,28.408,4.686,18.0,3193.5,0.4111,21.22,1,0
2026-02-02T21:06:00Z,28.386,4.677,18.02,3198.4,0.4267,21.02,1,0
2026-02-02T21:07:00Z,28.403,4.586,18.1,3207.3,0.4163,21.2,1,0
2026-02-02T21:08:00Z,28.408,4.665,18.09,3192.3,0.4199,21.05,1,0
2026-02-02T21:09:00Z,28.39,4.604,18.67,3197.2,0.4204,21.39,1,0
2026-02-02T21:10:00Z,28.403,4.61,18.02,3200.7,0.4095,21.07,1,0
2026-02-02T21:11:00Z,28.366,4.667,17.91,3205.4,0.4207,21.1,1,0
2026-02-02T21:12:00Z,28.4,4.659,17.71,3200.8,0.4329,21.2,1,0
2026-02-02T21:13:00Z,28.399,4.66,17.06,3193.0,0.4341,21.1,1,0
2026-02-02T21:14:00Z,28.395,4.627,16.67,3195.6,0.422,21.08,1,0
2026-02-02T21:15:00Z,28.423,4.662,17.4,3209.4,0.423,20.79,1,0
2026-02-02T21:16:00Z,28.423,4.639,18.45,3207.0,0.4215,20.94,1,0
2026-02-02T21:17:00Z,28.385,4.661,17.73,3196.7,0.4269,20.88,1,0
2026-02-02T21:18:00Z,28.4,4.622,18.08,3195.4,0.4168,21.11,1,0
2026-02-02T21:19:00Z,28.414,4.705,18.4,3204.4,0.419,20.85,1,0
2026-02-02T21:20:00Z,28.388,4.677,18.9,3204.1,0.4102,20.97,1,0
2026-02-02T21:21:00Z,26.803,4.973,-8.23,3205.6,0.4215,21.0,1,1
2026-02-02T21:22:00Z,26.791,4.997,-8.42,3199.8,0.4337,20.99,1,1
2026-02-02T21:23:00Z,26.84,4.968,-7.82,3196.4,0.4144,20.97,1,1
2026-02-02T21:24:00Z,26.772,4.951,-7.64,3209.3,0.424,21.13,1,1
2026-02-02T21:25:00Z,26.797,4.925,-7.72,3209.2,0.4276,20.99,1,1
2026-02-02T21:26:00Z,26.833,4.928,-7.99,3200.1,0.4251,21.22,1,1
2026-02-02T21:27:00Z,26.812,4.974,-7.91,3203.5,0.419,20.97,1,1
2026-02-02T21:28:00Z,26.786,5.004,-8.71,3195.1,0.4248,21.2,1,1
2026-02-02T21:29:00Z,26.774,4.928,-8.2,3200.2,0.42,21.03,1,1
2026-02-02T21:30:00Z,26.803,4.957,-7.46,3201.4,0.4271,20.73,1,1
2026-02-02T21:31:00Z,26.803,4.927,-8.97,3193.0,0.4248,20.96,1,1
2026-02-02T21:32:00Z,26.791,4.946,-8.14,3197.7,0.4152,21.1,1,1
2026-02-02T21:33:00Z,26.779,4.928,-8.37,3205.4,0.4167,21.13,1,1
2026-02-02T21:34:00Z,26.787,4.955,-8.51,3198.0,0.4179,20.98,1,1
2026-02-02T21:35:00Z,26.776,4.987,-8.46,3205.7,0.4273,20.85,1,1
2026-02-02T21:36:00Z,26.793,4.913,-8.07,3207.4,0.4277,21.1,1,1
2026-02-02T21:37:00Z,26.816,4.908,-8.28,3188.8,0.4204,20.72,1,1
2026-02-02T21:38:00Z,26.805,4.964,-7.77,3204.3,0.4272,20.85,1,1
2026-02-02T21:39:00Z,26.793,4.946,-8.41,3204.8,0.4186,20.94,1,1
2026-02-02T21:40:00Z,26.792,4.964,-8.04,3185.2,0.4182,21.04,1,1
2026-02-02T21:41:00Z,26.864,4.928,-7.66,3192.1,0.4184,20.86,1,1
2026-02-02T21:42:00Z,26.853,4.969,-7.54,3203.6,0.4257,21.0,1,1
2026-02-02T21:43:00Z,26.807,4.95,-7.28,3199.6,0.4171,21.04,1,1
2026-02-02T21:44:00Z,26.791,4.983,-7.68,3202.3,0.4198,21.08,1,1
2026-02-02T21:45:00Z,26.767,4.958,-7.63,3195.9,0.4247,21.2,1,1
2026-02-02T21:46:00Z,26.816,4.916,-7.36,3201.2,0.4191,21.07,1,1
2026-02-02T21:47:00Z,26.834,4.939,-7.77,3193.8,0.4154,20.93,1,1
2026-02-02T21:48:00Z,26.782,4.931,-8.21,3199.0,0.4188,20.92,1,1
2026-02-02T21:49:00Z,26.811,4.942,-8.38,3197.2,0.4168,20.8,1,1
2026-02-02T21:50:00Z,26.79,4.907,-7.87,3205.8,0.4129,20.93,1,1
2026-02-02T21:51:00Z,26.808,4.956,-7.1,3194.5,0.4166,21.07,1,1
2026-02-02T21:52:00Z,26.813,4.997,-7.78,3203.2,0.4135,21.03,1,1
2026-02-02T21:53:00Z,26.806,4.924,-7.75,3208.2,0.4145,21.02,1,1
2026-02-02T21:54:00Z,26.785,4.965,-8.3,3205.3,0.4212,21.07,1,1
2026-02-02T21:55:00Z,28.392,4.683,17.86,3196.7,0.4099,20.71,1,0
2026-02-02T21:56:00Z,28.408,4.616,17.68,3198.6,0.423,21.27,1,0
2026-02-02T21:57:00Z,28.38,4.668,17.79,3206.4,0.4211,20.93,1,0
2026-02-02T21:58:00Z,28.38,4.614,18.14,3202.1,0.4159,21.04,1,0
2026-02-02T21:59:00Z,28.431,4.616,18.72,3212.0,0.4202,21.05,1,0
2026-02-02T22:00:00Z,28.383,4.675,17.69,3208.0,0.4139,21.34,1,0
2026-02-02T22:01:00Z,28.426,4.671,17.34,3202.6,0.4149,20.83,1,0
2026-02-02T22:02:00Z,28.408,4.641,17.73,3202.7,0.4174,21.07,1,0
2026-02-02T22:03:00Z,28.405,4.662,17.81,3209.4,0.4093,20.9,1,0
2026-02-02T22:04:00Z,28.418,4.633,16.95,3199.1,0.4248,20.93,1,0
2026-02-02T22:05:00Z,28.42,4.65,17.95,3204.7,0.4229,20.79,1,0
2026-02-02T22:06:00Z,28.391,4.686,17.95,3204.4,0.424,21.14,1,0
2026-02-02T22:07:00Z,28.389,4.667,17.62,3202.4,0.4209,21.03,1,0
2026-02-02T22:08:00Z,28.357,4.655,18.26,3188.4,0.427,21.09,1,0
2026-02-02T22:09:00Z,28.397,4.665,18.09,3196.1,0.429,21.0,1,0
2026-02-02T22:10:00Z,28.394,4.67,18.06,3190.9,0.4222,21.16,1,0
2026-02-02T22:11:00Z,28.369,4.648,17.76,3192.3,0.4236,21.01,1,0
2026-02-02T22:12:00Z,28.397,4.699,17.97,3201.5,0.419,21.07,1,0
2026-02-02T22:13:00Z,28.413,4.664,17.8,3202.6,0.424,20.9,1,0
2026-02-02T22:14:00Z,28.426,4.666,17.96,3199.0,0.4275,20.92,1,0
2026-02-02T22:15:00Z,28.427,4.657,16.73,3193.5,0.4196,21.28,1,0
2026-02-02T22:16:00Z,28.422,4.631,17.81,3211.0,0.4107,20.79,1,0
2026-02-02T22:17:00Z,28.412,4.652,17.8,3193.1,0.4194,21.08,1,0
2026-02-02T22:18:00Z,28.396,4.68,18.22,3206.0,0.425,21.17,1,0
2026-02-02T22:19:00Z,28.401,4.652,17.68,3210.2,0.4238,20.8,1,0
2026-02-02T22:20:00Z,28.413,4.683,18.11,3203.1,0.4174,21.11,1,0
2026-02-02T22:21:00Z,28.417,4.656,17.94,3206.7,0.4285,20.75,1,0
2026-02-02T22:22:00Z,28.412,4.636,17.75,3200.4,0.414,20.97,1,0
2026-02-02T22:23:00Z,28.44,4.669,17.38,3203.1,0.4271,20.79,1,0
2026-02-02T22:24:00Z,28.4,4.657,17.98,3187.8,0.4162,21.08,1,0
2026-02-02T22:25:00Z,28.419,4.653,18.96,3199.6,0.4282,20.83,1,0
2026-02-02T22:26:00Z,28.377,4.678,18.06,3197.2,0.425,20.91,1,0
2026-02-02T22:27:00Z,28.387,4.686,18.14,3193.8,0.4123,20.95,1,0
2026-02-02T22:28:00Z,28.397,4.633,17.94,3193.9,0.4279,21.04,1,0
2026-02-02T22:29:00Z,28.369,4.61,18.23,3204.8,0.4245,20.74,1,0
2026-02-02T22:30:00Z,28.38,4.679,17.69,3199.4,0.4181,21.31,1,0
2026-02-02T22:31:00Z,28.392,4.658,18.43,3204.2,0.4285,20.82,1,0
2026-02-02T22:32:00Z,28.406,4.674,17.73,3203.7,0.4135,21.22,1,0
2026-02-02T22:33:00Z,28.369,4.623,17.8,3197.0,0.4219,20.9,1,0
2026-02-02T22:34:00Z,28.4,4.661,17.8,3199.7,0.4227,20.8,1,0
2026-02-02T22:35:00Z,28.4,4.699,17.87,3198.5,0.4273,20.99,1,0
2026-02-02T22:36:00Z,28.418,4.632,17.91,3199.5,0.4318,20.69,1,0
2026-02-02T22:37:00Z,28.382,4.703,18.3,3199.9,0.4123,20.71,1,0
2026-02-02T22:38:00Z,28.352,4.643,18.31,3201.2,0.4282,21.01,1,0
2026-02-02T22:39:00Z,28.373,4.637,18.85,3198.1,0.4151,20.98,1,0
2026-02-02T22:40:00Z,28.388,4.638,18.02,3199.7,0.4186,21.19,1,0
2026-02-02T22:41:00Z,28.45,4.658,18.71,3188.7,0.4075,20.71,1,0
2026-02-02T22:42:00Z,28.39,4.612,18.67,3194.9,0.4176,21.07,1,0
2026-02-02T22:43:00Z,28.394,4.587,18.63,3189.0,0.4176,21.12,1,0
2026-02-02T22:44:00Z,28.435,4.621,18.02,3190.6,0.4197,20.95,1,0
2026-02-02T22:45:00Z,28.4,4.584,18.19,3193.0,0.4141,21.15,1,0
2026-02-02T22:46:00Z,28.395,4.611,18.01,3201.1,0.4141,21.17,1,0
2026-02-02T22:47:00Z,28.391,4.61,18.15,3200.3,0.422,21.01,1,0
2026-02-02T22:48:00Z,28.399,4.64,17.98,3197.0,0.4283,21.03,1,0
2026-02-02T22:49:00Z,28.384,4.668,18.64,3189.8,0.4136,21.08,1,0
2026-02-02T22:50:00Z,28.392,4.634,18.15,3190.7,0.4296,21.05,1,0
2026-02-02T22:51:00Z,28.402,4.662,18.48,3203.8,0.4153,20.73,1,0
2026-02-02T22:52:00Z,28.384,4.662,17.32,3190.4,0.4231,20.91,1,0
2026-02-02T22:53:00Z,28.409,4.655,17.5,3200.5,0.4219,21.11,1,0
2026-02-02T22:54:00Z,28.395,4.689,18.5,3199.6,0.4249,21.0,1,0
2026-02-02T22:55:00Z,28.416,4.631,18.16,3199.5,0.4184,21.0,1,0
2026-02-02T22:56:00Z,26.777,4.958,-7.22,3196.5,0.4164,20.94,1,1
2026-02-02T22:57:00Z,26.803,4.909,-8.23,3203.4,0.4246,21.18,1,1
2026-02-02T22:58:00Z,26.795,4.918,-7.33,3207.7,0.4262,21.02,1,1
2026-02-02T22:59:00Z,26.823,4.927,-7.78,3192.0,0.4197,20.95,1,1
2026-02-02T23:00:00Z,26.822,4.949,-7.97,3196.4,0.4086,21.26,1,1
2026-02-02T23:01:00Z,26.785,4.927,-7.85,3189.8,0.4182,21.26,1,1
2026-02-02T23:02:00Z,26.828,4.902,-8.41,3203.1,0.4153,20.91,1,1
2026-02-02T23:03:00Z,26.787,4.981,-7.94,3196.8,0.4193,21.01,1,1
2026-02-02T23:04:00Z,26.816,4.974,-7.59,3211.4,0.4252,20.9,1,1
2026-02-02T23:05:00Z,26.79,4.948,-8.71,3204.3,0.4192,21.21,1,1
2026-02-02T23:06:00Z,26.787,4.992,-8.99,3208.0,0.4276,20.77,1,1
2026-02-02T23:07:00Z,26.794,4.929,-8.0,3203.7,0.4234,21.08,1,1
2026-02-02T23:08:00Z,26.778,4.98,-8.12,3196.4,0.4195,20.82,1,1
2026-02-02T23:09:00Z,26.79,4.984,-8.05,3198.8,0.4239,20.78,1,1
2026-02-02T23:10:00Z,26.819,4.949,-7.82,3198.6,0.4149,21.2,1,1
2026-02-02T23:11:00Z,26.787,4.964,-8.09,3201.3,0.4176,20.86,1,1
2026-02-02T23:12:00Z,26.778,4.936,-8.1,3190.7,0.4103,20.84,1,1
2026-02-02T23:13:00Z,26.823,4.961,-7.85,3192.0,0.4131,20.88,1,1
2026-02-02T23:14:00Z,26.787,4.939,-8.49,3205.5,0.424,20.82,1,1
2026-02-02T23:15:00Z,26.811,4.954,-8.18,3195.1,0.4098,20.85,1,1
2026-02-02T23:16:00Z,26.797,4.954,-8.66,3205.0,0.424,21.07,1,1
2026-02-02T23:17:00Z,26.76,4.967,-7.63,3200.1,0.4265,21.01,1,1
2026-02-02T23:18:00Z,26.81,4.946,-8.59,3207.9,0.4161,21.1,1,1
2026-02-02T23:19:00Z,26.79,4.953,-7.71,3201.3,0.4143,21.02,1,1
2026-02-02T23:20:00Z,26.832,4.982,-8.04,3195.7,0.4211,21.06,1,1
2026-02-02T23:21:00Z,26.792,4.973,-8.53,3199.9,0.43,20.86,1,1
2026-02-02T23:22:00Z,26.813,4.928,-8.03,3197.2,0.4184,20.95,1,1
2026-02-02T23:23:00Z,26.828,4.94,-8.59,3212.1,0.4109,20.94,1,1
2026-02-02T23:24:00Z,26.781,4.976,-8.28,3189.8,0.418,21.28,1,1
2026-02-02T23:25:00Z,26.809,4.93,-7.34,3197.9,0.43,20.86,1,1
2026-02-02T23:26:00Z,26.811,4.954,-7.89,3199.6,0.4078,21.15,1,1
2026-02-02T23:27:00Z,26.792,4.94,-8.13,3204.0,0.4201,21.12,1,1
2026-02-02T23:28:00Z,26.81,4.991,-8.32,3198.1,0.4214,20.83,1,1
2026-02-02T23:29:00Z,26.792,4.924,-7.99,3202.9,0.4172,20.66,1,1
2026-02-02T23:30:00Z,28.414,4.667,18.33,3210.7,0.4104,21.04,1,0
2026-02-02T23:31:00Z,28.404,4.637,17.12,3198.0,0.4127,21.1,1,0
2026-02-02T23:32:00Z,28.424,4.619,17.88,3209.4,0.4133,20.97,1,0
2026-02-02T23:33:00Z,28.374,4.633,18.34,3196.4,0.4145,21.03,1,0
2026-02-02T23:34:00Z,28.418,4.694,17.91,3200.2,0.4056,21.0,1,0
2026-02-02T23:35:00Z,28.382,4.619,18.55,3203.0,0.418,21.11,1,0
2026-02-02T23:36:00Z,28.431,4.648,17.27,3192.5,0.4151,20.87,1,0
2026-02-02T23:37:00Z,28.415,4.652,18.06,3203.5,0.4208,20.99,1,0
2026-02-02T23:38:00Z,28.42,4.651,17.09,3203.3,0.4179,20.88,1,0
2026-02-02T23:39:00Z,28.379,4.65,17.71,3199.6,0.421,20.83,1,0
2026-02-02T23:40:00Z,28.38,4.69,17.75,3202.0,0.4178,21.02,1,0
2026-02-02T23:41:00Z,28.396,4.596,17.91,3204.6,0.4178,21.08,1,0
2026-02-02T23:42:00Z,28.382,4.637,18.36,3196.6,0.425,21.01,1,0
2026-02-02T23:43:00Z,28.415,4.626,18.37,3192.5,0.4189,20.99,1,0
2026-02-02T23:44:00Z,28.392,4.613,18.55,3202.5,0.4177,21.25,1,0
2026-02-02T23:45:00Z,28.41,4.63,18.11,3209.5,0.4188,21.19,1,0
2026-02-02T23:46:00Z,28.394,4.672,17.65,3201.5,0.4245,21.07,1,0
2026-02-02T23:47:00Z,28.437,4.637,17.42,3202.3,0.4253,21.11,1,0
2026-02-02T23:48:00Z,28.408,4.613,17.63,3197.7,0.4266,21.04,1,0
2026-02-02T23:49:00Z,28.392,4.657,17.95,3208.1,0.4211,21.02,1,0
2026-02-02T23:50:00Z,28.384,4.615,18.63,3198.8,0.4296,20.98,1,0
2026-02-02T23:51:00Z,28.409,4.661,17.85,3201.1,0.4185,21.12,1,0
2026-02-02T23:52:00Z,28.423,4.684,17.21,3199.6,0.4196,20.9,1,0
2026-02-02T23:53:00Z,28.382,4.668,17.84,3193.9,0.4151,21.25,1,0
2026-02-02T23:54:00Z,28.413,4.658,17.75,3194.9,0.4129,21.08,1,0
2026-02-02T23:55:00Z,28.414,4.678,18.33,3208.9,0.4184,20.86,1,0
2026-02-02T23:56:00Z,28.412,4.628,18.4,3192.3,0.4089,20.84,1,0
2026-02-02T23:57:00Z,28.416,4.658,18.45,3198.7,0.4344,21.2,1,0
2026-02-02T23:58:00Z,28.399,4.664,18.36,3185.5,0.4191,21.23,1,0
2026-02-02T23:59:00Z,28.371,4.645,18.12,3198.2,0.4261,20.92,1,0
