time,battery_v,bus_current_a,panel_temp_c,rw1_rpm,rw1_current_a,rw1_temp_c,heater_on,eclipse
2026-02-01T00:00:00Z,28.409,4.117,17.72,3196.4,0.4143,21.05,0,0
2026-02-01T00:01:00Z,28.39,4.103,18.34,3203.9,0.4231,20.97,0,0
2026-02-01T00:02:00Z,28.376,4.085,18.63,3202.5,0.4404,21.1,0,0
2026-02-01T00:03:00Z,28.376,4.08,18.81,3196.1,0.4216,20.85,0,0
2026-02-01T00:04:00Z,28.414,4.103,18.0,3196.3,0.4168,20.88,0,0
2026-02-01T00:05:00Z,28.366,4.125,17.92,3198.5,0.4171,20.96,0,0
2026-02-01T00:06:00Z,28.422,4.088,17.51,3200.7,0.4319,21.09,0,0
2026-02-01T00:07:00Z,28.41,4.097,18.06,3206.1,0.42,20.98,0,0
2026-02-01T00:08:00Z,28.413,4.166,17.26,3194.5,0.4277,21.18,0,0
2026-02-01T00:09:00Z,28.415,4.114,18.34,3206.0,0.4208,21.06,0,0
2026-02-01T00:10:00Z,28.374,4.128,18.08,3214.5,0.4248,21.1,0,0
2026-02-01T00:11:00Z,28.396,4.089,18.07,3200.5,0.4144,21.14,0,0
2026-02-01T00:12:00Z,28.428,4.151,18.55,3197.0,0.4315,21.13,0,0
2026-02-01T00:13:00Z,28.415,4.093,18.29,3206.6,0.4235,21.01,0,0
2026-02-01T00:14:00Z,28.39,4.112,17.36,3202.0,0.4265,20.79,0,0
2026-02-01T00:15:00Z,28.426,4.102,18.03,3203.2,0.4243,21.11,0,0
2026-02-01T00:16:00Z,28.398,4.07,18.03,3209.7,0.4237,21.34,0,0
2026-02-01T00:17:00Z,28.392,4.101,17.81,3205.1,0.4194,21.0,0,0
2026-02-01T00:18:00Z,28.409,4.109,18.9,3191.9,0.4104,20.85,0,0
2026-02-01T00:19:00Z,28.401,4.082,18.17,3195.7,0.4162,20.99,0,0
2026-02-01T00:20:00Z,28.424,4.134,18.34,3203.3,0.4254,20.89,0,0
2026-02-01T00:21:00Z,28.429,4.1,17.65,3200.9,0.4217,21.24,0,0
2026-02-01T00:22:00Z,28.446,4.14,18.07,3196.9,0.4174,21.16,0,0
2026-02-01T00:23:00Z,28.428,4.074,18.54,3202.0,0.426,20.9,0,0
2026-02-01T00:24:00Z,28.381,4.072,17.67,3194.1,0.4238,21.14,0,0
2026-02-01T00:25:00Z,28.392,4.159,17.83,3200.2,0.4308,20.71,0,0
2026-02-01T00:26:00Z,28.406,4.128,18.53,3202.5,0.4387,20.96,0,0
2026-02-01T00:27:00Z,28.419,4.118,18.12,3197.4,0.4285,21.0,0,0
2026-02-01T00:28:00Z,28.386,4.14,18.15,3201.6,0.4192,21.01,0,0
2026-02-01T00:29:00Z,28.431,4.12,17.62,3201.7,0.4149,20.96,0,0
2026-02-01T00:30:00Z,28.406,4.156,17.96,3194.9,0.4227,21.05,0,0
2026-02-01T00:31:00Z,28.408,4.141,18.06,3204.6,0.4248,21.0,0,0
2026-02-01T00:32:00Z,28.349,4.058,17.98,3204.7,0.4311,21.0,0,0
2026-02-01T00:33:00Z,28.366,4.096,17.49,3202.8,0.4313,21.11,0,0
2026-02-01T00:34:00Z,28.368,4.115,18.39,3204.5,0.4261,21.3,0,0
2026-02-01T00:35:00Z,28.426,4.077,18.03,3201.7,0.4273,21.09,0,0
2026-02-01T00:36:00Z,28.414,4.187,18.07,3198.9,0.4251,20.91,0,0
2026-02-01T00:37:00Z,28.464,4.126,17.77,3213.7,0.4199,21.32,0,0
2026-02-01T00:38:00Z,28.382,4.105,17.93,3203.0,0.4328,21.14,0,0
2026-02-01T00:39:00Z,28.393,4.083,17.9,3201.7,0.4202,21.25,0,0
2026-02-01T00:40:00Z,28.398,4.079,18.08,3193.7,0.4236,21.05,0,0
2026-02-01T00:41:00Z,28.363,4.106,17.61,3201.0,0.4287,21.02,0,0
2026-02-01T00:42:00Z,28.381,4.057,17.96,3189.7,0.4176,21.04,0,0
2026-02-01T00:43:00Z,28.401,4.057,18.17,3199.1,0.4153,21.01,0,0
2026-02-01T00:44:00Z,28.391,4.089,17.88,3201.2,0.4278,21.25,0,0
2026-02-01T00:45:00Z,28.394,4.135,18.92,3204.4,0.412,21.17,0,0
2026-02-01T00:46:00Z,28.38,4.115,17.69,3196.5,0.4273,20.93,0,0
2026-02-01T00:47:00Z,28.405,4.1,19.0,3198.5,0.4314,20.99,0,0
2026-02-01T00:48:00Z,28.355,4.108,17.81,3203.6,0.4148,21.19,0,0
2026-02-01T00:49:00Z,28.381,4.07,17.71,3204.5,0.4273,20.8,0,0
2026-02-01T00:50:00Z,28.385,4.064,18.61,3217.1,0.4312,20.83,0,0
2026-02-01T00:51:00Z,28.344,4.111,17.92,3197.1,0.4264,20.86,0,0
2026-02-01T00:52:00Z,28.441,4.062,17.66,3193.2,0.4277,21.11,0,0
2026-02-01T00:53:00Z,28.391,4.101,18.74,3190.0,0.424,21.21,0,0
2026-02-01T00:54:00Z,28.399,4.113,17.98,3188.9,0.4127,21.21,0,0
2026-02-01T00:55:00Z,28.416,4.132,18.23,3188.7,0.4295,21.27,0,0
2026-02-01T00:56:00Z,28.411,4.12,18.56,3195.0,0.4136,21.04,0,0
2026-02-01T00:57:00Z,28.389,4.121,18.44,3185.9,0.4288,21.26,0,0
2026-02-01T00:58:00Z,28.419,4.093,17.8,3190.5,0.428,21.15,0,0
2026-02-01T00:59:00Z,28.413,4.123,17.76,3195.2,0.4314,21.24,0,0
2026-02-01T01:00:00Z,28.407,4.06,17.46,3207.6,0.4225,20.99,0,0
2026-02-01T01:01:00Z,27.708,4.417,-8.67,3205.8,0.43,21.12,1,1
2026-02-01T01:02:00Z,27.714,4.438,-7.77,3201.9,0.4305,21.23,1,1
2026-02-01T01:03:00Z,27.725,4.391,-8.05,3207.1,0.4192,21.28,1,1
2026-02-01T01:04:00Z,27.682,4.381,-8.29,3197.4,0.4238,21.33,1,1
2026-02-01T01:05:00Z,27.696,4.438,-6.98,3202.1,0.4322,21.38,1,1
2026-02-01T01:06:00Z,27.724,4.392,-8.55,3203.5,0.4239,21.3,1,1
2026-02-01T01:07:00Z,27.719,4.465,-7.94,3214.2,0.436,21.19,1,1
2026-02-01T01:08:00Z,27.687,4.37,-7.73,3203.6,0.4315,21.35,1,1
2026-02-01T01:09:00Z,27.711,4.402,-7.54,3190.9,0.4282,21.14,1,1
2026-02-01T01:10:00Z,27.737,4.373,-7.58,3204.5,0.4292,21.01,1,1
2026-02-01T01:11:00Z,27.704,4.445,-8.51,3205.2,0.425,21.24,1,1
2026-02-01T01:12:00Z,27.677,4.469,-8.03,3202.3,0.427,21.15,1,1
2026-02-01T01:13:00Z,27.699,4.357,-7.68,3193.9,0.4326,20.88,1,1
2026-02-01T01:14:00Z,27.681,4.408,-8.04,3191.1,0.4328,21.31,1,1
2026-02-01T01:15:00Z,27.72,4.449,-8.36,3201.8,0.4296,20.88,1,1
2026-02-01T01:16:00Z,27.68,4.44,-8.03,3193.1,0.4295,20.99,1,1
2026-02-01T01:17:00Z,27.732,4.448,-7.83,3208.2,0.4348,21.27,1,1
2026-02-01T01:18:00Z,27.664,4.471,-7.74,3197.3,0.4194,21.27,1,1
2026-02-01T01:19:00Z,27.692,4.426,-7.62,3200.0,0.4241,20.96,1,1
2026-02-01T01:20:00Z,27.695,4.383,-7.83,3203.1,0.4278,21.24,1,1
2026-02-01T01:21:00Z,27.723,4.397,-7.95,3206.6,0.4344,21.08,1,1
2026-02-01T01:22:00Z,27.707,4.362,-8.06,3198.0,0.4375,21.12,1,1
2026-02-01T01:23:00Z,27.742,4.36,-6.9,3199.5,0.4264,21.36,1,1
2026-02-01T01:24:00Z,27.698,4.359,-7.84,3192.6,0.4207,21.01,1,1
2026-02-01T01:25:00Z,27.714,4.454,-8.77,3202.1,0.429,21.23,1,1
2026-02-01T01:26:00Z,27.673,4.381,-8.23,3198.8,0.4333,21.14,1,1
2026-02-01T01:27:00Z,27.708,4.383,-7.96,3199.0,0.4229,21.18,1,1
2026-02-01T01:28:00Z,27.747,4.397,-8.43,3190.6,0.4249,21.16,1,1
2026-02-01T01:29:00Z,27.702,4.366,-7.8,3194.9,0.4333,21.11,1,1
2026-02-01T01:30:00Z,27.727,4.45,-8.17,3202.0,0.4263,21.09,1,1
2026-02-01T01:31:00Z,27.688,4.374,-8.28,3201.3,0.4286,21.3,1,1
2026-02-01T01:32:00Z,27.696,4.401,-8.52,3199.6,0.4257,21.02,1,1
2026-02-01T01:33:00Z,27.685,4.465,-7.97,3203.9,0.433,21.33,1,1
2026-02-01T01:34:00Z,27.669,4.415,-7.37,3210.6,0.4282,21.24,1,1
2026-02-01T01:35:00Z,28.384,4.099,18.19,3199.9,0.4276,21.35,0,0
2026-02-01T01:36:00Z,28.407,4.065,18.02,3208.5,0.428,21.07,0,0
2026-02-01T01:37:00Z,28.439,4.101,17.96,3202.5,0.4283,21.01,0,0
2026-02-01T01:38:00Z,28.413,4.067,17.94,3197.0,0.4352,21.23,0,0
2026-02-01T01:39:00Z,28.435,4.065,18.35,3202.0,0.4361,21.16,0,0
2026-02-01T01:40:00Z,28.385,4.076,17.88,3199.7,0.426,21.23,0,0
2026-02-01T01:41:00Z,28.39,4.089,18.48,3195.9,0.4262,21.22,0,0
2026-02-01T01:42:00Z,28.38,4.122,18.14,3206.3,0.4287,21.53,0,0
2026-02-01T01:43:00Z,28.412,4.099,17.58,3188.2,0.4294,21.39,0,0
2026-02-01T01:44:00Z,28.345,4.139,18.04,3181.8,0.4357,21.54,0,0
2026-02-01T01:45:00Z,28.39,4.069,18.63,3188.2,0.4408,21.25,0,0
2026-02-01T01:46:00Z,28.4,4.067,18.14,3209.7,0.439,20.94,0,0
2026-02-01T01:47:00Z,28.405,4.142,18.44,3206.2,0.4363,21.26,0,0
2026-02-01T01:48:00Z,28.373,4.102,17.41,3202.8,0.4345,21.15,0,0
2026-02-01T01:49:00Z,28.408,4.073,18.18,3194.7,0.441,21.19,0,0
2026-02-01T01:50:00Z,28.399,4.162,18.15,3213.3,0.4253,21.47,0,0
2026-02-01T01:51:00Z,28.391,4.074,17.95,3203.5,0.4371,21.0,0,0
2026-02-01T01:52:00Z,28.424,4.025,18.03,3186.4,0.4373,21.35,0,0
2026-02-01T01:53:00Z,28.406,4.137,17.52,3199.6,0.4298,21.16,0,0
2026-02-01T01:54:00Z,28.451,4.086,18.09,3190.8,0.4434,21.15,0,0
2026-02-01T01:55:00Z,28.406,4.083,17.81,3195.7,0.4393,21.02,0,0
2026-02-01T01:56:00Z,28.414,4.116,17.32,3192.7,0.4368,21.26,0,0
2026-02-01T01:57:00Z,28.404,4.126,17.75,3198.8,0.451,21.37,0,0
2026-02-01T01:58:00Z,28.413,4.08,17.86,3195.9,0.4399,21.33,0,0
2026-02-01T01:59:00Z,28.397,4.034,17.75,3190.1,0.4359,21.49,0,0
2026-02-01T02:00:00Z,28.389,4.131,17.96,3203.3,0.4292,21.1,0,0
2026-02-01T02:01:00Z,28.405,4.121,18.14,3200.4,0.4397,21.33,0,0
2026-02-01T02:02:00Z,28.373,4.107,17.68,3200.4,0.4345,21.22,0,0
2026-02-01T02:03:00Z,28.405,4.11,17.97,3204.0,0.4436,21.17,0,0
2026-02-01T02:04:00Z,28.375,4.091,18.05,3207.6,0.4317,21.21,0,0
2026-02-01T02:05:00Z,28.392,4.125,17.53,3203.0,0.4214,21.29,0,0
2026-02-01T02:06:00Z,28.408,4.132,18.33,3204.1,0.4324,21.2,0,0
2026-02-01T02:07:00Z,28.417,4.054,18.47,3195.4,0.4411,20.96,0,0
2026-02-01T02:08:00Z,28.394,4.071,18.54,3193.5,0.4252,21.32,0,0
2026-02-01T02:09:00Z,28.428,4.1,17.47,3195.1,0.4435,21.24,0,0
2026-02-01T02:10:00Z,28.395,4.139,18.2,3185.8,0.4367,21.4,0,0
2026-02-01T02:11:00Z,28.398,4.094,18.02,3200.4,0.4434,21.06,0,0
2026-02-01T02:12:00Z,28.387,4.094,17.95,3202.3,0.4314,21.56,0,0
2026-02-01T02:13:00Z,28.41,4.079,17.71,3192.4,0.4401,21.58,0,0
2026-02-01T02:14:00Z,28.45,4.094,18.18,3210.3,0.4374,21.4,0,0
2026-02-01T02:15:00Z,28.41,4.101,17.95,3199.9,0.4381,21.28,0,0
2026-02-01T02:16:00Z,28.397,4.106,18.91,3214.8,0.4371,21.39,0,0
2026-02-01T02:17:00Z,28.399,4.127,18.43,3198.9,0.4453,21.49,0,0
2026-02-01T02:18:00Z,28.376,4.066,18.1,3207.2,0.4379,21.44,0,0
2026-02-01T02:19:00Z,28.368,4.141,18.95,3213.3,0.433,21.23,0,0
2026-02-01T02:20:00Z,28.39,4.091,17.6,3194.2,0.4317,21.19,0,0
2026-02-01T02:21:00Z,28.395,4.076,17.77,3213.8,0.4235,21.42,0,0
2026-02-01T02:22:00Z,28.455,4.136,17.9,3200.5,0.4336,21.44,0,0
2026-02-01T02:23:00Z,28.398,4.116,18.15,3205.6,0.4405,21.33,0,0
2026-02-01T02:24:00Z,28.416,4.094,19.12,3194.8,0.4491,21.62,0,0
2026-02-01T02:25:00Z,28.436,4.087,18.67,3195.8,0.4315,21.36,0,0
2026-02-01T02:26:00Z,28.418,4.077,17.55,3199.9,0.4352,21.15,0,0
2026-02-01T02:27:00Z,28.378,4.152,17.6,3199.4,0.4305,21.42,0,0
2026-02-01T02:28:00Z,28.415,4.131,17.92,3199.9,0.4333,21.14,0,0
2026-02-01T02:29:00Z,28.412,4.049,18.05,3196.9,0.4374,21.25,0,0
2026-02-01T02:30:00Z,28.406,4.141,18.21,3200.3,0.4337,21.11,0,0
2026-02-01T02:31:00Z,28.47,4.115,17.62,3205.5,0.434,21.2,0,0
2026-02-01T02:32:00Z,28.394,4.111,17.99,3206.4,0.439,21.12,0,0
2026-02-01T02:33:00Z,28.401,4.106,17.34,3200.8,0.4292,21.38,0,0
2026-02-01T02:34:00Z,28.407,4.106,17.5,3199.2,0.4414,21.24,0,0
2026-02-01T02:35:00Z,28.423,4.159,18.13,3203.5,0.4409,21.52,0,0
2026-02-01T02:36:00Z,27.704,4.368,-7.73,3206.1,0.4402,21.36,1,1
2026-02-01T02:37:00Z,27.724,4.368,-7.22,3202.5,0.4436,21.58,1,1
2026-02-01T02:38:00Z,27.718,4.418,-8.47,3190.3,0.438,21.31,1,1
2026-02-01T02:39:00Z,27.722,4.369,-7.69,3190.4,0.4407,21.37,1,1
2026-02-01T02:40:00Z,27.699,4.384,-8.26,3184.6,0.4494,21.28,1,1
2026-02-01T02:41:00Z,27.7,4.444,-8.33,3196.8,0.4357,21.56,1,1
2026-02-01T02:42:00Z,27.72,4.35,-8.29,3187.4,0.4311,21.58,1,1
2026-02-01T02:43:00Z,27.67,4.387,-7.57,3184.8,0.4352,21.32,1,1
2026-02-01T02:44:00Z,27.678,4.45,-8.51,3204.3,0.4422,21.29,1,1
2026-02-01T02:45:00Z,27.689,4.423,-8.53,3200.8,0.4371,21.43,1,1
2026-02-01T02:46:00Z,27.666,4.423,-7.84,3200.1,0.4313,21.46,1,1
2026-02-01T02:47:00Z,27.711,4.421,-8.02,3213.0,0.4486,21.46,1,1
2026-02-01T02:48:00Z,27.73,4.413,-7.88,3204.7,0.4445,21.21,1,1
2026-02-01T02:49:00Z,27.692,4.335,-7.75,3208.0,0.4431,21.82,1,1
2026-02-01T02:50:00Z,27.676,4.369,-7.17,3207.6,0.4492,21.3,1,1
2026-02-01T02:51:00Z,27.717,4.384,-7.46,3209.5,0.4418,21.21,1,1
2026-02-01T02:52:00Z,27.705,4.424,-7.8,3201.6,0.4404,21.07,1,1
2026-02-01T02:53:00Z,27.685,4.383,-7.66,3189.5,0.4445,21.39,1,1
2026-02-01T02:54:00Z,27.687,4.364,-7.8,3194.0,0.4403,21.24,1,1
2026-02-01T02:55:00Z,27.687,4.443,-8.33,3184.3,0.4351,21.48,1,1
2026-02-01T02:56:00Z,27.699,4.456,-8.1,3201.3,0.4471,21.46,1,1
2026-02-01T02:57:00Z,27.673,4.446,-7.89,3195.8,0.4392,21.19,1,1
2026-02-01T02:58:00Z,27.734,4.409,-7.85,3190.7,0.4472,21.48,1,1
2026-02-01T02:59:00Z,27.699,4.402,-8.06,3198.9,0.4367,21.32,1,1
2026-02-01T03:00:00Z,27.716,4.373,-7.68,3206.8,0.4494,21.14,1,1
2026-02-01T03:01:00Z,27.677,4.375,-7.2,3207.3,0.4469,21.5,1,1
2026-02-01T03:02:00Z,27.717,4.386,-8.31,3203.5,0.4358,21.49,1,1
2026-02-01T03:03:00Z,27.706,4.443,-8.38,3215.9,0.4462,21.35,1,1
2026-02-01T03:04:00Z,27.705,4.363,-8.38,3214.8,0.4468,21.23,1,1
2026-02-01T03:05:00Z,27.716,4.452,-8.39,3209.6,0.4458,21.23,1,1
2026-02-01T03:06:00Z,27.696,4.393,-8.06,3204.8,0.432,21.5,1,1
2026-02-01T03:07:00Z,27.712,4.379,-7.94,3199.2,0.4351,21.68,1,1
2026-02-01T03:08:00Z,27.701,4.413,-8.19,3191.5,0.4417,21.38,1,1
2026-02-01T03:09:00Z,27.708,4.412,-7.88,3198.2,0.4366,21.24,1,1
2026-02-01T03:10:00Z,28.425,4.14,17.8,3188.3,0.4335,21.36,0,0
2026-02-01T03:11:00Z,28.428,4.045,18.11,3196.6,0.4357,21.02,0,0
2026-02-01T03:12:00Z,28.406,4.116,18.18,3192.8,0.4431,21.54,0,0
2026-02-01T03:13:00Z,28.434,4.096,17.8,3204.1,0.4413,21.61,0,0
2026-02-01T03:14:00Z,28.38,4.096,17.84,3188.1,0.4562,21.2,0,0
2026-02-01T03:15:00Z,28.379,4.096,18.61,3205.9,0.4471,21.55,0,0
2026-02-01T03:16:00Z,28.381,4.127,18.35,3204.6,0.4566,21.4,0,0
2026-02-01T03:17:00Z,28.422,4.142,17.93,3213.2,0.4405,21.38,0,0
2026-02-01T03:18:00Z,28.366,4.067,18.53,3202.6,0.4442,21.36,0,0
2026-02-01T03:19:00Z,28.426,4.113,18.14,3209.7,0.4431,21.72,0,0
2026-02-01T03:20:00Z,28.384,4.097,18.1,3203.0,0.4403,21.39,0,0
2026-02-01T03:21:00Z,28.387,4.08,17.61,3209.5,0.4497,21.24,0,0
2026-02-01T03:22:00Z,28.385,4.127,18.68,3194.4,0.4485,21.44,0,0
2026-02-01T03:23:00Z,28.411,4.119,18.32,3209.6,0.4376,21.51,0,0
2026-02-01T03:24:00Z,28.393,4.094,17.82,3192.3,0.4456,21.1,0,0
2026-02-01T03:25:00Z,28.392,4.112,17.24,3188.2,0.4432,21.43,0,0
2026-02-01T03:26:00Z,28.386,4.06,18.15,3192.3,0.444,21.32,0,0
2026-02-01T03:27:00Z,28.39,4.106,17.99,3187.9,0.4555,21.31,0,0
2026-02-01T03:28:00Z,28.371,4.092,18.05,3187.0,0.4368,21.31,0,0
2026-02-01T03:29:00Z,28.42,4.092,17.82,3197.6,0.4595,21.35,0,0
2026-02-01T03:30:00Z,28.379,4.132,18.47,3198.7,0.4432,21.35,0,0
2026-02-01T03:31:00Z,28.389,4.126,17.6,3197.3,0.4478,21.52,0,0
2026-02-01T03:32:00Z,28.413,4.095,18.08,3210.2,0.4493,21.43,0,0
2026-02-01T03:33:00Z,28.377,4.09,18.85,3210.7,0.4403,21.29,0,0
2026-02-01T03:34:00Z,28.382,4.158,17.92,3220.4,0.4443,21.44,0,0
2026-02-01T03:35:00Z,28.369,4.076,18.31,3214.8,0.4393,21.4,0,0
2026-02-01T03:36:00Z,28.404,4.069,17.79,3209.1,0.4404,21.52,0,0
2026-02-01T03:37:00Z,28.415,4.11,17.56,3206.5,0.4535,21.47,0,0
2026-02-01T03:38:00Z,28.426,4.1,17.95,3192.2,0.4393,21.38,0,0
2026-02-01T03:39:00Z,28.418,4.061,17.09,3195.1,0.4456,21.22,0,0
2026-02-01T03:40:00Z,28.367,4.043,17.73,3183.3,0.4394,21.74,0,0
2026-02-01T03:41:00Z,28.421,4.119,17.67,3183.4,0.4569,21.42,0,0
2026-02-01T03:42:00Z,28.407,4.118,18.32,3185.3,0.453,21.6,0,0
2026-02-01T03:43:00Z,28.383,4.069,18.38,3180.9,0.4449,21.15,0,0
2026-02-01T03:44:00Z,28.44,4.095,17.88,3202.8,0.4495,21.45,0,0
2026-02-01T03:45:00Z,28.373,4.109,18.23,3198.1,0.4517,21.59,0,0
2026-02-01T03:46:00Z,28.427,4.095,18.14,3202.7,0.45,21.61,0,0
2026-02-01T03:47:00Z,28.406,4.113,18.37,3216.4,0.4465,21.63,0,0
2026-02-01T03:48:00Z,28.414,4.111,17.88,3209.5,0.4461,21.27,0,0
2026-02-01T03:49:00Z,28.368,4.053,18.39,3203.5,0.4523,21.74,0,0
2026-02-01T03:50:00Z,28.402,4.059,17.91,3207.7,0.4488,21.41,0,0
2026-02-01T03:51:00Z,28.42,4.089,18.1,3204.2,0.4386,21.34,0,0
2026-02-01T03:52:00Z,28.44,4.106,18.38,3192.5,0.4578,21.62,0,0
2026-02-01T03:53:00Z,28.395,4.098,17.58,3197.8,0.4537,21.46,0,0
2026-02-01T03:54:00Z,28.386,4.087,17.97,3197.9,0.4511,21.68,0,0
2026-02-01T03:55:00Z,28.38,4.142,17.76,3193.6,0.4521,21.38,0,0
2026-02-01T03:56:00Z,28.393,4.122,18.18,3189.6,0.4495,21.6,0,0
2026-02-01T03:57:00Z,28.418,4.078,18.39,3190.1,0.4533,21.57,0,0
2026-02-01T03:58:00Z,28.385,4.059,18.61,3200.4,0.4402,21.53,0,0
2026-02-01T03:59:00Z,28.405,4.135,18.67,3197.2,0.4463,21.34,0,0
2026-02-01T04:00:00Z,28.417,4.109,18.29,3196.5,0.4483,21.27,0,0
2026-02-01T04:01:00Z,28.38,4.101,18.17,3209.9,0.4449,21.65,0,0
2026-02-01T04:02:00Z,28.378,4.12,17.58,3207.9,0.4498,21.59,0,0
2026-02-01T04:03:00Z,28.422,4.098,17.46,3206.4,0.4552,21.54,0,0
2026-02-01T04:04:00Z,28.388,4.094,17.61,3211.2,0.4542,21.77,0,0
2026-02-01T04:05:00Z,28.419,4.105,18.22,3216.0,0.4533,21.52,0,0
2026-02-01T04:06:00Z,28.388,4.038,18.05,3203.8,0.4414,21.4,0,0
2026-02-01T04:07:00Z,28.397,4.149,18.24,3206.2,0.4582,21.7,0,0
2026-02-01T04:08:00Z,28.38,4.116,17.98,3199.6,0.452,21.57,0,0
2026-02-01T04:09:00Z,28.405,4.1,17.32,3186.2,0.4621,21.5,0,0
2026-02-01T04:10:00Z,28.413,4.14,17.65,3188.6,0.4444,21.53,0,0
2026-02-01T04:11:00Z,27.724,4.439,-7.78,3191.1,0.4506,21.58,1,1
2026-02-01T04:12:00Z,27.697,4.39,-7.96,3191.4,0.4542,21.6,1,1
2026-02-01T04:13:00Z,27.723,4.415,-8.01,3196.4,0.4605,21.56,1,1
2026-02-01T04:14:00Z,27.741,4.396,-8.4,3192.8,0.4533,21.55,1,1
2026-02-01T04:15:00Z,27.698,4.413,-9.21,3206.3,0.4536,21.31,1,1
2026-02-01T04:16:00Z,27.709,4.381,-8.17,3211.9,0.4418,21.61,1,1
2026-02-01T04:17:00Z,27.712,4.355,-8.39,3210.9,0.4413,21.61,1,1
2026-02-01T04:18:00Z,27.706,4.409,-8.32,3202.9,0.4607,21.5,1,1
2026-02-01T04:19:00Z,27.697,4.429,-7.9,3209.4,0.4525,21.55,1,1
2026-02-01T04:20:00Z,27.702,4.403,-8.17,3207.5,0.4542,21.51,1,1
2026-02-01T04:21:00Z,27.715,4.335,-8.56,3206.9,0.4453,21.69,1,1
2026-02-01T04:22:00Z,27.711,4.439,-7.78,3198.1,0.4444,21.37,1,1
2026-02-01T04:23:00Z,27.724,4.346,-7.56,3182.8,0.4529,21.52,1,1
2026-02-01T04:24:00Z,27.679,4.364,-7.9,3197.0,0.4625,21.59,1,1
2026-02-01T04:25:00Z,27.717,4.344,-8.35,3184.9,0.4547,21.62,1,1
2026-02-01T04:26:00Z,27.696,4.375,-7.88,3185.1,0.4496,21.5,1,1
2026-02-01T04:27:00Z,27.739,4.465,-8.31,3199.6,0.4549,21.66,1,1
2026-02-01T04:28:00Z,27.675,4.455,-8.43,3192.2,0.4482,21.45,1,1
2026-02-01T04:29:00Z,27.706,4.396,-7.48,3192.1,0.4425,21.5,1,1
2026-02-01T04:30:00Z,27.725,4.433,-8.07,3188.9,0.4644,21.69,1,1
2026-02-01T04:31:00Z,27.702,4.42,-8.4,3216.7,0.455,21.57,1,1
2026-02-01T04:32:00Z,27.73,4.398,-8.01,3217.5,0.4544,21.58,1,1
2026-02-01T04:33:00Z,27.702,4.367,-7.49,3202.5,0.4547,21.54,1,1
2026-02-01T04:34:00Z,27.673,4.394,-8.01,3213.4,0.4545,21.62,1,1
2026-02-01T04:35:00Z,27.691,4.409,-7.95,3211.3,0.4593,21.64,1,1
2026-02-01T04:36:00Z,27.723,4.379,-7.98,3212.2,0.4574,21.59,1,1
2026-02-01T04:37:00Z,27.663,4.447,-8.44,3194.0,0.4532,21.38,1,1
2026-02-01T04:38:00Z,27.669,4.415,-7.67,3191.5,0.4613,21.32,1,1
2026-02-01T04:39:00Z,27.713,4.383,-7.73,3189.6,0.4646,21.16,1,1
2026-02-01T04:40:00Z,27.653,4.409,-8.53,3192.6,0.4521,21.26,1,1
2026-02-01T04:41:00Z,27.703,4.444,-7.34,3193.3,0.4439,21.66,1,1
2026-02-01T04:42:00Z,27.675,4.407,-7.59,3189.4,0.4549,21.61,1,1
2026-02-01T04:43:00Z,27.688,4.357,-8.06,3192.8,0.4486,21.47,1,1
2026-02-01T04:44:00Z,27.683,4.4,-7.94,3202.7,0.454,21.59,1,1
2026-02-01T04:45:00Z,28.421,4.15,18.23,3202.8,0.4639,21.76,0,0
2026-02-01T04:46:00Z,28.365,4.101,17.87,3206.8,0.455,21.54,0,0
2026-02-01T04:47:00Z,28.392,4.139,17.92,3222.1,0.4699,21.31,0,0
2026-02-01T04:48:00Z,28.414,4.099,17.72,3209.4,0.4541,21.44,0,0
2026-02-01T04:49:00Z,28.406,4.118,17.65,3206.8,0.4518,21.46,0,0
2026-02-01T04:50:00Z,28.36,4.155,18.1,3201.2,0.4538,21.82,0,0
2026-02-01T04:51:00Z,28.392,4.072,18.15,3208.7,0.4523,21.72,0,0
2026-02-01T04:52:00Z,28.398,4.077,17.76,3202.9,0.4549,21.62,0,0
2026-02-01T04:53:00Z,28.398,4.118,17.76,3192.2,0.4554,21.7,0,0
2026-02-01T04:54:00Z,28.417,4.095,18.48,3181.0,0.4525,21.61,0,0
2026-02-01T04:55:00Z,28.439,4.106,17.85,3186.1,0.4579,21.8,0,0
2026-02-01T04:56:00Z,28.378,4.093,18.19,3185.9,0.4513,21.8,0,0
2026-02-01T04:57:00Z,28.416,4.06,17.83,3189.2,0.4568,21.67,0,0
2026-02-01T04:58:00Z,28.36,4.084,18.25,3194.5,0.4524,21.77,0,0
2026-02-01T04:59:00Z,28.394,4.049,17.98,3198.5,0.4494,21.57,0,0
2026-02-01T05:00:00Z,28.403,4.123,17.85,3212.5,0.4571,21.88,0,0
2026-02-01T05:01:00Z,28.412,4.068,17.99,3212.3,0.4459,21.55,0,0
2026-02-01T05:02:00Z,28.425,4.105,18.45,3206.1,0.4582,21.79,0,0
2026-02-01T05:03:00Z,28.392,4.119,18.45,3222.6,0.459,21.81,0,0
2026-02-01T05:04:00Z,28.398,4.111,18.14,3204.3,0.4449,21.72,0,0
2026-02-01T05:05:00Z,28.412,4.085,17.94,3210.5,0.4569,21.72,0,0
2026-02-01T05:06:00Z,28.41,4.124,18.25,3202.1,0.4634,21.5,0,0
2026-02-01T05:07:00Z,28.387,4.147,17.83,3206.5,0.4613,21.43,0,0
2026-02-01T05:08:00Z,28.379,4.119,18.79,3188.4,0.4539,21.6,0,0
2026-02-01T05:09:00Z,28.412,4.077,18.05,3186.1,0.4599,21.72,0,0
2026-02-01T05:10:00Z,28.396,4.077,18.36,3181.5,0.4534,21.48,0,0
2026-02-01T05:11:00Z,28.399,4.074,18.52,3185.9,0.4618,21.82,0,0
2026-02-01T05:12:00Z,28.363,4.093,18.66,3184.3,0.4634,21.9,0,0
2026-02-01T05:13:00Z,28.425,4.08,17.85,3186.0,0.4576,21.92,0,0
2026-02-01T05:14:00Z,28.419,4.088,18.0,3204.4,0.465,21.45,0,0
2026-02-01T05:15:00Z,28.409,4.133,18.09,3211.1,0.4624,21.4,0,0
2026-02-01T05:16:00Z,28.4,4.154,17.5,3202.2,0.4619,21.34,0,0
2026-02-01T05:17:00Z,28.392,4.032,17.58,3207.0,0.4599,21.36,0,0
2026-02-01T05:18:00Z,28.384,4.095,17.95,3210.5,0.4635,21.98,0,0
2026-02-01T05:19:00Z,28.398,4.092,18.14,3211.3,0.463,21.66,0,0
2026-02-01T05:20:00Z,28.374,4.038,17.33,3208.0,0.4595,21.66,0,0
2026-02-01T05:21:00Z,28.356,4.091,18.18,3205.3,0.4477,21.74,0,0
2026-02-01T05:22:00Z,28.371,4.074,17.57,3204.7,0.4522,21.52,0,0
2026-02-01T05:23:00Z,28.366,4.14,18.4,3189.0,0.4623,21.65,0,0
2026-02-01T05:24:00Z,28.414,4.097,17.55,3183.0,0.4541,21.73,0,0
2026-02-01T05:25:00Z,28.375,4.116,18.23,3188.7,0.4517,21.83,0,0
2026-02-01T05:26:00Z,28.401,4.086,18.14,3185.3,0.4501,22.0,0,0
2026-02-01T05:27:00Z,28.378,4.056,17.71,3181.9,0.4696,22.01,0,0
2026-02-01T05:28:00Z,28.38,4.06,18.26,3200.6,0.4501,21.55,0,0
2026-02-01T05:29:00Z,28.376,4.1,18.29,3192.0,0.461,21.81,0,0
2026-02-01T05:30:00Z,28.384,4.122,17.17,3202.9,0.4589,21.84,0,0
2026-02-01T05:31:00Z,28.401,4.141,18.31,3221.6,0.4803,21.79,0,0
2026-02-01T05:32:00Z,28.381,4.097,17.4,3213.4,0.467,21.74,0,0
2026-02-01T05:33:00Z,28.395,4.102,18.26,3222.4,0.4673,21.67,0,0
2026-02-01T05:34:00Z,28.416,4.073,17.51,3205.9,0.4597,21.92,0,0
2026-02-01T05:35:00Z,28.408,4.089,17.8,3223.4,0.4539,21.67,0,0
2026-02-01T05:36:00Z,28.437,4.106,18.7,3208.8,0.4489,21.75,0,0
2026-02-01T05:37:00Z,28.373,4.029,17.88,3205.8,0.4694,21.86,0,0
2026-02-01T05:38:00Z,28.41,4.125,17.78,3191.6,0.4588,21.65,0,0
2026-02-01T05:39:00Z,28.445,4.039,18.04,3179.4,0.464,22.0,0,0
2026-02-01T05:40:00Z,28.416,4.125,18.27,3181.8,0.4653,21.81,0,0
2026-02-01T05:41:00Z,28.399,4.11,17.61,3186.4,0.4678,21.86,0,0
2026-02-01T05:42:00Z,28.403,4.101,18.29,3200.7,0.4602,21.63,0,0
2026-02-01T05:43:00Z,28.395,4.048,18.07,3183.8,0.4665,21.89,0,0
2026-02-01T05:44:00Z,28.403,4.083,17.46,3207.2,0.4683,22.1,0,0
2026-02-01T05:45:00Z,28.374,4.105,17.35,3203.7,0.4703,21.63,0,0
2026-02-01T05:46:00Z,27.721,4.457,-7.66,3219.6,0.4595,21.56,1,1
2026-02-01T05:47:00Z,27.705,4.321,-8.33,3207.0,0.4622,21.68,1,1
2026-02-01T05:48:00Z,27.698,4.452,-7.6,3205.6,0.4538,21.5,1,1
2026-02-01T05:49:00Z,27.712,4.391,-7.44,3218.1,0.4611,21.7,1,1
2026-02-01T05:50:00Z,27.702,4.414,-8.21,3212.5,0.4688,21.68,1,1
2026-02-01T05:51:00Z,27.689,4.404,-8.43,3202.3,0.4688,22.0,1,1
2026-02-01T05:52:00Z,27.695,4.392,-7.47,3197.8,0.4667,21.85,1,1
2026-02-01T05:53:00Z,27.695,4.389,-8.02,3194.4,0.4591,21.7,1,1
2026-02-01T05:54:00Z,27.693,4.414,-7.38,3184.1,0.4646,21.7,1,1
2026-02-01T05:55:00Z,27.714,4.33,-8.09,3194.8,0.4605,21.84,1,1
2026-02-01T05:56:00Z,27.695,4.382,-8.02,3189.7,0.4658,21.89,1,1
2026-02-01T05:57:00Z,27.684,4.399,-8.47,3193.0,0.4673,21.9,1,1
2026-02-01T05:58:00Z,27.686,4.393,-8.06,3195.4,0.4598,21.86,1,1
2026-02-01T05:59:00Z,27.678,4.422,-7.46,3199.0,0.4659,21.81,1,1
2026-02-01T06:00:00Z,27.7,4.44,-7.72,3210.6,0.4586,21.96,1,1
2026-02-01T06:01:00Z,27.685,4.405,-7.9,3225.3,0.4631,21.64,1,1
2026-02-01T06:02:00Z,27.703,4.357,-7.97,3217.6,0.4681,21.57,1,1
2026-02-01T06:03:00Z,27.709,4.388,-8.12,3211.2,0.4677,21.98,1,1
2026-02-01T06:04:00Z,27.715,4.436,-8.04,3210.5,0.4682,22.14,1,1
2026-02-01T06:05:00Z,27.664,4.433,-8.05,3209.5,0.4609,21.84,1,1
2026-02-01T06:06:00Z,27.682,4.436,-8.11,3207.1,0.4657,21.68,1,1
2026-02-01T06:07:00Z,27.718,4.411,-7.55,3190.7,0.4511,22.06,1,1
2026-02-01T06:08:00Z,27.716,4.305,-7.69,3196.4,0.464,21.97,1,1
2026-02-01T06:09:00Z,27.715,4.371,-7.93,3189.6,0.4639,21.82,1,1
2026-02-01T06:10:00Z,27.706,4.407,-7.73,3184.0,0.4802,21.92,1,1
2026-02-01T06:11:00Z,27.719,4.379,-7.65,3185.2,0.4645,21.64,1,1
2026-02-01T06:12:00Z,27.678,4.397,-8.4,3189.6,0.4659,21.66,1,1
2026-02-01T06:13:00Z,27.71,4.435,-8.08,3201.8,0.4713,21.98,1,1
2026-02-01T06:14:00Z,27.656,4.406,-8.29,3202.9,0.4648,21.84,1,1
2026-02-01T06:15:00Z,27.716,4.332,-8.17,3213.8,0.4739,21.72,1,1
2026-02-01T06:16:00Z,27.708,4.39,-8.05,3233.5,0.4592,21.61,1,1
2026-02-01T06:17:00Z,27.727,4.389,-7.82,3216.0,0.477,21.7,1,1
2026-02-01T06:18:00Z,27.725,4.409,-6.86,3226.1,0.46,21.97,1,1
2026-02-01T06:19:00Z,27.719,4.396,-9.12,3206.9,0.4738,21.76,1,1
2026-02-01T06:20:00Z,28.395,4.114,17.51,3211.4,0.4656,21.7,0,0
2026-02-01T06:21:00Z,28.426,4.112,17.38,3192.0,0.4755,21.77,0,0
2026-02-01T06:22:00Z,28.41,4.051,17.79,3199.1,0.4739,21.63,0,0
2026-02-01T06:23:00Z,28.394,4.061,18.16,3187.6,0.472,21.83,0,0
2026-02-01T06:24:00Z,28.414,4.082,17.84,3183.8,0.4735,21.71,0,0
2026-02-01T06:25:00Z,28.399,4.085,18.66,3175.0,0.4683,21.74,0,0
2026-02-01T06:26:00Z,28.404,4.083,18.01,3174.9,0.465,21.63,0,0
2026-02-01T06:27:00Z,28.412,4.109,17.52,3189.3,0.4632,21.52,0,0
2026-02-01T06:28:00Z,28.405,4.1,17.48,3197.8,0.4578,21.86,0,0
2026-02-01T06:29:00Z,28.409,4.109,18.14,3203.3,0.4633,21.95,0,0
2026-02-01T06:30:00Z,28.423,4.121,17.46,3205.0,0.4735,21.59,0,0
2026-02-01T06:31:00Z,28.431,4.081,17.82,3211.6,0.4733,21.7,0,0
2026-02-01T06:32:00Z,28.397,4.063,18.18,3219.5,0.4696,21.77,0,0
2026-02-01T06:33:00Z,28.364,4.111,16.7,3218.7,0.4696,21.76,0,0
2026-02-01T06:34:00Z,28.409,4.043,18.49,3212.0,0.4669,21.94,0,0
2026-02-01T06:35:00Z,28.369,4.059,18.12,3212.3,0.4671,21.82,0,0
2026-02-01T06:36:00Z,28.38,4.045,18.09,3200.0,0.4607,21.84,0,0
2026-02-01T06:37:00Z,28.394,4.09,18.09,3199.5,0.4712,21.75,0,0
2026-02-01T06:38:00Z,28.404,4.088,17.54,3190.6,0.4722,21.98,0,0
2026-02-01T06:39:00Z,28.362,4.121,17.76,3176.7,0.478,21.97,0,0
2026-02-01T06:40:00Z,28.445,4.105,18.89,3183.3,0.4622,21.64,0,0
2026-02-01T06:41:00Z,28.371,4.117,18.49,3189.4,0.4694,21.64,0,0
2026-02-01T06:42:00Z,28.367,4.121,18.34,3205.5,0.4715,22.12,0,0
2026-02-01T06:43:00Z,28.388,4.095,17.23,3210.5,0.4563,21.89,0,0
2026-02-01T06:44:00Z,28.398,4.055,18.05,3196.0,0.4737,21.75,0,0
2026-02-01T06:45:00Z,28.409,4.105,18.2,3197.5,0.4658,21.83,0,0
2026-02-01T06:46:00Z,28.373,4.091,18.0,3216.4,0.4747,21.72,0,0
2026-02-01T06:47:00Z,28.396,4.112,17.72,3229.3,0.4705,21.89,0,0
2026-02-01T06:48:00Z,28.398,4.092,18.41,3223.3,0.4675,21.98,0,0
2026-02-01T06:49:00Z,28.408,4.12,17.18,3219.0,0.4667,21.83,0,0
2026-02-01T06:50:00Z,28.423,4.147,18.32,3218.2,0.4711,21.98,0,0
2026-02-01T06:51:00Z,28.389,4.095,18.0,3198.3,0.4688,21.99,0,0
2026-02-01T06:52:00Z,28.427,4.146,17.73,3194.3,0.4684,21.96,0,0
2026-02-01T06:53:00Z,28.408,4.093,17.72,3192.5,0.4637,21.72,0,0
2026-02-01T06:54:00Z,28.428,4.082,17.74,3185.6,0.4699,21.89,0,0
2026-02-01T06:55:00Z,28.398,4.136,17.71,3178.1,0.4655,21.87,0,0
2026-02-01T06:56:00Z,28.403,4.077,17.91,3188.0,0.4816,21.76,0,0
2026-02-01T06:57:00Z,28.393,4.091,18.23,3184.4,0.4694,21.82,0,0
2026-02-01T06:58:00Z,28.395,4.097,17.7,3189.9,0.4786,21.92,0,0
2026-02-01T06:59:00Z,28.407,4.073,18.11,3202.6,0.4755,22.06,0,0
2026-02-01T07:00:00Z,28.416,4.141,17.28,3218.4,0.4838,21.84,0,0
2026-02-01T07:01:00Z,28.404,4.166,18.14,3211.9,0.4704,21.71,0,0
2026-02-01T07:02:00Z,28.423,4.126,17.86,3227.9,0.4769,21.63,0,0
2026-02-01T07:03:00Z,28.379,4.097,17.89,3223.2,0.4718,21.6,0,0
2026-02-01T07:04:00Z,28.424,4.1,17.39,3220.3,0.4812,21.99,0,0
2026-02-01T07:05:00Z,28.392,4.127,18.39,3204.5,0.464,22.04,0,0
2026-02-01T07:06:00Z,28.393,4.091,18.06,3205.6,0.4728,21.85,0,0
2026-02-01T07:07:00Z,28.394,4.114,18.46,3189.9,0.4824,21.99,0,0
2026-02-01T07:08:00Z,28.379,4.1,18.19,3192.0,0.4681,21.73,0,0
2026-02-01T07:09:00Z,28.411,4.039,18.0,3176.6,0.4748,21.94,0,0
2026-02-01T07:10:00Z,28.4,4.074,17.49,3165.0,0.4785,22.01,0,0
2026-02-01T07:11:00Z,28.379,4.095,18.56,3170.1,0.4817,21.7,0,0
2026-02-01T07:12:00Z,28.434,4.129,17.94,3186.7,0.483,21.97,0,0
2026-02-01T07:13:00Z,28.41,4.082,18.68,3200.9,0.473,22.41,0,0
2026-02-01T07:14:00Z,28.416,4.077,18.31,3206.1,0.4714,21.84,0,0
2026-02-01T07:15:00Z,28.368,4.081,18.59,3212.3,0.4683,21.83,0,0
2026-02-01T07:16:00Z,28.391,4.065,17.79,3218.8,0.4756,21.95,0,0
2026-02-01T07:17:00Z,28.399,4.07,17.72,3213.9,0.464,22.07,0,0
2026-02-01T07:18:00Z,28.385,4.036,17.91,3207.9,0.4756,22.05,0,0
2026-02-01T07:19:00Z,28.408,4.138,17.77,3218.7,0.4764,22.02,0,0
2026-02-01T07:20:00Z,28.372,4.08,18.07,3218.3,0.4804,22.18,0,0
2026-02-01T07:21:00Z,27.67,4.378,-7.84,3205.2,0.478,21.71,1,1
2026-02-01T07:22:00Z,27.718,4.4,-7.87,3192.6,0.4794,21.82,1,1
2026-02-01T07:23:00Z,27.676,4.406,-8.6,3193.1,0.4764,22.09,1,1
2026-02-01T07:24:00Z,27.693,4.431,-8.38,3176.9,0.4672,21.94,1,1
2026-02-01T07:25:00Z,27.683,4.428,-7.62,3181.9,0.4753,22.1,1,1
2026-02-01T07:26:00Z,27.664,4.444,-8.02,3167.6,0.4691,21.89,1,1
2026-02-01T07:27:00Z,27.68,4.442,-8.12,3187.5,0.4705,21.75,1,1
2026-02-01T07:28:00Z,27.679,4.395,-8.06,3199.2,0.4821,21.95,1,1
2026-02-01T07:29:00Z,27.711,4.482,-8.46,3203.3,0.4837,22.04,1,1
2026-02-01T07:30:00Z,27.694,4.408,-8.26,3214.5,0.4761,22.16,1,1
2026-02-01T07:31:00Z,27.714,4.409,-8.62,3207.3,0.4823,21.92,1,1
2026-02-01T07:32:00Z,27.675,4.378,-7.59,3220.5,0.4624,22.26,1,1
2026-02-01T07:33:00Z,27.68,4.383,-8.35,3220.4,0.4686,21.95,1,1
2026-02-01T07:34:00Z,27.705,4.422,-7.73,3219.7,0.4822,21.86,1,1
2026-02-01T07:35:00Z,27.727,4.441,-8.46,3207.9,0.4726,22.02,1,1
2026-02-01T07:36:00Z,27.695,4.373,-8.45,3202.8,0.4801,22.13,1,1
2026-02-01T07:37:00Z,27.681,4.375,-7.97,3187.5,0.4653,21.95,1,1
2026-02-01T07:38:00Z,27.739,4.394,-8.35,3195.7,0.4793,21.96,1,1
2026-02-01T07:39:00Z,27.692,4.445,-7.89,3180.1,0.4767,21.75,1,1
2026-02-01T07:40:00Z,27.706,4.405,-7.82,3177.2,0.4756,21.81,1,1
2026-02-01T07:41:00Z,27.71,4.399,-7.43,3186.1,0.486,22.05,1,1
2026-02-01T07:42:00Z,27.677,4.448,-8.43,3187.2,0.4757,22.05,1,1
2026-02-01T07:43:00Z,27.702,4.377,-7.53,3200.4,0.4828,21.86,1,1
2026-02-01T07:44:00Z,27.755,4.427,-8.07,3215.8,0.4739,22.02,1,1
2026-02-01T07:45:00Z,27.715,4.451,-7.04,3210.6,0.4842,21.84,1,1
2026-02-01T07:46:00Z,27.719,4.419,-8.16,3212.7,0.4754,21.75,1,1
2026-02-01T07:47:00Z,27.708,4.391,-8.53,3225.1,0.4855,22.03,1,1
2026-02-01T07:48:00Z,27.709,4.37,-7.34,3223.0,0.4774,21.95,1,1
2026-02-01T07:49:00Z,27.677,4.406,-8.9,3213.3,0.4736,22.06,1,1
2026-02-01T07:50:00Z,27.669,4.383,-7.76,3197.4,0.4764,21.86,1,1
2026-02-01T07:51:00Z,27.718,4.416,-7.35,3191.2,0.4804,21.97,1,1
2026-02-01T07:52:00Z,27.699,4.391,-8.23,3193.7,0.4819,22.02,1,1
2026-02-01T07:53:00Z,27.7,4.468,-8.21,3188.0,0.4696,21.7,1,1
2026-02-01T07:54:00Z,27.69,4.395,-8.29,3179.4,0.4811,22.29,1,1
2026-02-01T07:55:00Z,28.42,4.046,16.83,3179.1,0.4717,22.07,0,0
2026-02-01T07:56:00Z,28.409,4.083,18.56,3171.0,0.487,22.2,0,0
2026-02-01T07:57:00Z,28.414,4.098,18.29,3193.2,0.4777,22.0,0,0
2026-02-01T07:58:00Z,28.391,4.064,18.12,3197.9,0.4681,21.93,0,0
2026-02-01T07:59:00Z,28.393,4.076,18.3,3209.6,0.4753,22.1,0,0
2026-02-01T08:00:00Z,28.413,4.087,18.1,3212.3,0.4783,21.93,0,0
2026-02-01T08:01:00Z,28.404,4.08,17.95,3212.5,0.4822,21.93,0,0
2026-02-01T08:02:00Z,28.416,4.165,18.02,3213.9,0.4834,21.91,0,0
2026-02-01T08:03:00Z,28.422,4.119,18.07,3235.6,0.4769,22.19,0,0
2026-02-01T08:04:00Z,28.397,4.123,18.07,3206.4,0.4815,21.92,0,0
2026-02-01T08:05:00Z,28.399,4.136,18.54,3214.7,0.4796,21.77,0,0
2026-02-01T08:06:00Z,28.426,4.077,17.52,3203.2,0.477,21.9,0,0
2026-02-01T08:07:00Z,28.407,4.075,17.93,3193.5,0.4818,22.04,0,0
2026-02-01T08:08:00Z,28.387,4.108,17.73,3187.1,0.4843,21.9,0,0
2026-02-01T08:09:00Z,28.401,4.103,18.6,3179.6,0.4872,21.83,0,0
2026-02-01T08:10:00Z,28.413,4.1,17.08,3179.6,0.4835,22.28,0,0
2026-02-01T08:11:00Z,28.401,4.0,19.26,3178.2,0.4868,22.16,0,0
2026-02-01T08:12:00Z,28.413,4.137,18.57,3186.4,0.4847,22.1,0,0
2026-02-01T08:13:00Z,28.387,4.133,17.47,3202.7,0.4766,22.07,0,0
2026-02-01T08:14:00Z,28.421,4.111,18.07,3203.9,0.4694,22.07,0,0
2026-02-01T08:15:00Z,28.371,4.08,17.72,3210.0,0.4749,21.96,0,0
2026-02-01T08:16:00Z,28.363,4.119,18.57,3223.4,0.4779,22.19,0,0
2026-02-01T08:17:00Z,28.38,4.088,17.84,3222.3,0.4755,21.92,0,0
2026-02-01T08:18:00Z,28.43,4.112,17.94,3223.9,0.4837,22.02,0,0
2026-02-01T08:19:00Z,28.369,4.137,18.01,3218.3,0.4784,22.17,0,0
2026-02-01T08:20:00Z,28.409,4.102,18.69,3209.5,0.4765,22.13,0,0
2026-02-01T08:21:00Z,28.378,4.123,18.46,3204.1,0.4857,22.06,0,0
2026-02-01T08:22:00Z,28.388,4.141,17.83,3185.2,0.4872,22.02,0,0
2026-02-01T08:23:00Z,28.417,4.087,17.86,3181.5,0.4886,22.06,0,0
2026-02-01T08:24:00Z,28.36,4.082,18.37,3182.4,0.483,21.92,0,0
2026-02-01T08:25:00Z,28.39,4.091,18.08,3188.3,0.4791,22.09,0,0
2026-02-01T08:26:00Z,28.407,4.104,18.21,3175.2,0.4827,22.11,0,0
2026-02-01T08:27:00Z,28.408,4.109,18.33,3176.1,0.4907,22.24,0,0
2026-02-01T08:28:00Z,28.415,4.086,18.02,3197.8,0.4791,22.02,0,0
2026-02-01T08:29:00Z,28.421,4.145,18.61,3201.1,0.4831,22.13,0,0
2026-02-01T08:30:00Z,28.442,4.095,17.14,3210.6,0.4783,22.21,0,0
2026-02-01T08:31:00Z,28.388,4.074,17.99,3213.4,0.4808,22.14,0,0
2026-02-01T08:32:00Z,28.428,4.103,18.36,3212.6,0.4867,21.96,0,0
2026-02-01T08:33:00Z,28.4,4.069,18.74,3220.4,0.474,21.95,0,0
2026-02-01T08:34:00Z,28.411,4.075,17.64,3224.2,0.4809,22.15,0,0
2026-02-01T08:35:00Z,28.389,4.111,17.87,3216.0,0.4864,22.36,0,0
2026-02-01T08:36:00Z,28.372,4.041,17.44,3203.4,0.4822,21.96,0,0
2026-02-01T08:37:00Z,28.394,4.127,17.89,3199.3,0.4982,22.04,0,0
2026-02-01T08:38:00Z,28.409,4.098,17.53,3173.5,0.4785,22.03,0,0
2026-02-01T08:39:00Z,28.381,4.119,18.0,3172.1,0.4889,22.0,0,0
2026-02-01T08:40:00Z,28.399,4.123,17.58,3169.0,0.4901,22.36,0,0
2026-02-01T08:41:00Z,28.408,4.151,18.79,3176.9,0.4749,22.2,0,0
2026-02-01T08:42:00Z,28.412,4.094,17.66,3190.3,0.4788,22.13,0,0
2026-02-01T08:43:00Z,28.398,4.165,17.72,3192.9,0.4849,21.9,0,0
2026-02-01T08:44:00Z,28.374,4.084,17.65,3202.7,0.4796,22.22,0,0
2026-02-01T08:45:00Z,28.349,4.058,18.27,3207.7,0.482,22.15,0,0
2026-02-01T08:46:00Z,28.407,4.098,18.39,3218.3,0.4876,21.91,0,0
2026-02-01T08:47:00Z,28.377,4.106,18.46,3221.6,0.4771,22.18,0,0
2026-02-01T08:48:00Z,28.381,4.119,17.97,3232.3,0.4761,22.37,0,0
2026-02-01T08:49:00Z,28.406,4.043,18.5,3229.0,0.4851,21.91,0,0
2026-02-01T08:50:00Z,28.365,4.095,18.33,3205.5,0.4868,22.06,0,0
2026-02-01T08:51:00Z,28.408,4.064,18.62,3212.3,0.4857,22.18,0,0
2026-02-01T08:52:00Z,28.38,4.106,17.59,3191.3,0.4877,22.06,0,0
2026-02-01T08:53:00Z,28.379,4.115,17.85,3174.0,0.4832,22.31,0,0
2026-02-01T08:54:00Z,28.38,4.082,17.98,3176.2,0.4937,22.14,0,0
2026-02-01T08:55:00Z,28.419,4.102,18.07,3173.8,0.4791,22.25,0,0
2026-02-01T08:56:00Z,27.678,4.423,-8.18,3179.3,0.5,21.94,1,1
2026-02-01T08:57:00Z,27.702,4.413,-8.13,3193.6,0.4777,22.26,1,1
2026-02-01T08:58:00Z,27.719,4.407,-8.45,3185.1,0.4915,22.19,1,1
2026-02-01T08:59:00Z,27.669,4.387,-7.2,3208.2,0.4917,22.48,1,1
2026-02-01T09:00:00Z,27.708,4.412,-8.59,3208.1,0.4801,22.14,1,1
2026-02-01T09:01:00Z,27.702,4.404,-8.28,3226.0,0.4806,22.08,1,1
2026-02-01T09:02:00Z,27.684,4.388,-8.17,3232.5,0.4961,22.05,1,1
2026-02-01T09:03:00Z,27.728,4.437,-7.65,3224.4,0.484,22.33,1,1
2026-02-01T09:04:00Z,27.679,4.401,-8.07,3217.5,0.4876,22.17,1,1
2026-02-01T09:05:00Z,27.719,4.368,-8.37,3213.1,0.4853,22.25,1,1
2026-02-01T09:06:00Z,27.698,4.417,-8.81,3194.9,0.4887,21.98,1,1
2026-02-01T09:07:00Z,27.72,4.381,-8.09,3205.8,0.4914,22.08,1,1
2026-02-01T09:08:00Z,27.722,4.365,-8.12,3181.0,0.477,22.05,1,1
2026-02-01T09:09:00Z,27.713,4.423,-7.52,3182.9,0.4856,22.22,1,1
2026-02-01T09:10:00Z,27.726,4.408,-7.7,3177.3,0.4915,22.46,1,1
2026-02-01T09:11:00Z,27.683,4.449,-7.73,3166.8,0.4973,22.46,1,1
2026-02-01T09:12:00Z,27.69,4.409,-8.01,3183.2,0.4885,22.36,1,1
2026-02-01T09:13:00Z,27.7,4.348,-8.23,3197.2,0.4976,22.02,1,1
2026-02-01T09:14:00Z,27.713,4.414,-8.24,3206.4,0.4955,22.32,1,1
2026-02-01T09:15:00Z,27.7,4.407,-8.45,3218.9,0.4857,22.29,1,1
2026-02-01T09:16:00Z,27.688,4.413,-7.53,3225.1,0.4983,22.19,1,1
2026-02-01T09:17:00Z,27.698,4.37,-7.85,3229.3,0.4841,22.09,1,1
2026-02-01T09:18:00Z,27.705,4.37,-8.43,3221.0,0.5,22.35,1,1
2026-02-01T09:19:00Z,27.746,4.406,-8.13,3219.8,0.5041,22.28,1,1
2026-02-01T09:20:00Z,27.686,4.335,-8.09,3195.8,0.4847,22.64,1,1
2026-02-01T09:21:00Z,27.683,4.416,-7.5,3203.7,0.4954,22.03,1,1
2026-02-01T09:22:00Z,27.699,4.35,-8.24,3197.1,0.4891,22.18,1,1
2026-02-01T09:23:00Z,27.702,4.408,-8.04,3168.0,0.4869,22.1,1,1
2026-02-01T09:24:00Z,27.68,4.378,-7.1,3177.5,0.4824,22.32,1,1
2026-02-01T09:25:00Z,27.665,4.429,-7.97,3169.8,0.4883,22.0,1,1
2026-02-01T09:26:00Z,27.672,4.402,-7.51,3168.8,0.4921,22.15,1,1
2026-02-01T09:27:00Z,27.686,4.461,-8.2,3195.6,0.4891,22.29,1,1
2026-02-01T09:28:00Z,27.708,4.407,-7.64,3197.8,0.4871,22.33,1,1
2026-02-01T09:29:00Z,27.685,4.441,-7.32,3198.6,0.4845,22.2,1,1
2026-02-01T09:30:00Z,28.431,4.1,18.54,3220.9,0.4902,22.64,0,0
2026-02-01T09:31:00Z,28.397,4.067,17.87,3227.0,0.4898,21.91,0,0
2026-02-01T09:32:00Z,28.403,4.101,17.76,3229.7,0.5008,22.47,0,0
2026-02-01T09:33:00Z,28.367,4.122,18.42,3222.5,0.4939,22.31,0,0
2026-02-01T09:34:00Z,28.388,4.083,18.04,3228.0,0.5036,21.97,0,0
2026-02-01T09:35:00Z,28.432,4.087,18.35,3205.6,0.4868,22.38,0,0
2026-02-01T09:36:00Z,28.391,4.072,17.51,3196.5,0.4806,22.38,0,0
2026-02-01T09:37:00Z,28.414,4.075,17.99,3186.9,0.4967,22.41,0,0
2026-02-01T09:38:00Z,28.409,4.107,18.51,3188.5,0.4952,22.1,0,0
2026-02-01T09:39:00Z,28.397,4.079,17.9,3172.6,0.4867,22.43,0,0
2026-02-01T09:40:00Z,28.388,4.105,18.77,3176.9,0.5007,22.19,0,0
2026-02-01T09:41:00Z,28.398,4.11,17.79,3175.7,0.4933,22.03,0,0
2026-02-01T09:42:00Z,28.397,4.066,17.54,3177.2,0.4908,22.13,0,0
2026-02-01T09:43:00Z,28.383,4.193,18.55,3184.7,0.4879,22.33,0,0
2026-02-01T09:44:00Z,28.412,4.114,17.74,3207.9,0.4926,22.15,0,0
2026-02-01T09:45:00Z,28.402,4.113,18.07,3203.2,0.4917,22.28,0,0
2026-02-01T09:46:00Z,28.439,4.077,17.81,3224.2,0.4954,22.35,0,0
2026-02-01T09:47:00Z,28.367,4.062,17.82,3227.3,0.5,22.28,0,0
2026-02-01T09:48:00Z,28.389,4.141,18.11,3232.4,0.5002,22.31,0,0
2026-02-01T09:49:00Z,28.398,4.113,19.21,3221.2,0.4917,22.06,0,0
2026-02-01T09:50:00Z,28.407,4.103,17.86,3208.1,0.4886,22.41,0,0
2026-02-01T09:51:00Z,28.394,4.036,18.25,3202.5,0.4992,22.37,0,0
2026-02-01T09:52:00Z,28.417,4.058,17.62,3177.4,0.5007,22.24,0,0
2026-02-01T09:53:00Z,28.409,4.115,18.39,3175.5,0.4883,22.15,0,0
2026-02-01T09:54:00Z,28.434,4.076,18.33,3174.4,0.4979,22.33,0,0
2026-02-01T09:55:00Z,28.442,4.084,17.77,3182.3,0.495,22.2,0,0
2026-02-01T09:56:00Z,28.427,4.073,18.73,3181.3,0.5018,22.17,0,0
2026-02-01T09:57:00Z,28.393,4.172,17.73,3185.4,0.4929,22.19,0,0
2026-02-01T09:58:00Z,28.38,4.115,18.37,3192.1,0.4876,22.2,0,0
2026-02-01T09:59:00Z,28.431,4.06,17.43,3211.2,0.4869,22.35,0,0
2026-02-01T10:00:00Z,28.403,4.084,18.49,3213.8,0.497,22.56,0,0
2026-02-01T10:01:00Z,28.405,4.102,18.81,3223.9,0.4916,22.48,0,0
2026-02-01T10:02:00Z,28.402,4.099,18.63,3217.6,0.5084,22.49,0,0
2026-02-01T10:03:00Z,28.416,4.113,17.4,3233.8,0.4919,22.07,0,0
2026-02-01T10:04:00Z,28.398,4.08,18.66,3219.0,0.4988,22.45,0,0
2026-02-01T10:05:00Z,28.379,4.145,17.52,3210.6,0.4974,22.43,0,0
2026-02-01T10:06:00Z,28.422,4.121,17.7,3194.5,0.4937,22.47,0,0
2026-02-01T10:07:00Z,28.404,4.103,17.53,3179.4,0.4982,22.41,0,0
2026-02-01T10:08:00Z,28.418,4.194,18.65,3172.2,0.4954,22.22,0,0
2026-02-01T10:09:00Z,28.405,4.114,17.85,3165.1,0.4963,22.13,0,0
2026-02-01T10:10:00Z,28.417,4.113,18.35,3166.6,0.4975,22.5,0,0
2026-02-01T10:11:00Z,28.445,4.049,17.9,3164.7,0.4977,22.5,0,0
2026-02-01T10:12:00Z,28.392,4.095,17.61,3181.1,0.5055,22.47,0,0
2026-02-01T10:13:00Z,28.4,4.03,18.41,3189.5,0.5013,22.24,0,0
2026-02-01T10:14:00Z,28.423,4.116,18.28,3212.3,0.5036,22.7,0,0
2026-02-01T10:15:00Z,28.407,4.155,18.61,3226.8,0.4904,22.36,0,0
2026-02-01T10:16:00Z,28.367,4.02,17.99,3231.7,0.4971,22.36,0,0
2026-02-01T10:17:00Z,28.407,4.09,18.45,3228.1,0.496,22.28,0,0
2026-02-01T10:18:00Z,28.384,4.081,17.22,3235.1,0.5004,22.22,0,0
2026-02-01T10:19:00Z,28.396,4.101,18.09,3220.6,0.4983,22.47,0,0
2026-02-01T10:20:00Z,28.413,4.09,18.32,3206.5,0.4986,22.32,0,0
2026-02-01T10:21:00Z,28.392,4.174,17.55,3198.9,0.4927,22.73,0,0
2026-02-01T10:22:00Z,28.462,4.065,17.43,3181.9,0.5031,22.48,0,0
2026-02-01T10:23:00Z,28.407,4.107,17.69,3167.9,0.4972,22.12,0,0
2026-02-01T10:24:00Z,28.388,4.037,18.46,3167.9,0.4976,22.24,0,0
2026-02-01T10:25:00Z,28.37,4.097,18.39,3168.0,0.4863,22.26,0,0
2026-02-01T10:26:00Z,28.389,4.14,18.24,3176.9,0.4909,22.18,0,0
2026-02-01T10:27:00Z,28.429,4.159,18.12,3183.3,0.4976,22.33,0,0
2026-02-01T10:28:00Z,28.399,4.112,17.61,3197.4,0.5022,22.39,0,0
2026-02-01T10:29:00Z,28.39,4.133,18.23,3208.8,0.4995,22.58,0,0
2026-02-01T10:30:00Z,28.424,4.039,17.53,3218.5,0.4895,22.4,0,0
2026-02-01T10:31:00Z,27.683,4.386,-8.12,3223.4,0.5055,22.29,1,1
2026-02-01T10:32:00Z,27.684,4.413,-8.03,3229.4,0.4884,22.98,1,1
2026-02-01T10:33:00Z,27.701,4.432,-8.12,3232.3,0.4896,22.48,1,1
2026-02-01T10:34:00Z,27.718,4.387,-7.96,3218.0,0.4953,22.28,1,1
2026-02-01T10:35:00Z,27.74,4.37,-7.76,3219.2,0.4997,22.46,1,1
2026-02-01T10:36:00Z,27.689,4.433,-8.23,3195.3,0.4833,22.56,1,1
2026-02-01T10:37:00Z,27.669,4.415,-7.65,3177.0,0.4978,22.22,1,1
2026-02-01T10:38:00Z,27.678,4.356,-7.77,3181.9,0.4942,22.6,1,1
2026-02-01T10:39:00Z,27.705,4.362,-8.1,3164.7,0.4951,22.07,1,1
2026-02-01T10:40:00Z,27.716,4.453,-7.58,3167.4,0.4985,22.56,1,1
2026-02-01T10:41:00Z,27.718,4.368,-7.81,3170.5,0.5019,22.48,1,1
2026-02-01T10:42:00Z,27.7,4.403,-7.74,3179.9,0.5003,22.35,1,1
2026-02-01T10:43:00Z,27.716,4.429,-8.0,3192.2,0.4973,21.96,1,1
2026-02-01T10:44:00Z,27.681,4.357,-7.76,3207.8,0.5062,22.39,1,1
2026-02-01T10:45:00Z,27.724,4.373,-8.06,3212.6,0.4966,22.88,1,1
2026-02-01T10:46:00Z,27.695,4.409,-8.91,3225.9,0.5013,22.58,1,1
2026-02-01T10:47:00Z,27.698,4.402,-7.86,3231.4,0.4992,22.16,1,1
2026-02-01T10:48:00Z,27.68,4.408,-8.2,3229.6,0.5041,22.22,1,1
2026-02-01T10:49:00Z,27.694,4.399,-7.66,3222.6,0.4993,22.42,1,1
2026-02-01T10:50:00Z,27.685,4.391,-8.58,3211.2,0.5032,22.24,1,1
2026-02-01T10:51:00Z,27.677,4.392,-8.33,3197.4,0.5021,22.68,1,1
2026-02-01T10:52:00Z,27.694,4.445,-7.64,3186.1,0.4971,22.44,1,1
2026-02-01T10:53:00Z,27.68,4.413,-7.77,3188.7,0.4994,22.09,1,1
2026-02-01T10:54:00Z,27.668,4.389,-7.6,3161.4,0.5077,22.33,1,1
2026-02-01T10:55:00Z,27.709,4.347,-7.66,3165.4,0.5035,22.34,1,1
2026-02-01T10:56:00Z,27.71,4.389,-7.75,3168.3,0.5056,22.29,1,1
2026-02-01T10:57:00Z,27.691,4.385,-8.01,3178.8,0.5041,22.5,1,1
2026-02-01T10:58:00Z,27.678,4.395,-7.6,3201.8,0.5108,22.53,1,1
2026-02-01T10:59:00Z,27.692,4.419,-8.21,3211.7,0.4967,22.4,1,1
2026-02-01T11:00:00Z,27.683,4.395,-8.1,3225.5,0.5037,22.32,1,1
2026-02-01T11:01:00Z,27.716,4.333,-7.72,3225.3,0.5016,22.62,1,1
2026-02-01T11:02:00Z,27.688,4.406,-8.08,3241.5,0.501,22.5,1,1
2026-02-01T11:03:00Z,27.681,4.433,-8.28,3224.5,0.5042,22.5,1,1
2026-02-01T11:04:00Z,27.699,4.369,-7.93,3228.5,0.5132,22.47,1,1
2026-02-01T11:05:00Z,28.403,4.107,17.94,3214.9,0.4898,22.53,0,0
2026-02-01T11:06:00Z,28.386,4.06,17.94,3203.8,0.4982,22.36,0,0
2026-02-01T11:07:00Z,28.43,4.09,17.62,3187.3,0.5052,22.6,0,0
2026-02-01T11:08:00Z,28.426,4.087,17.49,3176.7,0.5102,22.54,0,0
2026-02-01T11:09:00Z,28.407,4.092,18.11,3163.5,0.5128,22.31,0,0
2026-02-01T11:10:00Z,28.376,4.103,18.43,3173.4,0.5049,22.44,0,0
2026-02-01T11:11:00Z,28.384,4.102,18.06,3176.7,0.497,22.92,0,0
2026-02-01T11:12:00Z,28.39,4.114,18.96,3182.0,0.4943,22.17,0,0
2026-02-01T11:13:00Z,28.339,4.053,18.17,3197.8,0.5114,22.47,0,0
2026-02-01T11:14:00Z,28.395,4.113,18.32,3210.0,0.5091,22.22,0,0
2026-02-01T11:15:00Z,28.375,4.069,18.43,3233.4,0.5045,22.29,0,0
2026-02-01T11:16:00Z,28.4,4.067,17.64,3230.8,0.4966,22.25,0,0
2026-02-01T11:17:00Z,28.432,4.092,18.35,3224.1,0.5046,22.61,0,0
2026-02-01T11:18:00Z,28.393,4.093,17.09,3238.0,0.5114,22.25,0,0
2026-02-01T11:19:00Z,28.349,4.071,18.27,3225.0,0.502,22.54,0,0
2026-02-01T11:20:00Z,28.446,4.092,17.69,3206.6,0.5039,22.35,0,0
2026-02-01T11:21:00Z,28.373,4.093,17.33,3192.2,0.4975,22.55,0,0
2026-02-01T11:22:00Z,28.368,4.101,17.71,3183.6,0.5072,22.47,0,0
2026-02-01T11:23:00Z,28.396,4.168,18.09,3168.2,0.5119,22.34,0,0
2026-02-01T11:24:00Z,28.409,4.095,18.34,3158.1,0.5098,22.28,0,0
2026-02-01T11:25:00Z,28.375,4.05,18.15,3170.7,0.5071,22.5,0,0
2026-02-01T11:26:00Z,28.393,4.114,18.07,3181.6,0.5133,22.43,0,0
2026-02-01T11:27:00Z,28.368,4.089,18.8,3190.3,0.4974,22.82,0,0
2026-02-01T11:28:00Z,28.4,4.094,17.91,3200.3,0.5081,22.45,0,0
2026-02-01T11:29:00Z,28.391,4.105,17.58,3206.1,0.5176,22.59,0,0
2026-02-01T11:30:00Z,28.382,4.101,17.9,3213.1,0.5072,22.48,0,0
2026-02-01T11:31:00Z,28.435,4.072,18.85,3217.0,0.5013,22.38,0,0
2026-02-01T11:32:00Z,28.387,4.134,17.6,3233.1,0.501,22.59,0,0
2026-02-01T11:33:00Z,28.413,4.093,18.32,3229.9,0.5004,22.55,0,0
2026-02-01T11:34:00Z,28.432,4.162,17.99,3223.3,0.5144,22.68,0,0
2026-02-01T11:35:00Z,28.395,4.089,18.47,3196.0,0.509,22.24,0,0
2026-02-01T11:36:00Z,28.388,4.158,18.22,3195.5,0.5114,22.59,0,0
2026-02-01T11:37:00Z,28.414,4.092,18.04,3175.1,0.5139,22.54,0,0
2026-02-01T11:38:00Z,28.428,4.126,18.33,3162.4,0.51,22.35,0,0
2026-02-01T11:39:00Z,28.38,4.117,17.65,3156.7,0.509,22.49,0,0
2026-02-01T11:40:00Z,28.395,4.085,19.17,3163.6,0.5093,22.36,0,0
2026-02-01T11:41:00Z,28.421,4.108,17.62,3180.6,0.5063,22.48,0,0
2026-02-01T11:42:00Z,28.392,4.05,18.22,3185.6,0.5035,22.67,0,0
2026-02-01T11:43:00Z,28.394,4.138,17.08,3193.4,0.5063,22.57,0,0
2026-02-01T11:44:00Z,28.406,4.038,17.63,3214.0,0.5042,22.33,0,0
2026-02-01T11:45:00Z,28.392,4.099,17.44,3219.3,0.5058,22.56,0,0
2026-02-01T11:46:00Z,28.388,4.125,18.55,3235.4,0.5218,22.51,0,0
2026-02-01T11:47:00Z,28.468,4.086,18.08,3239.0,0.5095,22.27,0,0
2026-02-01T11:48:00Z,28.418,4.092,17.32,3231.8,0.5193,22.5,0,0
2026-02-01T11:49:00Z,28.399,4.127,17.8,3225.8,0.5224,22.41,0,0
2026-02-01T11:50:00Z,28.421,4.09,17.8,3200.4,0.5117,22.59,0,0
2026-02-01T11:51:00Z,28.403,4.092,17.54,3204.0,0.5114,22.72,0,0
2026-02-01T11:52:00Z,28.415,4.08,18.21,3186.1,0.5132,22.39,0,0
2026-02-01T11:53:00Z,28.409,4.069,18.58,3171.8,0.5017,22.43,0,0
2026-02-01T11:54:00Z,28.42,4.106,17.53,3157.6,0.5124,22.63,0,0
2026-02-01T11:55:00Z,28.408,4.088,17.81,3159.9,0.5024,22.5,0,0
2026-02-01T11:56:00Z,28.395,4.06,18.72,3174.8,0.5126,22.61,0,0
2026-02-01T11:57:00Z,28.425,4.079,18.56,3183.8,0.5068,22.6,0,0
2026-02-01T11:58:00Z,28.422,4.082,18.01,3204.0,0.5021,22.63,0,0
2026-02-01T11:59:00Z,28.381,4.125,17.51,3215.7,0.5128,22.39,0,0
2026-02-01T12:00:00Z,28.401,4.097,18.8,3229.7,0.5194,22.68,0,0
2026-02-01T12:01:00Z,28.454,4.095,17.6,3233.5,0.5158,22.66,0,0
2026-02-01T12:02:00Z,28.406,4.115,17.47,3241.0,0.509,22.48,0,0
2026-02-01T12:03:00Z,28.388,4.084,18.55,3231.5,0.5012,22.64,0,0
2026-02-01T12:04:00Z,28.394,4.129,17.72,3229.0,0.5063,22.5,0,0
2026-02-01T12:05:00Z,28.393,4.076,17.98,3204.1,0.5093,22.33,0,0
2026-02-01T12:06:00Z,27.714,4.381,-8.1,3188.2,0.518,22.63,1,1
2026-02-01T12:07:00Z,27.713,4.425,-7.67,3177.8,0.5193,22.63,1,1
2026-02-01T12:08:00Z,27.738,4.404,-8.35,3166.6,0.5178,22.4,1,1
2026-02-01T12:09:00Z,27.696,4.376,-8.57,3160.8,0.5088,22.63,1,1
2026-02-01T12:10:00Z,27.724,4.408,-8.27,3174.7,0.5174,22.56,1,1
2026-02-01T12:11:00Z,27.718,4.385,-7.6,3178.4,0.5048,22.41,1,1
2026-02-01T12:12:00Z,27.727,4.385,-8.37,3180.4,0.5153,22.49,1,1
2026-02-01T12:13:00Z,27.728,4.423,-7.89,3184.7,0.5201,22.62,1,1
2026-02-01T12:14:00Z,27.703,4.466,-8.37,3216.2,0.5134,22.52,1,1
2026-02-01T12:15:00Z,27.738,4.375,-8.13,3225.3,0.5122,22.76,1,1
2026-02-01T12:16:00Z,27.714,4.398,-7.44,3236.7,0.495,22.52,1,1
2026-02-01T12:17:00Z,27.721,4.42,-7.41,3229.3,0.5134,22.59,1,1
2026-02-01T12:18:00Z,27.705,4.391,-8.16,3241.4,0.5146,22.67,1,1
2026-02-01T12:19:00Z,27.726,4.381,-8.42,3217.6,0.5198,22.83,1,1
2026-02-01T12:20:00Z,27.686,4.383,-7.89,3210.9,0.5044,22.49,1,1
2026-02-01T12:21:00Z,27.725,4.429,-7.59,3197.8,0.5179,22.56,1,1
2026-02-01T12:22:00Z,27.717,4.36,-7.87,3170.3,0.5017,22.38,1,1
2026-02-01T12:23:00Z,27.705,4.399,-7.32,3175.8,0.5066,22.72,1,1
2026-02-01T12:24:00Z,27.727,4.406,-8.27,3162.3,0.5113,22.75,1,1
2026-02-01T12:25:00Z,27.708,4.385,-8.05,3150.1,0.5163,22.67,1,1
2026-02-01T12:26:00Z,27.682,4.366,-7.9,3170.2,0.5091,22.72,1,1
2026-02-01T12:27:00Z,27.728,4.37,-7.68,3179.1,0.5128,22.61,1,1
2026-02-01T12:28:00Z,27.676,4.373,-7.86,3197.3,0.5127,22.88,1,1
2026-02-01T12:29:00Z,27.746,4.377,-8.0,3210.6,0.5203,22.54,1,1
2026-02-01T12:30:00Z,27.725,4.428,-7.94,3229.9,0.5193,22.33,1,1
2026-02-01T12:31:00Z,27.698,4.389,-8.37,3235.3,0.5191,22.62,1,1
2026-02-01T12:32:00Z,27.683,4.416,-8.33,3234.4,0.5154,22.72,1,1
2026-02-01T12:33:00Z,27.691,4.401,-8.42,3236.7,0.5092,22.39,1,1
2026-02-01T12:34:00Z,27.715,4.419,-7.83,3219.4,0.5168,22.6,1,1
2026-02-01T12:35:00Z,27.697,4.45,-7.57,3205.4,0.5104,22.77,1,1
2026-02-01T12:36:00Z,27.691,4.427,-7.85,3190.0,0.5163,22.55,1,1
2026-02-01T12:37:00Z,27.727,4.406,-7.53,3176.5,0.5038,22.73,1,1
2026-02-01T12:38:00Z,27.698,4.409,-8.34,3180.9,0.5085,22.69,1,1
2026-02-01T12:39:00Z,27.675,4.379,-8.24,3161.2,0.5086,22.76,1,1
2026-02-01T12:40:00Z,28.451,4.149,17.95,3160.3,0.509,22.64,0,0
2026-02-01T12:41:00Z,28.416,4.126,17.82,3173.4,0.5162,22.4,0,0
2026-02-01T12:42:00Z,28.385,4.175,17.76,3189.1,0.526,22.47,0,0
2026-02-01T12:43:00Z,28.341,4.112,18.05,3204.2,0.5108,22.89,0,0
2026-02-01T12:44:00Z,28.412,4.123,17.9,3214.1,0.5154,22.71,0,0
2026-02-01T12:45:00Z,28.411,4.092,18.0,3223.8,0.5168,22.49,0,0
2026-02-01T12:46:00Z,28.419,4.124,18.36,3233.9,0.511,22.44,0,0
2026-02-01T12:47:00Z,28.397,4.082,17.6,3239.6,0.5089,22.68,0,0
2026-02-01T12:48:00Z,28.384,4.126,17.23,3233.4,0.5174,22.66,0,0
2026-02-01T12:49:00Z,28.411,4.089,17.76,3221.2,0.5205,22.74,0,0
2026-02-01T12:50:00Z,28.412,4.084,18.12,3208.1,0.5209,22.83,0,0
2026-02-01T12:51:00Z,28.396,4.109,18.37,3189.6,0.5183,22.49,0,0
2026-02-01T12:52:00Z,28.42,4.101,17.28,3184.7,0.5145,22.77,0,0
2026-02-01T12:53:00Z,28.38,4.17,17.78,3175.8,0.5151,22.85,0,0
2026-02-01T12:54:00Z,28.403,4.097,17.43,3160.0,0.5218,22.58,0,0
2026-02-01T12:55:00Z,28.452,4.073,18.12,3165.8,0.5163,22.56,0,0
2026-02-01T12:56:00Z,28.417,4.126,17.83,3166.0,0.5158,22.59,0,0
2026-02-01T12:57:00Z,28.382,4.104,17.42,3186.3,0.5122,22.74,0,0
2026-02-01T12:58:00Z,28.418,4.141,17.28,3203.5,0.5122,22.27,0,0
2026-02-01T12:59:00Z,28.418,4.053,17.91,3214.8,0.5104,22.53,0,0
2026-02-01T13:00:00Z,28.413,4.12,18.03,3234.7,0.5198,22.36,0,0
2026-02-01T13:01:00Z,28.398,4.106,18.55,3230.6,0.5175,22.78,0,0
2026-02-01T13:02:00Z,28.422,4.101,18.17,3243.8,0.5194,22.45,0,0
2026-02-01T13:03:00Z,28.397,4.064,17.58,3232.2,0.5173,22.79,0,0
2026-02-01T13:04:00Z,28.378,4.092,17.56,3210.6,0.516,22.7,0,0
2026-02-01T13:05:00Z,28.405,4.05,17.45,3206.9,0.5093,22.52,0,0
2026-02-01T13:06:00Z,28.385,4.092,18.71,3183.4,0.5268,22.71,0,0
2026-02-01T13:07:00Z,28.38,4.089,17.94,3181.6,0.5178,22.68,0,0
2026-02-01T13:08:00Z,28.402,4.076,17.79,3170.0,0.5137,22.9,0,0
2026-02-01T13:09:00Z,28.433,4.11,18.07,3169.0,0.5135,22.98,0,0
2026-02-01T13:10:00Z,28.403,4.046,17.86,3166.2,0.5223,22.72,0,0
2026-02-01T13:11:00Z,28.383,4.148,18.07,3176.7,0.5175,22.54,0,0
2026-02-01T13:12:00Z,28.415,4.082,17.95,3187.9,0.5233,22.62,0,0
2026-02-01T13:13:00Z,28.403,4.145,18.38,3206.9,0.5156,22.44,0,0
2026-02-01T13:14:00Z,28.402,4.091,17.85,3215.4,0.5233,22.7,0,0
2026-02-01T13:15:00Z,28.379,4.17,18.11,3232.2,0.5269,22.89,0,0
2026-02-01T13:16:00Z,28.405,4.093,18.59,3239.0,0.5171,22.45,0,0
2026-02-01T13:17:00Z,28.403,4.053,17.47,3240.3,0.5175,22.67,0,0
2026-02-01T13:18:00Z,28.41,4.107,18.48,3228.0,0.5293,22.66,0,0
2026-02-01T13:19:00Z,28.421,4.034,17.58,3215.5,0.5318,22.82,0,0
2026-02-01T13:20:00Z,28.395,4.058,18.36,3204.2,0.5259,22.79,0,0
2026-02-01T13:21:00Z,28.397,4.083,17.98,3185.6,0.5185,22.41,0,0
2026-02-01T13:22:00Z,28.42,4.035,19.07,3172.1,0.5293,22.72,0,0
2026-02-01T13:23:00Z,28.403,4.129,17.66,3162.7,0.5193,22.86,0,0
2026-02-01T13:24:00Z,28.408,4.091,18.0,3152.7,0.5319,22.92,0,0
2026-02-01T13:25:00Z,28.411,4.092,17.99,3173.0,0.5185,22.76,0,0
2026-02-01T13:26:00Z,28.388,4.159,18.3,3172.5,0.5225,22.7,0,0
2026-02-01T13:27:00Z,28.396,4.148,18.36,3192.3,0.5255,22.75,0,0
2026-02-01T13:28:00Z,28.413,4.077,17.98,3207.0,0.5206,22.8,0,0
2026-02-01T13:29:00Z,28.421,4.083,17.81,3222.0,0.5212,22.88,0,0
2026-02-01T13:30:00Z,28.406,4.067,18.15,3221.3,0.531,22.69,0,0
2026-02-01T13:31:00Z,28.393,4.118,18.23,3233.2,0.5266,22.83,0,0
2026-02-01T13:32:00Z,28.391,4.043,18.07,3241.3,0.5239,22.6,0,0
2026-02-01T13:33:00Z,28.393,4.14,17.59,3230.9,0.522,22.67,0,0
2026-02-01T13:34:00Z,28.403,4.127,18.02,3215.5,0.5296,22.8,0,0
2026-02-01T13:35:00Z,28.413,4.167,18.29,3207.8,0.5284,22.93,0,0
2026-02-01T13:36:00Z,28.43,4.152,18.37,3188.1,0.5178,22.84,0,0
2026-02-01T13:37:00Z,28.385,4.112,18.57,3183.1,0.5244,22.84,0,0
2026-02-01T13:38:00Z,28.383,4.156,18.38,3166.5,0.5204,22.94,0,0
2026-02-01T13:39:00Z,28.384,4.074,18.0,3169.4,0.5232,22.82,0,0
2026-02-01T13:40:00Z,28.441,4.081,18.19,3161.5,0.5269,22.9,0,0
2026-02-01T13:41:00Z,27.692,4.407,-7.92,3172.7,0.5297,22.91,1,1
2026-02-01T13:42:00Z,27.728,4.412,-8.28,3183.1,0.52,22.72,1,1
2026-02-01T13:43:00Z,27.677,4.427,-8.43,3195.4,0.529,22.73,1,1
2026-02-01T13:44:00Z,27.734,4.335,-7.44,3217.7,0.5337,22.76,1,1
2026-02-01T13:45:00Z,27.674,4.429,-7.59,3232.0,0.5202,22.61,1,1
2026-02-01T13:46:00Z,27.685,4.415,-8.17,3233.6,0.5188,22.85,1,1
2026-02-01T13:47:00Z,27.692,4.417,-8.7,3225.1,0.5272,22.74,1,1
2026-02-01T13:48:00Z,27.778,4.405,-7.72,3233.7,0.5357,22.99,1,1
2026-02-01T13:49:00Z,27.741,4.389,-8.16,3221.1,0.5289,22.62,1,1
2026-02-01T13:50:00Z,27.707,4.381,-8.66,3202.9,0.529,22.55,1,1
2026-02-01T13:51:00Z,27.704,4.376,-7.75,3185.2,0.5207,22.83,1,1
2026-02-01T13:52:00Z,27.719,4.388,-7.93,3168.6,0.5208,22.71,1,1
2026-02-01T13:53:00Z,27.692,4.379,-8.02,3160.8,0.5272,22.84,1,1
2026-02-01T13:54:00Z,27.686,4.405,-7.16,3155.5,0.5252,22.76,1,1
2026-02-01T13:55:00Z,27.703,4.419,-8.19,3159.9,0.5195,22.88,1,1
2026-02-01T13:56:00Z,27.732,4.4,-7.89,3168.2,0.5303,22.83,1,1
2026-02-01T13:57:00Z,27.645,4.396,-8.14,3180.4,0.5277,22.82,1,1
2026-02-01T13:58:00Z,27.705,4.404,-7.44,3201.5,0.5282,22.41,1,1
2026-02-01T13:59:00Z,27.696,4.356,-8.13,3226.4,0.5235,22.83,1,1
2026-02-01T14:00:00Z,27.688,4.436,-7.84,3228.8,0.53,22.75,1,1
2026-02-01T14:01:00Z,27.697,4.479,-7.65,3240.4,0.5185,22.72,1,1
2026-02-01T14:02:00Z,27.66,4.421,-8.16,3238.9,0.5309,22.75,1,1
2026-02-01T14:03:00Z,27.712,4.358,-7.51,3226.6,0.5192,22.88,1,1
2026-02-01T14:04:00Z,27.679,4.389,-8.12,3226.2,0.5282,22.8,1,1
2026-02-01T14:05:00Z,27.711,4.4,-8.14,3216.0,0.5241,22.67,1,1
2026-02-01T14:06:00Z,27.714,4.406,-8.1,3190.7,0.536,22.98,1,1
2026-02-01T14:07:00Z,27.69,4.407,-7.99,3169.1,0.5262,22.67,1,1
2026-02-01T14:08:00Z,27.751,4.366,-7.67,3165.2,0.5252,23.2,1,1
2026-02-01T14:09:00Z,27.706,4.415,-8.44,3166.4,0.5286,22.47,1,1
2026-02-01T14:10:00Z,27.716,4.398,-8.33,3158.4,0.5079,22.77,1,1
2026-02-01T14:11:00Z,27.713,4.432,-8.49,3166.4,0.5142,22.68,1,1
2026-02-01T14:12:00Z,27.685,4.421,-7.73,3187.6,0.5245,23.19,1,1
2026-02-01T14:13:00Z,27.688,4.39,-8.16,3198.7,0.5223,22.89,1,1
2026-02-01T14:14:00Z,27.719,4.413,-8.22,3228.9,0.5359,22.94,1,1
2026-02-01T14:15:00Z,28.408,4.063,17.72,3232.7,0.5194,23.09,0,0
2026-02-01T14:16:00Z,28.408,4.074,17.65,3251.0,0.5296,22.81,0,0
2026-02-01T14:17:00Z,28.416,4.111,17.46,3247.6,0.531,22.69,0,0
2026-02-01T14:18:00Z,28.435,4.14,17.82,3238.8,0.5302,22.89,0,0
2026-02-01T14:19:00Z,28.416,4.036,17.77,3226.0,0.5285,22.8,0,0
2026-02-01T14:20:00Z,28.409,4.066,17.64,3206.4,0.5302,22.96,0,0
2026-02-01T14:21:00Z,28.412,4.104,18.21,3190.1,0.528,22.83,0,0
2026-02-01T14:22:00Z,28.405,4.093,17.01,3177.3,0.5155,22.49,0,0
2026-02-01T14:23:00Z,28.395,4.113,18.43,3165.5,0.5317,22.87,0,0
2026-02-01T14:24:00Z,28.37,4.112,18.57,3159.2,0.5303,22.68,0,0
2026-02-01T14:25:00Z,28.394,4.17,17.64,3169.9,0.525,22.67,0,0
2026-02-01T14:26:00Z,28.422,4.096,17.86,3173.7,0.5269,22.95,0,0
2026-02-01T14:27:00Z,28.372,4.07,18.23,3183.6,0.5198,23.04,0,0
2026-02-01T14:28:00Z,28.462,4.06,17.59,3219.8,0.5356,22.88,0,0
2026-02-01T14:29:00Z,28.403,4.063,17.53,3220.9,0.534,22.73,0,0
2026-02-01T14:30:00Z,28.386,4.081,17.63,3233.1,0.5253,22.89,0,0
2026-02-01T14:31:00Z,28.386,4.077,18.29,3234.2,0.5332,22.85,0,0
2026-02-01T14:32:00Z,28.416,4.099,18.47,3241.0,0.539,22.97,0,0
2026-02-01T14:33:00Z,28.4,4.123,17.67,3238.2,0.5207,23.05,0,0
2026-02-01T14:34:00Z,28.395,4.085,17.46,3230.3,0.5297,22.95,0,0
2026-02-01T14:35:00Z,28.392,4.096,18.11,3198.1,0.5337,22.72,0,0
2026-02-01T14:36:00Z,28.443,4.115,18.01,3178.8,0.5384,22.81,0,0
2026-02-01T14:37:00Z,28.401,4.097,17.58,3175.9,0.5268,22.92,0,0
2026-02-01T14:38:00Z,28.448,4.112,18.38,3160.7,0.528,23.14,0,0
2026-02-01T14:39:00Z,28.401,4.067,18.08,3161.9,0.5261,22.9,0,0
2026-02-01T14:40:00Z,28.426,4.069,18.16,3161.0,0.5297,22.83,0,0
2026-02-01T14:41:00Z,28.415,4.106,18.08,3172.3,0.5325,22.92,0,0
2026-02-01T14:42:00Z,28.429,4.104,17.61,3185.8,0.5356,23.12,0,0
2026-02-01T14:43:00Z,28.385,4.121,17.33,3209.9,0.5452,22.75,0,0
2026-02-01T14:44:00Z,28.406,4.098,18.55,3225.8,0.5194,22.62,0,0
2026-02-01T14:45:00Z,28.364,4.096,17.11,3230.9,0.5276,23.0,0,0
2026-02-01T14:46:00Z,28.376,4.079,18.06,3240.1,0.5364,23.18,0,0
2026-02-01T14:47:00Z,28.442,4.139,17.36,3239.3,0.5298,22.73,0,0
2026-02-01T14:48:00Z,28.411,4.151,17.96,3237.3,0.5211,22.81,0,0
2026-02-01T14:49:00Z,28.394,4.157,17.41,3221.4,0.532,22.82,0,0
2026-02-01T14:50:00Z,28.352,4.078,18.08,3213.3,0.5336,22.89,0,0
2026-02-01T14:51:00Z,28.379,4.138,18.18,3191.4,0.5275,23.03,0,0
2026-02-01T14:52:00Z,28.404,4.059,17.34,3170.3,0.5295,23.25,0,0
2026-02-01T14:53:00Z,28.414,4.066,17.82,3156.2,0.5312,22.87,0,0
2026-02-01T14:54:00Z,28.428,4.099,17.14,3158.5,0.5441,22.9,0,0
2026-02-01T14:55:00Z,28.415,4.075,18.63,3146.4,0.5404,23.11,0,0
2026-02-01T14:56:00Z,28.387,4.067,17.42,3175.9,0.5341,22.86,0,0
2026-02-01T14:57:00Z,28.442,4.088,17.91,3196.4,0.5427,22.78,0,0
2026-02-01T14:58:00Z,28.371,4.076,18.29,3204.7,0.5351,23.0,0,0
2026-02-01T14:59:00Z,28.409,4.111,17.56,3221.1,0.5241,23.06,0,0
2026-02-01T15:00:00Z,28.388,4.083,17.35,3238.4,0.5334,22.91,0,0
2026-02-01T15:01:00Z,28.383,4.134,17.57,3250.0,0.535,22.89,0,0
2026-02-01T15:02:00Z,28.406,4.167,18.03,3247.8,0.5451,23.03,0,0
2026-02-01T15:03:00Z,28.437,4.131,17.86,3238.2,0.5384,22.81,0,0
2026-02-01T15:04:00Z,28.4,4.087,17.74,3217.3,0.5262,22.98,0,0
2026-02-01T15:05:00Z,28.399,4.107,17.58,3209.9,0.5349,22.97,0,0
2026-02-01T15:06:00Z,28.391,4.108,17.78,3176.5,0.5303,22.65,0,0
2026-02-01T15:07:00Z,28.41,4.093,17.86,3170.0,0.5358,23.04,0,0
2026-02-01T15:08:00Z,28.395,4.082,18.21,3160.8,0.5391,22.86,0,0
2026-02-01T15:09:00Z,28.398,4.082,18.26,3158.4,0.5146,22.85,0,0
2026-02-01T15:10:00Z,28.424,4.087,18.01,3168.3,0.5389,22.96,0,0
2026-02-01T15:11:00Z,28.4,4.02,17.79,3177.0,0.5393,23.05,0,0
2026-02-01T15:12:00Z,28.381,4.077,18.98,3194.2,0.54,22.98,0,0
2026-02-01T15:13:00Z,28.393,4.065,17.46,3201.3,0.5223,23.04,0,0
2026-02-01T15:14:00Z,28.412,4.13,17.92,3230.0,0.5348,22.83,0,0
2026-02-01T15:15:00Z,28.409,4.105,17.83,3225.7,0.5402,23.01,0,0
2026-02-01T15:16:00Z,27.7,4.42,-8.34,3240.3,0.5258,22.98,1,1
2026-02-01T15:17:00Z,27.734,4.345,-8.36,3241.7,0.5255,22.98,1,1
2026-02-01T15:18:00Z,27.653,4.391,-8.68,3225.6,0.5365,23.01,1,1
2026-02-01T15:19:00Z,27.717,4.416,-8.02,3217.0,0.5409,22.8,1,1
2026-02-01T15:20:00Z,27.666,4.388,-8.28,3204.8,0.5345,23.15,1,1
2026-02-01T15:21:00Z,27.696,4.406,-8.25,3182.8,0.5331,22.77,1,1
2026-02-01T15:22:00Z,27.755,4.399,-8.22,3163.4,0.5396,23.08,1,1
2026-02-01T15:23:00Z,27.704,4.411,-8.06,3161.8,0.5366,23.06,1,1
2026-02-01T15:24:00Z,27.722,4.384,-8.12,3160.0,0.531,23.24,1,1
2026-02-01T15:25:00Z,27.677,4.382,-7.85,3159.2,0.5361,23.04,1,1
2026-02-01T15:26:00Z,27.697,4.451,-7.6,3175.5,0.5362,22.72,1,1
2026-02-01T15:27:00Z,27.736,4.427,-7.73,3197.5,0.5257,22.98,1,1
2026-02-01T15:28:00Z,27.701,4.392,-8.35,3214.1,0.5334,22.82,1,1
2026-02-01T15:29:00Z,27.744,4.394,-7.67,3227.5,0.5301,23.25,1,1
2026-02-01T15:30:00Z,27.727,4.435,-8.33,3238.0,0.5262,22.82,1,1
2026-02-01T15:31:00Z,27.646,4.354,-8.45,3243.7,0.5372,22.94,1,1
2026-02-01T15:32:00Z,27.747,4.411,-7.62,3247.8,0.5361,22.93,1,1
2026-02-01T15:33:00Z,27.702,4.404,-8.15,3224.2,0.5478,23.13,1,1
2026-02-01T15:34:00Z,27.682,4.371,-8.13,3220.6,0.5403,23.17,1,1
2026-02-01T15:35:00Z,27.711,4.364,-7.7,3201.4,0.5363,23.0,1,1
2026-02-01T15:36:00Z,27.674,4.39,-8.1,3175.3,0.5272,22.96,1,1
2026-02-01T15:37:00Z,27.698,4.379,-7.78,3166.1,0.5364,23.02,1,1
2026-02-01T15:38:00Z,27.698,4.434,-7.76,3158.3,0.5361,22.91,1,1
2026-02-01T15:39:00Z,27.724,4.331,-8.2,3155.9,0.536,22.98,1,1
2026-02-01T15:40:00Z,27.686,4.41,-8.27,3154.4,0.5311,22.94,1,1
2026-02-01T15:41:00Z,27.713,4.39,-7.85,3172.8,0.5377,22.96,1,1
2026-02-01T15:42:00Z,27.676,4.376,-7.33,3180.6,0.5487,22.97,1,1
2026-02-01T15:43:00Z,27.676,4.386,-8.09,3206.8,0.5366,23.25,1,1
2026-02-01T15:44:00Z,27.684,4.441,-8.3,3225.4,0.5345,23.07,1,1
2026-02-01T15:45:00Z,27.718,4.394,-8.87,3244.1,0.5464,23.13,1,1
2026-02-01T15:46:00Z,27.695,4.433,-7.77,3243.4,0.5358,22.94,1,1
2026-02-01T15:47:00Z,27.719,4.368,-8.74,3247.7,0.5379,23.1,1,1
2026-02-01T15:48:00Z,27.716,4.398,-7.83,3227.7,0.5506,22.95,1,1
2026-02-01T15:49:00Z,27.672,4.374,-7.93,3219.2,0.5479,23.11,1,1
2026-02-01T15:50:00Z,28.405,4.094,17.48,3192.2,0.5419,23.18,0,0
2026-02-01T15:51:00Z,28.459,4.062,18.32,3181.3,0.5318,23.05,0,0
2026-02-01T15:52:00Z,28.394,4.125,18.16,3166.4,0.5384,23.33,0,0
2026-02-01T15:53:00Z,28.399,4.083,17.53,3159.4,0.5446,23.37,0,0
2026-02-01T15:54:00Z,28.407,4.055,17.59,3149.2,0.5299,23.19,0,0
2026-02-01T15:55:00Z,28.415,4.104,18.4,3161.5,0.5431,22.96,0,0
2026-02-01T15:56:00Z,28.429,4.114,17.35,3174.1,0.5489,22.93,0,0
2026-02-01T15:57:00Z,28.385,4.127,18.48,3209.2,0.5327,23.3,0,0
2026-02-01T15:58:00Z,28.429,4.082,18.0,3203.1,0.5376,22.97,0,0
2026-02-01T15:59:00Z,28.41,4.102,17.98,3236.8,0.5408,23.15,0,0
2026-02-01T16:00:00Z,28.38,4.076,18.38,3238.1,0.5387,23.15,0,0
2026-02-01T16:01:00Z,28.429,4.125,17.48,3243.2,0.5375,23.1,0,0
2026-02-01T16:02:00Z,28.373,4.109,18.2,3235.8,0.5329,23.08,0,0
2026-02-01T16:03:00Z,28.419,4.126,17.89,3234.7,0.5372,23.17,0,0
2026-02-01T16:04:00Z,28.406,4.059,18.53,3223.4,0.5298,23.08,0,0
2026-02-01T16:05:00Z,28.412,4.068,18.1,3181.4,0.5422,23.2,0,0
2026-02-01T16:06:00Z,28.439,4.112,17.93,3172.2,0.5496,23.32,0,0
2026-02-01T16:07:00Z,28.405,4.072,19.26,3173.4,0.5393,22.88,0,0
2026-02-01T16:08:00Z,28.391,4.105,17.57,3154.6,0.5405,23.02,0,0
2026-02-01T16:09:00Z,28.402,4.116,17.62,3156.0,0.5337,22.85,0,0
2026-02-01T16:10:00Z,28.431,4.097,17.93,3163.3,0.5392,23.02,0,0
2026-02-01T16:11:00Z,28.37,4.167,17.81,3173.2,0.5414,23.08,0,0
2026-02-01T16:12:00Z,28.406,4.111,17.52,3194.8,0.5364,23.16,0,0
2026-02-01T16:13:00Z,28.425,4.156,17.59,3209.4,0.5413,23.03,0,0
2026-02-01T16:14:00Z,28.418,4.089,17.0,3240.2,0.5454,23.22,0,0
2026-02-01T16:15:00Z,28.388,4.081,17.95,3240.4,0.5434,23.19,0,0
2026-02-01T16:16:00Z,28.406,4.064,17.87,3253.8,0.5467,23.11,0,0
2026-02-01T16:17:00Z,28.387,4.08,18.11,3253.5,0.5545,23.05,0,0
2026-02-01T16:18:00Z,28.399,4.124,18.11,3237.1,0.5426,23.03,0,0
2026-02-01T16:19:00Z,28.396,4.078,18.27,3214.6,0.5521,23.28,0,0
2026-02-01T16:20:00Z,28.375,4.085,18.73,3189.3,0.5416,22.99,0,0
2026-02-01T16:21:00Z,28.376,4.135,17.93,3175.9,0.542,23.08,0,0
2026-02-01T16:22:00Z,28.379,4.082,17.93,3175.2,0.5405,23.11,0,0
2026-02-01T16:23:00Z,28.405,4.094,17.53,3139.7,0.5462,23.46,0,0
2026-02-01T16:24:00Z,28.415,4.077,17.56,3143.0,0.5387,23.06,0,0
2026-02-01T16:25:00Z,28.395,4.095,17.74,3156.7,0.5417,23.15,0,0
2026-02-01T16:26:00Z,28.37,4.068,18.24,3183.4,0.5468,23.1,0,0
2026-02-01T16:27:00Z,28.405,4.105,18.39,3191.7,0.5435,22.98,0,0
2026-02-01T16:28:00Z,28.374,4.137,17.93,3213.8,0.5502,23.32,0,0
2026-02-01T16:29:00Z,28.394,4.089,17.93,3229.2,0.545,23.42,0,0
2026-02-01T16:30:00Z,28.356,4.109,18.27,3244.1,0.5418,23.2,0,0
2026-02-01T16:31:00Z,28.394,4.104,18.54,3243.3,0.5439,23.01,0,0
2026-02-01T16:32:00Z,28.399,4.102,17.69,3250.1,0.5504,23.16,0,0
2026-02-01T16:33:00Z,28.412,4.061,17.52,3234.5,0.5403,22.98,0,0
2026-02-01T16:34:00Z,28.433,4.169,17.31,3218.2,0.5538,23.33,0,0
2026-02-01T16:35:00Z,28.398,4.103,17.68,3195.7,0.5493,22.77,0,0
2026-02-01T16:36:00Z,28.37,4.088,17.54,3170.2,0.5474,23.09,0,0
2026-02-01T16:37:00Z,28.38,4.107,17.7,3166.1,0.5437,23.49,0,0
2026-02-01T16:38:00Z,28.387,4.051,18.38,3152.6,0.5468,23.19,0,0
2026-02-01T16:39:00Z,28.393,4.076,17.99,3159.3,0.5366,23.32,0,0
2026-02-01T16:40:00Z,28.395,4.161,17.74,3161.7,0.5453,23.22,0,0
2026-02-01T16:41:00Z,28.439,4.095,18.15,3173.6,0.5495,23.14,0,0
2026-02-01T16:42:00Z,28.405,4.11,17.9,3194.0,0.5546,23.05,0,0
2026-02-01T16:43:00Z,28.382,4.097,17.36,3215.5,0.5501,23.4,0,0
2026-02-01T16:44:00Z,28.425,4.068,18.29,3243.3,0.5484,23.26,0,0
2026-02-01T16:45:00Z,28.39,4.109,18.38,3245.1,0.5407,22.97,0,0
2026-02-01T16:46:00Z,28.424,4.079,17.78,3239.7,0.549,23.18,0,0
2026-02-01T16:47:00Z,28.385,4.096,18.33,3247.1,0.5567,23.11,0,0
2026-02-01T16:48:00Z,28.415,4.108,17.86,3233.3,0.5401,23.16,0,0
2026-02-01T16:49:00Z,28.413,4.105,17.57,3226.7,0.5453,23.41,0,0
2026-02-01T16:50:00Z,28.38,4.077,17.95,3196.9,0.558,23.14,0,0
2026-02-01T16:51:00Z,27.689,4.473,-7.98,3177.0,0.5488,23.1,1,1
2026-02-01T16:52:00Z,27.655,4.393,-7.95,3158.8,0.5448,23.18,1,1
2026-02-01T16:53:00Z,27.716,4.365,-7.99,3153.5,0.531,23.14,1,1
2026-02-01T16:54:00Z,27.65,4.36,-8.92,3160.4,0.5398,22.96,1,1
2026-02-01T16:55:00Z,27.689,4.346,-7.19,3156.6,0.5386,23.25,1,1
2026-02-01T16:56:00Z,27.677,4.369,-8.19,3164.1,0.541,23.33,1,1
2026-02-01T16:57:00Z,27.677,4.4,-8.34,3194.2,0.5413,23.13,1,1
2026-02-01T16:58:00Z,27.697,4.396,-7.4,3217.1,0.5464,23.1,1,1
2026-02-01T16:59:00Z,27.706,4.366,-8.25,3229.3,0.5561,23.12,1,1
2026-02-01T17:00:00Z,27.713,4.374,-8.35,3247.8,0.5508,23.22,1,1
2026-02-01T17:01:00Z,27.691,4.368,-7.58,3248.4,0.5598,23.26,1,1
2026-02-01T17:02:00Z,27.723,4.433,-7.86,3238.8,0.5394,23.23,1,1
2026-02-01T17:03:00Z,27.689,4.358,-8.32,3225.6,0.5392,22.96,1,1
2026-02-01T17:04:00Z,27.675,4.433,-7.92,3224.1,0.5422,23.24,1,1
2026-02-01T17:05:00Z,27.702,4.401,-7.62,3203.2,0.5444,23.21,1,1
2026-02-01T17:06:00Z,27.682,4.438,-9.27,3170.4,0.5454,23.08,1,1
2026-02-01T17:07:00Z,27.711,4.436,-7.97,3157.6,0.5643,23.28,1,1
2026-02-01T17:08:00Z,27.685,4.374,-7.8,3153.1,0.5504,23.35,1,1
2026-02-01T17:09:00Z,27.723,4.421,-7.33,3148.1,0.55,23.13,1,1
2026-02-01T17:10:00Z,27.656,4.331,-8.41,3157.9,0.5543,23.22,1,1
2026-02-01T17:11:00Z,27.686,4.402,-8.81,3175.2,0.5619,23.27,1,1
2026-02-01T17:12:00Z,27.693,4.407,-7.92,3189.0,0.5459,23.44,1,1
2026-02-01T17:13:00Z,27.666,4.416,-7.62,3220.7,0.5534,23.15,1,1
2026-02-01T17:14:00Z,27.726,4.441,-7.91,3228.5,0.5528,23.09,1,1
2026-02-01T17:15:00Z,27.702,4.393,-8.05,3256.0,0.5418,23.28,1,1
2026-02-01T17:16:00Z,27.717,4.407,-8.11,3242.7,0.552,23.13,1,1
2026-02-01T17:17:00Z,27.71,4.38,-8.23,3242.7,0.5412,23.13,1,1
2026-02-01T17:18:00Z,27.704,4.425,-8.39,3233.1,0.5435,23.14,1,1
2026-02-01T17:19:00Z,27.68,4.356,-7.26,3203.4,0.5475,23.19,1,1
2026-02-01T17:20:00Z,27.673,4.415,-8.2,3205.3,0.5571,23.41,1,1
2026-02-01T17:21:00Z,27.675,4.398,-7.48,3180.9,0.5392,23.25,1,1
2026-02-01T17:22:00Z,27.686,4.392,-7.9,3159.4,0.5509,23.06,1,1
2026-02-01T17:23:00Z,27.692,4.381,-8.13,3152.8,0.5559,23.08,1,1
2026-02-01T17:24:00Z,27.725,4.418,-8.3,3148.5,0.5464,23.1,1,1
2026-02-01T17:25:00Z,28.396,4.086,17.65,3158.6,0.5523,23.18,0,0
2026-02-01T17:26:00Z,28.41,4.113,17.92,3173.1,0.5525,23.34,0,0
2026-02-01T17:27:00Z,28.367,4.128,17.67,3190.8,0.546,23.08,0,0
2026-02-01T17:28:00Z,28.369,4.061,17.59,3215.3,0.5484,23.13,0,0
2026-02-01T17:29:00Z,28.368,4.104,17.77,3230.3,0.5618,23.2,0,0
2026-02-01T17:30:00Z,28.397,4.1,17.88,3244.6,0.5482,23.25,0,0
2026-02-01T17:31:00Z,28.406,4.078,18.31,3259.9,0.5416,23.19,0,0
2026-02-01T17:32:00Z,28.434,4.139,18.09,3238.7,0.5398,23.2,0,0
2026-02-01T17:33:00Z,28.394,4.084,17.87,3234.5,0.5559,23.22,0,0
2026-02-01T17:34:00Z,28.413,4.143,18.14,3210.6,0.5475,22.88,0,0
2026-02-01T17:35:00Z,28.378,4.077,18.31,3194.7,0.5422,23.0,0,0
2026-02-01T17:36:00Z,28.407,4.062,18.67,3165.0,0.5552,23.31,0,0
2026-02-01T17:37:00Z,28.389,4.114,17.93,3149.4,0.5495,23.45,0,0
2026-02-01T17:38:00Z,28.409,4.1,17.5,3158.2,0.5574,23.16,0,0
2026-02-01T17:39:00Z,28.379,4.109,19.08,3148.9,0.5615,23.22,0,0
2026-02-01T17:40:00Z,28.414,4.104,17.98,3157.9,0.5588,23.5,0,0
2026-02-01T17:41:00Z,28.402,4.061,18.44,3180.3,0.5489,23.38,0,0
2026-02-01T17:42:00Z,28.367,4.097,18.11,3191.3,0.5436,23.39,0,0
2026-02-01T17:43:00Z,28.4,4.096,18.21,3212.7,0.5511,23.51,0,0
2026-02-01T17:44:00Z,28.421,4.147,18.13,3237.3,0.5644,23.39,0,0
2026-02-01T17:45:00Z,28.375,4.13,18.05,3243.7,0.5597,23.22,0,0
2026-02-01T17:46:00Z,28.371,4.039,17.87,3256.5,0.5575,23.17,0,0
2026-02-01T17:47:00Z,28.399,4.108,18.55,3248.2,0.5589,23.05,0,0
2026-02-01T17:48:00Z,28.385,4.06,18.06,3225.9,0.558,23.38,0,0
2026-02-01T17:49:00Z,28.364,4.022,17.97,3212.4,0.5557,23.22,0,0
2026-02-01T17:50:00Z,28.396,4.055,18.35,3198.4,0.5518,23.28,0,0
2026-02-01T17:51:00Z,28.352,4.101,17.62,3169.7,0.5421,23.47,0,0
2026-02-01T17:52:00Z,28.402,4.116,18.06,3150.8,0.5578,23.37,0,0
2026-02-01T17:53:00Z,28.358,4.055,18.17,3148.2,0.5566,23.32,0,0
2026-02-01T17:54:00Z,28.408,4.028,18.24,3143.5,0.5483,23.07,0,0
2026-02-01T17:55:00Z,28.421,4.092,18.91,3148.8,0.5599,23.4,0,0
2026-02-01T17:56:00Z,28.364,4.105,17.7,3169.7,0.557,23.34,0,0
2026-02-01T17:57:00Z,28.391,4.078,17.84,3194.1,0.5588,23.41,0,0
2026-02-01T17:58:00Z,28.416,4.102,18.26,3223.4,0.5582,23.39,0,0
2026-02-01T17:59:00Z,28.409,4.122,18.03,3242.1,0.5439,23.17,0,0
2026-02-01T18:00:00Z,28.455,4.112,18.17,3247.8,0.5613,23.11,0,0
2026-02-01T18:01:00Z,28.4,4.107,18.49,3249.9,0.5596,23.06,0,0
2026-02-01T18:02:00Z,28.39,4.065,17.3,3255.9,0.5567,23.42,0,0
2026-02-01T18:03:00Z,28.456,4.043,17.59,3226.2,0.5512,23.5,0,0
2026-02-01T18:04:00Z,28.374,4.116,18.35,3217.4,0.5617,23.26,0,0
2026-02-01T18:05:00Z,28.384,4.072,17.9,3193.6,0.5483,23.2,0,0
2026-02-01T18:06:00Z,28.398,4.091,18.2,3170.4,0.5392,23.14,0,0
2026-02-01T18:07:00Z,28.4,4.095,17.23,3157.3,0.5663,23.35,0,0
2026-02-01T18:08:00Z,28.411,4.139,18.2,3143.8,0.5566,23.35,0,0
2026-02-01T18:09:00Z,28.407,4.104,17.92,3146.5,0.5573,23.19,0,0
2026-02-01T18:10:00Z,28.396,4.136,17.65,3162.5,0.5613,23.12,0,0
2026-02-01T18:11:00Z,28.403,4.092,18.13,3183.0,0.5625,23.4,0,0
2026-02-01T18:12:00Z,28.419,4.057,17.44,3197.3,0.5651,23.65,0,0
2026-02-01T18:13:00Z,28.393,4.068,18.15,3229.9,0.5598,23.39,0,0
2026-02-01T18:14:00Z,28.427,4.145,17.98,3234.3,0.5566,23.51,0,0
2026-02-01T18:15:00Z,28.382,4.035,17.97,3240.6,0.5545,23.43,0,0
2026-02-01T18:16:00Z,28.409,4.139,18.48,3264.1,0.5597,23.37,0,0
2026-02-01T18:17:00Z,28.4,4.07,17.31,3249.8,0.5677,23.48,0,0
2026-02-01T18:18:00Z,28.375,4.118,17.98,3229.8,0.5363,23.46,0,0
2026-02-01T18:19:00Z,28.369,4.126,17.58,3201.8,0.5536,23.25,0,0
2026-02-01T18:20:00Z,28.403,4.088,18.26,3194.7,0.5649,23.26,0,0
2026-02-01T18:21:00Z,28.385,4.102,17.75,3177.5,0.5582,23.51,0,0
2026-02-01T18:22:00Z,28.4,4.169,18.44,3151.8,0.5625,23.56,0,0
2026-02-01T18:23:00Z,28.395,4.144,18.71,3147.7,0.5589,23.46,0,0
2026-02-01T18:24:00Z,28.42,4.067,17.3,3146.5,0.5603,23.59,0,0
2026-02-01T18:25:00Z,28.446,4.078,18.29,3173.5,0.5596,23.41,0,0
2026-02-01T18:26:00Z,27.699,4.425,-7.43,3171.4,0.5519,23.4,1,1
2026-02-01T18:27:00Z,27.652,4.429,-8.24,3201.1,0.5602,23.45,1,1
2026-02-01T18:28:00Z,27.713,4.42,-7.75,3234.6,0.5538,23.29,1,1
2026-02-01T18:29:00Z,27.727,4.417,-8.55,3237.3,0.5628,23.24,1,1
2026-02-01T18:30:00Z,27.655,4.388,-8.86,3245.7,0.5668,23.29,1,1
2026-02-01T18:31:00Z,27.72,4.385,-7.94,3256.9,0.5512,23.29,1,1
2026-02-01T18:32:00Z,27.689,4.428,-7.83,3244.2,0.5659,23.47,1,1
2026-02-01T18:33:00Z,27.698,4.408,-7.66,3231.8,0.5659,23.3,1,1
2026-02-01T18:34:00Z,27.666,4.392,-7.81,3203.3,0.5634,23.46,1,1
2026-02-01T18:35:00Z,27.694,4.429,-8.29,3193.7,0.5602,23.35,1,1
2026-02-01T18:36:00Z,27.681,4.322,-8.05,3162.5,0.5647,23.47,1,1
2026-02-01T18:37:00Z,27.71,4.435,-8.62,3161.0,0.554,23.36,1,1
2026-02-01T18:38:00Z,27.684,4.377,-7.62,3136.1,0.5573,23.56,1,1
2026-02-01T18:39:00Z,27.701,4.42,-7.75,3141.2,0.561,23.4,1,1
2026-02-01T18:40:00Z,27.715,4.427,-8.01,3154.0,0.5549,23.7,1,1
2026-02-01T18:41:00Z,27.677,4.38,-7.72,3159.9,0.5626,23.11,1,1
2026-02-01T18:42:00Z,27.67,4.365,-7.52,3213.3,0.5606,23.36,1,1
2026-02-01T18:43:00Z,27.694,4.404,-8.3,3215.0,0.5552,23.23,1,1
2026-02-01T18:44:00Z,27.698,4.352,-7.95,3242.0,0.563,23.32,1,1
2026-02-01T18:45:00Z,27.696,4.423,-9.24,3256.5,0.5618,23.62,1,1
2026-02-01T18:46:00Z,27.717,4.425,-7.57,3260.6,0.5635,23.4,1,1
2026-02-01T18:47:00Z,27.731,4.452,-8.01,3254.5,0.5582,23.42,1,1
2026-02-01T18:48:00Z,27.695,4.386,-8.53,3236.1,0.5608,23.55,1,1
2026-02-01T18:49:00Z,27.718,4.346,-8.62,3212.4,0.5548,23.53,1,1
2026-02-01T18:50:00Z,27.677,4.408,-8.21,3188.1,0.5577,23.46,1,1
2026-02-01T18:51:00Z,27.732,4.415,-8.07,3163.1,0.5698,23.32,1,1
2026-02-01T18:52:00Z,27.718,4.403,-8.16,3153.6,0.5552,23.52,1,1
2026-02-01T18:53:00Z,27.668,4.315,-8.0,3149.8,0.5656,23.57,1,1
2026-02-01T18:54:00Z,27.738,4.401,-8.07,3139.5,0.5584,23.39,1,1
2026-02-01T18:55:00Z,27.704,4.382,-7.87,3152.3,0.5629,23.26,1,1
2026-02-01T18:56:00Z,27.705,4.348,-7.52,3187.7,0.5644,23.54,1,1
2026-02-01T18:57:00Z,27.736,4.439,-7.93,3206.1,0.5651,23.51,1,1
2026-02-01T18:58:00Z,27.744,4.433,-8.43,3224.2,0.5658,23.41,1,1
2026-02-01T18:59:00Z,27.694,4.354,-7.92,3237.6,0.565,23.38,1,1
2026-02-01T19:00:00Z,28.418,4.134,18.16,3249.9,0.5632,23.5,0,0
2026-02-01T19:01:00Z,28.394,4.11,18.45,3258.3,0.5647,23.47,0,0
2026-02-01T19:02:00Z,28.42,4.13,18.04,3249.8,0.5623,23.47,0,0
2026-02-01T19:03:00Z,28.401,4.113,18.23,3236.5,0.5692,23.46,0,0
2026-02-01T19:04:00Z,28.384,4.098,18.82,3210.9,0.573,23.59,0,0
2026-02-01T19:05:00Z,28.424,4.098,17.94,3180.9,0.564,23.39,0,0
2026-02-01T19:06:00Z,28.405,4.083,18.64,3165.3,0.5605,23.66,0,0
2026-02-01T19:07:00Z,28.41,4.083,17.38,3155.9,0.5728,23.55,0,0
2026-02-01T19:08:00Z,28.393,4.171,18.31,3145.7,0.5591,23.52,0,0
2026-02-01T19:09:00Z,28.381,4.075,18.2,3143.5,0.5638,23.33,0,0
2026-02-01T19:10:00Z,28.378,4.077,16.9,3155.6,0.5635,23.6,0,0
2026-02-01T19:11:00Z,28.393,4.084,18.41,3173.7,0.5684,23.69,0,0
2026-02-01T19:12:00Z,28.391,4.111,18.35,3202.4,0.5633,23.47,0,0
2026-02-01T19:13:00Z,28.424,4.067,18.26,3225.9,0.5588,23.44,0,0
2026-02-01T19:14:00Z,28.392,4.049,17.97,3247.4,0.5749,23.43,0,0
2026-02-01T19:15:00Z,28.437,4.131,17.79,3257.9,0.5588,23.84,0,0
2026-02-01T19:16:00Z,28.382,4.104,17.76,3253.2,0.5787,23.56,0,0
2026-02-01T19:17:00Z,28.402,4.068,17.9,3246.4,0.5643,23.49,0,0
2026-02-01T19:18:00Z,28.372,4.116,17.73,3222.9,0.5755,23.5,0,0
2026-02-01T19:19:00Z,28.358,4.071,17.92,3199.8,0.5637,23.57,0,0
2026-02-01T19:20:00Z,28.417,4.113,17.87,3181.9,0.5704,23.58,0,0
2026-02-01T19:21:00Z,28.379,4.083,18.62,3158.6,0.572,23.4,0,0
2026-02-01T19:22:00Z,28.387,4.092,16.69,3143.7,0.5659,23.42,0,0
2026-02-01T19:23:00Z,28.405,4.098,17.85,3150.9,0.5858,23.49,0,0
2026-02-01T19:24:00Z,28.409,4.037,18.15,3150.0,0.5728,23.43,0,0
2026-02-01T19:25:00Z,28.367,4.122,18.22,3161.6,0.5514,23.61,0,0
2026-02-01T19:26:00Z,28.406,4.061,18.85,3182.7,0.5751,23.54,0,0
2026-02-01T19:27:00Z,28.424,4.105,18.23,3213.9,0.5593,23.44,0,0
2026-02-01T19:28:00Z,28.396,4.075,18.92,3224.6,0.5779,23.96,0,0
2026-02-01T19:29:00Z,28.403,4.135,18.72,3250.4,0.5825,23.38,0,0
2026-02-01T19:30:00Z,28.385,4.084,17.61,3266.7,0.5644,23.44,0,0
2026-02-01T19:31:00Z,28.43,4.089,18.05,3259.9,0.5646,23.77,0,0
2026-02-01T19:32:00Z,28.42,4.072,18.01,3259.3,0.567,23.66,0,0
2026-02-01T19:33:00Z,28.402,4.117,17.73,3224.5,0.5642,23.65,0,0
2026-02-01T19:34:00Z,28.354,4.144,17.57,3222.7,0.5708,23.85,0,0
2026-02-01T19:35:00Z,28.467,4.107,18.46,3186.2,0.5609,23.56,0,0
2026-02-01T19:36:00Z,28.404,4.13,19.03,3170.1,0.5687,23.58,0,0
2026-02-01T19:37:00Z,28.399,4.138,17.57,3148.0,0.5685,23.56,0,0
2026-02-01T19:38:00Z,28.416,4.167,18.21,3149.4,0.5683,23.28,0,0
2026-02-01T19:39:00Z,28.371,4.085,18.23,3146.7,0.5673,23.59,0,0
2026-02-01T19:40:00Z,28.373,4.072,17.73,3161.3,0.5656,23.32,0,0
2026-02-01T19:41:00Z,28.377,4.035,17.91,3187.9,0.5776,23.67,0,0
2026-02-01T19:42:00Z,28.387,4.122,17.82,3202.6,0.5636,23.56,0,0
2026-02-01T19:43:00Z,28.404,4.097,18.28,3218.4,0.5677,23.6,0,0
2026-02-01T19:44:00Z,28.433,4.073,18.1,3261.3,0.5652,23.4,0,0
2026-02-01T19:45:00Z,28.397,4.083,17.46,3250.2,0.5711,23.64,0,0
2026-02-01T19:46:00Z,28.403,4.068,18.04,3250.3,0.5751,23.61,0,0
2026-02-01T19:47:00Z,28.378,4.095,17.35,3250.6,0.5743,23.7,0,0
2026-02-01T19:48:00Z,28.388,4.119,18.2,3222.7,0.5697,23.43,0,0
2026-02-01T19:49:00Z,28.432,4.102,17.73,3205.6,0.577,23.69,0,0
2026-02-01T19:50:00Z,28.372,4.138,17.95,3179.7,0.5669,23.42,0,0
2026-02-01T19:51:00Z,28.384,4.087,17.87,3158.5,0.5691,23.53,0,0
2026-02-01T19:52:00Z,28.406,4.135,17.36,3154.3,0.5683,23.71,0,0
2026-02-01T19:53:00Z,28.422,4.09,18.44,3144.2,0.5711,23.6,0,0
2026-02-01T19:54:00Z,28.382,4.094,17.88,3152.0,0.5621,23.69,0,0
2026-02-01T19:55:00Z,28.371,4.075,18.45,3162.3,0.5635,23.46,0,0
2026-02-01T19:56:00Z,28.374,4.11,17.61,3198.4,0.5635,23.63,0,0
2026-02-01T19:57:00Z,28.425,4.1,18.38,3204.1,0.57,23.65,0,0
2026-02-01T19:58:00Z,28.434,4.099,18.12,3230.6,0.5639,23.64,0,0
2026-02-01T19:59:00Z,28.424,4.095,18.4,3248.5,0.5661,23.54,0,0
2026-02-01T20:00:00Z,28.386,4.116,17.38,3269.9,0.5682,23.44,0,0
2026-02-01T20:01:00Z,27.71,4.433,-7.95,3258.5,0.5769,23.41,1,1
2026-02-01T20:02:00Z,27.708,4.404,-8.37,3245.1,0.5734,23.49,1,1
2026-02-01T20:03:00Z,27.713,4.424,-7.36,3237.5,0.5682,23.27,1,1
2026-02-01T20:04:00Z,27.698,4.456,-8.34,3215.7,0.5738,23.66,1,1
2026-02-01T20:05:00Z,27.717,4.362,-8.42,3172.9,0.5765,23.71,1,1
2026-02-01T20:06:00Z,27.685,4.442,-8.44,3148.6,0.5707,23.71,1,1
2026-02-01T20:07:00Z,27.647,4.395,-7.53,3150.8,0.5711,23.63,1,1
2026-02-01T20:08:00Z,27.717,4.397,-7.57,3136.7,0.5676,23.88,1,1
2026-02-01T20:09:00Z,27.724,4.417,-7.68,3146.2,0.5735,23.59,1,1
2026-02-01T20:10:00Z,27.707,4.383,-7.95,3166.9,0.5748,23.42,1,1
2026-02-01T20:11:00Z,27.747,4.373,-7.93,3178.2,0.5685,23.67,1,1
2026-02-01T20:12:00Z,27.704,4.396,-8.34,3203.3,0.567,23.66,1,1
2026-02-01T20:13:00Z,27.701,4.457,-8.01,3231.0,0.5617,23.68,1,1
2026-02-01T20:14:00Z,27.733,4.34,-7.88,3254.6,0.5667,23.72,1,1
2026-02-01T20:15:00Z,27.742,4.438,-8.0,3263.8,0.5666,23.55,1,1
2026-02-01T20:16:00Z,27.705,4.411,-8.41,3252.7,0.5652,23.48,1,1
2026-02-01T20:17:00Z,27.72,4.405,-8.98,3239.3,0.5721,23.58,1,1
2026-02-01T20:18:00Z,27.717,4.424,-7.82,3238.4,0.5696,23.67,1,1
2026-02-01T20:19:00Z,27.703,4.407,-9.31,3208.8,0.5784,23.48,1,1
2026-02-01T20:20:00Z,27.713,4.374,-7.7,3175.1,0.5852,23.49,1,1
2026-02-01T20:21:00Z,27.715,4.369,-8.22,3155.6,0.5654,23.66,1,1
2026-02-01T20:22:00Z,27.706,4.426,-8.38,3154.5,0.5765,23.71,1,1
2026-02-01T20:23:00Z,27.762,4.393,-7.79,3135.0,0.5613,23.57,1,1
2026-02-01T20:24:00Z,27.7,4.432,-7.84,3152.0,0.5685,23.69,1,1
2026-02-01T20:25:00Z,27.725,4.413,-7.66,3159.8,0.5762,23.84,1,1
2026-02-01T20:26:00Z,27.687,4.403,-7.75,3188.6,0.5791,23.57,1,1
2026-02-01T20:27:00Z,27.695,4.368,-7.81,3192.2,0.5713,23.37,1,1
2026-02-01T20:28:00Z,27.688,4.409,-8.0,3235.6,0.5739,23.65,1,1
2026-02-01T20:29:00Z,27.698,4.438,-8.21,3255.8,0.5707,23.8,1,1
2026-02-01T20:30:00Z,27.716,4.361,-8.2,3272.4,0.5789,23.71,1,1
2026-02-01T20:31:00Z,27.718,4.353,-8.7,3260.1,0.5728,23.46,1,1
2026-02-01T20:32:00Z,27.719,4.386,-7.61,3254.8,0.5797,23.7,1,1
2026-02-01T20:33:00Z,27.678,4.346,-8.09,3229.5,0.5844,23.38,1,1
2026-02-01T20:34:00Z,27.705,4.41,-8.35,3215.7,0.567,23.63,1,1
2026-02-01T20:35:00Z,28.393,4.108,17.55,3174.5,0.5765,23.6,0,0
2026-02-01T20:36:00Z,28.425,4.122,18.51,3164.8,0.5685,23.85,0,0
2026-02-01T20:37:00Z,28.4,4.064,16.78,3150.3,0.5731,23.58,0,0
2026-02-01T20:38:00Z,28.413,4.075,17.46,3129.5,0.5742,23.33,0,0
2026-02-01T20:39:00Z,28.406,4.085,18.62,3149.3,0.5646,23.65,0,0
2026-02-01T20:40:00Z,28.383,4.026,18.73,3158.1,0.5781,23.96,0,0
2026-02-01T20:41:00Z,28.4,4.091,17.54,3181.2,0.5817,23.49,0,0
2026-02-01T20:42:00Z,28.4,4.127,18.33,3212.1,0.5962,23.63,0,0
2026-02-01T20:43:00Z,28.385,4.096,17.67,3235.4,0.5672,23.7,0,0
2026-02-01T20:44:00Z,28.392,4.068,18.08,3250.3,0.5809,23.77,0,0
2026-02-01T20:45:00Z,28.376,4.083,17.36,3261.2,0.5792,23.72,0,0
2026-02-01T20:46:00Z,28.402,4.079,18.06,3250.2,0.5845,23.87,0,0
2026-02-01T20:47:00Z,28.448,4.099,17.73,3244.7,0.5819,23.63,0,0
2026-02-01T20:48:00Z,28.411,4.114,17.92,3233.6,0.5771,23.83,0,0
2026-02-01T20:49:00Z,28.38,4.093,17.93,3208.7,0.5857,23.7,0,0
2026-02-01T20:50:00Z,28.401,4.074,17.79,3169.6,0.5683,23.68,0,0
2026-02-01T20:51:00Z,28.414,4.088,18.12,3154.4,0.5738,23.72,0,0
2026-02-01T20:52:00Z,28.412,4.07,18.79,3146.0,0.5697,23.93,0,0
2026-02-01T20:53:00Z,28.42,4.096,17.93,3134.8,0.5679,23.55,0,0
2026-02-01T20:54:00Z,28.376,4.12,17.93,3155.8,0.5792,23.69,0,0
2026-02-01T20:55:00Z,28.415,4.096,17.81,3168.4,0.5803,23.77,0,0
2026-02-01T20:56:00Z,28.398,4.133,17.86,3188.0,0.5737,23.95,0,0
2026-02-01T20:57:00Z,28.404,4.094,17.96,3200.2,0.5849,23.69,0,0
2026-02-01T20:58:00Z,28.387,4.115,17.88,3237.2,0.5805,23.86,0,0
2026-02-01T20:59:00Z,28.42,4.079,18.31,3256.2,0.5787,23.98,0,0
2026-02-01T21:00:00Z,28.436,4.129,18.13,3264.0,0.584,23.58,0,0
2026-02-01T21:01:00Z,28.412,4.106,18.19,3258.7,0.5773,23.41,0,0
2026-02-01T21:02:00Z,28.376,4.101,18.09,3249.2,0.5756,24.23,0,0
2026-02-01T21:03:00Z,28.392,4.089,17.66,3230.2,0.5796,23.74,0,0
2026-02-01T21:04:00Z,28.382,4.143,17.33,3220.3,0.575,23.69,0,0
2026-02-01T21:05:00Z,28.376,4.122,18.08,3182.0,0.5923,23.69,0,0
2026-02-01T21:06:00Z,28.409,4.1,18.21,3149.0,0.5771,24.0,0,0
2026-02-01T21:07:00Z,28.42,4.08,17.9,3131.9,0.5818,23.6,0,0
2026-02-01T21:08:00Z,28.414,4.058,18.24,3137.9,0.579,23.55,0,0
2026-02-01T21:09:00Z,28.413,4.104,18.75,3148.2,0.5848,23.63,0,0
2026-02-01T21:10:00Z,28.425,4.08,17.58,3162.2,0.5786,23.82,0,0
2026-02-01T21:11:00Z,28.397,4.101,18.03,3195.1,0.5923,23.65,0,0
2026-02-01T21:12:00Z,28.402,4.094,18.44,3205.7,0.5838,23.55,0,0
2026-02-01T21:13:00Z,28.407,4.05,17.5,3231.5,0.5774,23.76,0,0
2026-02-01T21:14:00Z,28.431,4.146,17.62,3257.3,0.5781,23.64,0,0
2026-02-01T21:15:00Z,28.393,4.113,17.57,3264.3,0.5769,23.59,0,0
2026-02-01T21:16:00Z,28.44,4.124,17.18,3260.5,0.5842,23.81,0,0
2026-02-01T21:17:00Z,28.389,4.121,17.53,3245.9,0.5743,23.83,0,0
2026-02-01T21:18:00Z,28.386,4.107,17.77,3223.1,0.5814,23.73,0,0
2026-02-01T21:19:00Z,28.399,4.067,17.73,3206.6,0.5808,24.05,0,0
2026-02-01T21:20:00Z,28.423,4.117,17.3,3165.7,0.5914,23.83,0,0
2026-02-01T21:21:00Z,28.388,4.099,17.66,3151.0,0.5811,23.74,0,0
2026-02-01T21:22:00Z,28.409,4.024,17.85,3145.8,0.5834,23.73,0,0
2026-02-01T21:23:00Z,28.377,4.085,18.03,3137.2,0.5915,23.8,0,0
2026-02-01T21:24:00Z,28.403,4.054,18.26,3146.0,0.574,23.52,0,0
2026-02-01T21:25:00Z,28.425,4.158,18.13,3162.4,0.5797,24.03,0,0
2026-02-01T21:26:00Z,28.366,4.104,18.54,3179.8,0.5842,23.85,0,0
2026-02-01T21:27:00Z,28.403,4.158,17.73,3205.8,0.5807,23.7,0,0
2026-02-01T21:28:00Z,28.4,4.07,18.28,3244.5,0.5836,23.47,0,0
2026-02-01T21:29:00Z,28.389,4.09,18.21,3253.7,0.5868,23.59,0,0
2026-02-01T21:30:00Z,28.38,4.078,18.56,3263.7,0.5706,23.73,0,0
2026-02-01T21:31:00Z,28.427,4.114,18.07,3255.3,0.5776,23.8,0,0
2026-02-01T21:32:00Z,28.391,4.116,17.45,3251.2,0.5905,23.67,0,0
2026-02-01T21:33:00Z,28.383,4.1,18.03,3227.8,0.5834,23.8,0,0
2026-02-01T21:34:00Z,28.384,4.054,18.3,3207.8,0.5869,23.87,0,0
2026-02-01T21:35:00Z,28.427,4.109,17.5,3168.8,0.5854,23.8,0,0
2026-02-01T21:36:00Z,27.708,4.357,-7.66,3153.7,0.5768,23.87,1,1
2026-02-01T21:37:00Z,27.697,4.418,-8.35,3139.5,0.5881,23.7,1,1
2026-02-01T21:38:00Z,27.707,4.412,-7.64,3138.2,0.5842,23.84,1,1
2026-02-01T21:39:00Z,27.711,4.455,-8.05,3151.2,0.5862,23.95,1,1
2026-02-01T21:40:00Z,27.699,4.429,-7.89,3162.1,0.5798,23.6,1,1
2026-02-01T21:41:00Z,27.722,4.341,-7.19,3186.5,0.591,23.82,1,1
2026-02-01T21:42:00Z,27.709,4.413,-7.65,3208.3,0.586,24.0,1,1
2026-02-01T21:43:00Z,27.729,4.423,-7.5,3235.3,0.5844,24.14,1,1
2026-02-01T21:44:00Z,27.688,4.447,-8.57,3259.9,0.5772,23.7,1,1
2026-02-01T21:45:00Z,27.707,4.447,-7.55,3263.5,0.5762,24.04,1,1
2026-02-01T21:46:00Z,27.666,4.36,-8.07,3267.1,0.5794,23.95,1,1
2026-02-01T21:47:00Z,27.681,4.405,-8.28,3250.8,0.5828,24.23,1,1
2026-02-01T21:48:00Z,27.701,4.382,-7.87,3227.1,0.5706,23.66,1,1
2026-02-01T21:49:00Z,27.711,4.426,-8.08,3184.2,0.585,23.91,1,1
2026-02-01T21:50:00Z,27.696,4.409,-7.96,3170.5,0.5853,23.76,1,1
2026-02-01T21:51:00Z,27.687,4.419,-7.97,3161.4,0.5807,23.81,1,1
2026-02-01T21:52:00Z,27.71,4.399,-7.83,3154.4,0.5818,23.74,1,1
2026-02-01T21:53:00Z,27.682,4.416,-8.06,3139.4,0.5896,23.74,1,1
2026-02-01T21:54:00Z,27.717,4.363,-7.82,3145.2,0.5828,24.12,1,1
2026-02-01T21:55:00Z,27.732,4.414,-8.32,3157.8,0.5894,23.7,1,1
2026-02-01T21:56:00Z,27.676,4.413,-8.08,3194.3,0.5886,23.8,1,1
2026-02-01T21:57:00Z,27.709,4.369,-7.46,3216.8,0.5878,23.69,1,1
2026-02-01T21:58:00Z,27.7,4.37,-7.95,3248.4,0.5852,23.6,1,1
2026-02-01T21:59:00Z,27.677,4.395,-8.07,3252.2,0.5854,23.87,1,1
2026-02-01T22:00:00Z,27.692,4.401,-7.95,3270.3,0.5846,23.79,1,1
2026-02-01T22:01:00Z,27.685,4.419,-8.1,3273.8,0.5871,23.89,1,1
2026-02-01T22:02:00Z,27.707,4.391,-7.91,3244.7,0.5777,23.89,1,1
2026-02-01T22:03:00Z,27.698,4.408,-7.85,3225.4,0.5986,23.98,1,1
2026-02-01T22:04:00Z,27.693,4.418,-7.49,3196.0,0.5835,24.0,1,1
2026-02-01T22:05:00Z,27.716,4.378,-8.22,3179.8,0.5823,24.13,1,1
2026-02-01T22:06:00Z,27.722,4.424,-8.08,3148.1,0.5832,23.59,1,1
2026-02-01T22:07:00Z,27.709,4.386,-7.81,3137.9,0.5906,23.61,1,1
2026-02-01T22:08:00Z,27.721,4.385,-8.6,3148.9,0.5902,23.81,1,1
2026-02-01T22:09:00Z,27.705,4.356,-8.18,3150.9,0.5884,23.96,1,1
2026-02-01T22:10:00Z,28.416,4.121,17.74,3162.1,0.5836,23.73,0,0
2026-02-01T22:11:00Z,28.401,4.143,17.63,3188.0,0.5896,23.87,0,0
2026-02-01T22:12:00Z,28.405,4.072,18.01,3211.6,0.5697,23.92,0,0
2026-02-01T22:13:00Z,28.377,4.07,17.85,3238.6,0.5841,23.77,0,0
2026-02-01T22:14:00Z,28.352,4.123,17.64,3258.5,0.5899,24.0,0,0
2026-02-01T22:15:00Z,28.402,4.106,17.55,3269.6,0.5896,23.87,0,0
2026-02-01T22:16:00Z,28.382,4.11,18.0,3261.4,0.5894,23.64,0,0
2026-02-01T22:17:00Z,28.41,4.086,18.81,3228.9,0.5899,23.72,0,0
2026-02-01T22:18:00Z,28.376,4.11,18.2,3222.7,0.588,23.97,0,0
2026-02-01T22:19:00Z,28.378,4.098,18.58,3202.3,0.5808,24.02,0,0
2026-02-01T22:20:00Z,28.377,4.112,17.83,3166.3,0.5868,24.15,0,0
2026-02-01T22:21:00Z,28.386,4.144,17.71,3142.5,0.5915,23.9,0,0
2026-02-01T22:22:00Z,28.408,4.097,18.14,3131.8,0.5985,23.85,0,0
2026-02-01T22:23:00Z,28.382,4.063,17.36,3139.7,0.5882,24.06,0,0
2026-02-01T22:24:00Z,28.403,4.105,18.18,3138.2,0.5805,23.9,0,0
2026-02-01T22:25:00Z,28.398,4.111,17.74,3161.5,0.5897,24.11,0,0
2026-02-01T22:26:00Z,28.414,4.116,17.53,3189.0,0.5899,23.94,0,0
2026-02-01T22:27:00Z,28.407,4.078,17.65,3214.3,0.5796,23.86,0,0
2026-02-01T22:28:00Z,28.424,4.104,17.22,3236.8,0.5879,23.99,0,0
2026-02-01T22:29:00Z,28.414,4.075,17.92,3247.9,0.5958,23.93,0,0
2026-02-01T22:30:00Z,28.432,4.12,17.53,3265.8,0.5852,24.0,0,0
2026-02-01T22:31:00Z,28.412,4.076,18.05,3260.2,0.5877,23.71,0,0
2026-02-01T22:32:00Z,28.417,4.109,18.13,3246.9,0.5915,23.98,0,0
2026-02-01T22:33:00Z,28.399,4.104,17.98,3227.4,0.5926,23.81,0,0
2026-02-01T22:34:00Z,28.396,4.075,17.97,3197.5,0.5927,23.81,0,0
2026-02-01T22:35:00Z,28.421,4.089,18.4,3175.3,0.5808,23.86,0,0
2026-02-01T22:36:00Z,28.41,4.1,17.69,3156.5,0.5911,23.83,0,0
2026-02-01T22:37:00Z,28.38,4.058,17.69,3145.8,0.5931,24.08,0,0
2026-02-01T22:38:00Z,28.383,4.077,17.88,3130.7,0.5974,23.85,0,0
2026-02-01T22:39:00Z,28.398,4.107,17.44,3151.0,0.5889,23.92,0,0
2026-02-01T22:40:00Z,28.4,4.05,18.19,3167.5,0.5926,23.88,0,0
2026-02-01T22:41:00Z,28.407,4.043,17.82,3192.4,0.5996,23.9,0,0
2026-02-01T22:42:00Z,28.406,4.077,17.83,3212.9,0.5974,23.77,0,0
2026-02-01T22:43:00Z,28.41,4.122,18.59,3239.9,0.5977,23.87,0,0
2026-02-01T22:44:00Z,28.412,4.109,18.13,3260.5,0.6018,24.01,0,0
2026-02-01T22:45:00Z,28.382,4.08,17.31,3262.3,0.5921,23.96,0,0
2026-02-01T22:46:00Z,28.403,4.135,17.84,3257.7,0.5903,23.86,0,0
2026-02-01T22:47:00Z,28.434,4.093,18.34,3253.8,0.5985,23.91,0,0
2026-02-01T22:48:00Z,28.387,4.055,17.93,3224.9,0.5948,23.91,0,0
2026-02-01T22:49:00Z,28.389,4.099,19.0,3203.0,0.5825,24.05,0,0
2026-02-01T22:50:00Z,28.406,4.098,17.97,3170.7,0.6003,24.06,0,0
2026-02-01T22:51:00Z,28.401,4.137,18.18,3141.6,0.5937,23.91,0,0
2026-02-01T22:52:00Z,28.396,4.088,18.59,3148.4,0.5866,24.09,0,0
2026-02-01T22:53:00Z,28.423,4.03,17.33,3130.6,0.5991,24.03,0,0
2026-02-01T22:54:00Z,28.423,4.104,18.07,3136.7,0.5879,23.93,0,0
2026-02-01T22:55:00Z,28.42,4.069,18.6,3171.8,0.5889,24.09,0,0
2026-02-01T22:56:00Z,28.429,4.08,17.42,3183.5,0.5871,23.85,0,0
2026-02-01T22:57:00Z,28.393,4.076,17.95,3224.7,0.6043,24.0,0,0
2026-02-01T22:58:00Z,28.398,4.06,17.78,3243.0,0.5888,23.77,0,0
2026-02-01T22:59:00Z,28.416,4.099,18.51,3259.9,0.6021,24.01,0,0
2026-02-01T23:00:00Z,28.4,4.103,17.71,3255.4,0.585,24.06,0,0
2026-02-01T23:01:00Z,28.392,4.102,17.85,3273.9,0.5857,23.62,0,0
2026-02-01T23:02:00Z,28.39,4.089,18.31,3223.6,0.5965,24.01,0,0
2026-02-01T23:03:00Z,28.402,4.074,18.7,3220.1,0.5971,23.72,0,0
2026-02-01T23:04:00Z,28.371,4.063,18.31,3184.8,0.5974,24.1,0,0
2026-02-01T23:05:00Z,28.394,4.101,18.36,3171.6,0.5984,24.09,0,0
2026-02-01T23:06:00Z,28.396,4.05,17.64,3143.5,0.597,24.19,0,0
2026-02-01T23:07:00Z,28.406,4.097,18.3,3126.9,0.5907,23.96,0,0
2026-02-01T23:08:00Z,28.356,4.134,18.9,3133.2,0.5873,24.11,0,0
2026-02-01T23:09:00Z,28.385,4.087,18.32,3147.2,0.593,24.34,0,0
2026-02-01T23:10:00Z,28.363,4.071,18.14,3164.1,0.5986,24.01,0,0
2026-02-01T23:11:00Z,27.674,4.407,-8.83,3194.5,0.5988,24.12,1,1
2026-02-01T23:12:00Z,27.693,4.436,-7.49,3216.3,0.5964,24.1,1,1
2026-02-01T23:13:00Z,27.707,4.397,-8.27,3244.3,0.5949,23.93,1,1
2026-02-01T23:14:00Z,27.698,4.419,-7.85,3256.5,0.5962,24.09,1,1
2026-02-01T23:15:00Z,27.723,4.379,-7.73,3264.5,0.5973,24.09,1,1
2026-02-01T23:16:00Z,27.68,4.357,-8.27,3261.2,0.6066,24.22,1,1
2026-02-01T23:17:00Z,27.699,4.436,-7.74,3243.1,0.6041,23.92,1,1
2026-02-01T23:18:00Z,27.658,4.454,-8.12,3226.3,0.5938,23.98,1,1
2026-02-01T23:19:00Z,27.729,4.416,-8.58,3179.7,0.5889,24.27,1,1
2026-02-01T23:20:00Z,27.714,4.394,-7.85,3159.2,0.5935,23.97,1,1
2026-02-01T23:21:00Z,27.662,4.387,-8.04,3148.5,0.602,23.98,1,1
2026-02-01T23:22:00Z,27.715,4.437,-8.04,3143.0,0.592,24.13,1,1
2026-02-01T23:23:00Z,27.718,4.43,-7.59,3131.1,0.6043,24.4,1,1
2026-02-01T23:24:00Z,27.73,4.379,-7.85,3138.2,0.5996,24.14,1,1
2026-02-01T23:25:00Z,27.689,4.411,-7.63,3159.1,0.6071,24.02,1,1
2026-02-01T23:26:00Z,27.677,4.4,-8.2,3201.0,0.6008,24.14,1,1
2026-02-01T23:27:00Z,27.68,4.38,-7.97,3225.7,0.5962,24.01,1,1
2026-02-01T23:28:00Z,27.67,4.449,-7.68,3247.6,0.5913,24.03,1,1
2026-02-01T23:29:00Z,27.66,4.37,-8.09,3252.4,0.5958,24.16,1,1
2026-02-01T23:30:00Z,27.704,4.373,-8.51,3273.7,0.5931,23.83,1,1
2026-02-01T23:31:00Z,27.7,4.393,-7.84,3261.0,0.604,24.01,1,1
2026-02-01T23:32:00Z,27.725,4.411,-8.69,3240.4,0.5982,24.07,1,1
2026-02-01T23:33:00Z,27.697,4.374,-7.77,3217.5,0.595,24.01,1,1
2026-02-01T23:34:00Z,27.711,4.43,-7.31,3186.0,0.5954,24.13,1,1
2026-02-01T23:35:00Z,27.708,4.353,-7.7,3167.4,0.5945,23.96,1,1
2026-02-01T23:36:00Z,27.716,4.42,-8.27,3151.4,0.5906,23.94,1,1
2026-02-01T23:37:00Z,27.714,4.403,-7.45,3132.8,0.5908,23.85,1,1
2026-02-01T23:38:00Z,27.696,4.397,-7.97,3140.2,0.6025,24.09,1,1
2026-02-01T23:39:00Z,27.689,4.407,-7.72,3140.6,0.5992,24.08,1,1
2026-02-01T23:40:00Z,27.68,4.339,-7.9,3167.8,0.6075,24.36,1,1
2026-02-01T23:41:00Z,27.743,4.368,-7.41,3195.3,0.5918,24.03,1,1
2026-02-01T23:42:00Z,27.71,4.447,-7.42,3214.8,0.5929,24.05,1,1
2026-02-01T23:43:00Z,27.676,4.389,-8.56,3251.9,0.5916,24.35,1,1
2026-02-01T23:44:00Z,27.701,4.426,-8.27,3268.2,0.593,23.82,1,1
2026-02-01T23:45:00Z,28.429,4.152,18.38,3267.2,0.5946,24.0,0,0
2026-02-01T23:46:00Z,28.43,4.097,17.69,3271.8,0.5938,24.28,0,0
2026-02-01T23:47:00Z,28.402,4.101,18.35,3257.9,0.6031,24.12,0,0
2026-02-01T23:48:00Z,28.387,4.105,18.16,3216.9,0.6007,24.0,0,0
2026-02-01T23:49:00Z,28.386,4.097,18.01,3209.0,0.597,24.3,0,0
2026-02-01T23:50:00Z,28.368,4.088,17.59,3161.3,0.5936,24.15,0,0
2026-02-01T23:51:00Z,28.378,4.12,17.71,3126.5,0.5963,24.16,0,0
2026-02-01T23:52:00Z,28.415,4.141,18.02,3134.2,0.5892,24.15,0,0
2026-02-01T23:53:00Z,28.375,4.094,18.26,3138.5,0.6014,23.85,0,0
2026-02-01T23:54:00Z,28.416,4.073,18.07,3147.0,0.6025,24.01,0,0
2026-02-01T23:55:00Z,28.41,4.112,18.0,3167.1,0.5973,24.13,0,0
2026-02-01T23:56:00Z,28.425,4.067,17.78,3192.9,0.5999,23.98,0,0
2026-02-01T23:57:00Z,28.422,4.114,17.39,3226.9,0.602,24.28,0,0
2026-02-01T23:58:00Z,28.39,4.038,18.39,3236.5,0.5892,24.2,0,0
2026-02-01T23:59:00Z,28.375,4.097,17.91,3265.1,0.6086,24.19,0,0
2026-02-02T00:00:00Z,28.41,4.117,17.42,3276.3,0.5974,24.17,0,0
2026-02-02T00:01:00Z,28.394,4.103,18.57,3273.1,0.6033,23.96,0,0
2026-02-02T00:02:00Z,28.412,4.092,17.57,3244.7,0.5928,24.16,0,0
2026-02-02T00:03:00Z,28.411,4.12,18.72,3222.5,0.604,24.37,0,0
2026-02-02T00:04:00Z,28.415,4.083,17.61,3199.5,0.601,24.27,0,0
2026-02-02T00:05:00Z,28.403,4.133,17.87,3169.2,0.5979,24.4,0,0
2026-02-02T00:06:00Z,28.392,4.116,17.33,3152.5,0.5984,24.0,0,0
2026-02-02T00:07:00Z,28.424,4.101,18.31,3116.9,0.6005,24.1,0,0
2026-02-02T00:08:00Z,28.413,4.136,18.73,3126.3,0.6074,24.02,0,0
2026-02-02T00:09:00Z,28.402,4.069,17.32,3142.9,0.6055,24.03,0,0
2026-02-02T00:10:00Z,28.428,4.039,18.08,3174.4,0.6128,24.01,0,0
2026-02-02T00:11:00Z,28.412,4.075,17.83,3198.4,0.6035,24.05,0,0
2026-02-02T00:12:00Z,28.415,4.169,17.52,3226.5,0.6106,24.06,0,0
2026-02-02T00:13:00Z,28.426,4.033,17.41,3248.5,0.6014,24.16,0,0
2026-02-02T00:14:00Z,28.428,4.084,18.02,3273.4,0.5923,24.23,0,0
2026-02-02T00:15:00Z,28.422,4.107,17.76,3274.3,0.5941,24.03,0,0
2026-02-02T00:16:00Z,28.415,4.177,17.99,3262.4,0.6057,24.07,0,0
2026-02-02T00:17:00Z,28.393,4.129,17.77,3254.0,0.5999,23.86,0,0
2026-02-02T00:18:00Z,28.363,4.118,18.09,3218.9,0.6092,24.37,0,0
2026-02-02T00:19:00Z,28.42,4.124,18.69,3197.0,0.6176,24.28,0,0
2026-02-02T00:20:00Z,28.41,4.067,17.6,3175.2,0.5986,23.8,0,0
2026-02-02T00:21:00Z,28.383,4.097,17.7,3130.8,0.6107,24.13,0,0
2026-02-02T00:22:00Z,28.393,4.091,18.54,3132.0,0.5991,24.36,0,0
2026-02-02T00:23:00Z,28.351,4.102,17.89,3121.5,0.6012,24.01,0,0
2026-02-02T00:24:00Z,28.377,4.143,18.68,3148.0,0.6114,24.24,0,0
2026-02-02T00:25:00Z,28.387,4.118,17.88,3169.2,0.5972,24.12,0,0
2026-02-02T00:26:00Z,28.389,4.102,17.77,3186.5,0.5907,24.18,0,0
2026-02-02T00:27:00Z,28.407,4.118,17.61,3227.6,0.6017,23.94,0,0
2026-02-02T00:28:00Z,28.376,4.009,17.81,3247.5,0.6012,23.93,0,0
2026-02-02T00:29:00Z,28.386,4.05,17.77,3257.7,0.6062,24.31,0,0
2026-02-02T00:30:00Z,28.383,4.133,17.78,3281.4,0.5979,24.35,0,0
2026-02-02T00:31:00Z,28.389,4.12,18.17,3264.4,0.6025,24.09,0,0
2026-02-02T00:32:00Z,28.43,4.075,18.08,3258.4,0.6065,24.01,0,0
2026-02-02T00:33:00Z,28.439,4.111,17.59,3214.9,0.6158,24.15,0,0
2026-02-02T00:34:00Z,28.379,4.087,17.65,3185.4,0.6186,24.29,0,0
2026-02-02T00:35:00Z,28.397,4.129,18.21,3160.5,0.6015,24.24,0,0
2026-02-02T00:36:00Z,28.388,4.031,17.46,3136.7,0.5925,24.27,0,0
2026-02-02T00:37:00Z,28.405,4.076,17.92,3135.9,0.6125,24.36,0,0
2026-02-02T00:38:00Z,28.354,4.069,18.0,3127.5,0.6003,23.9,0,0
2026-02-02T00:39:00Z,28.392,4.1,17.46,3146.4,0.6066,24.41,0,0
2026-02-02T00:40:00Z,28.373,4.056,18.58,3171.7,0.6063,24.13,0,0
2026-02-02T00:41:00Z,28.392,4.183,17.91,3203.0,0.6081,24.18,0,0
2026-02-02T00:42:00Z,28.444,4.111,18.25,3228.4,0.6216,24.09,0,0
2026-02-02T00:43:00Z,28.423,4.046,17.92,3251.7,0.6134,24.06,0,0
2026-02-02T00:44:00Z,28.384,4.153,17.75,3269.6,0.6132,24.11,0,0
2026-02-02T00:45:00Z,28.39,4.095,18.14,3268.5,0.6089,24.24,0,0
2026-02-02T00:46:00Z,27.708,4.451,-7.97,3269.5,0.605,24.44,1,1
2026-02-02T00:47:00Z,27.699,4.414,-7.74,3241.4,0.5988,24.05,1,1
2026-02-02T00:48:00Z,27.684,4.393,-7.98,3228.4,0.5979,24.29,1,1
2026-02-02T00:49:00Z,27.705,4.372,-7.96,3183.3,0.5973,23.98,1,1
2026-02-02T00:50:00Z,27.698,4.407,-7.98,3153.3,0.604,24.27,1,1
2026-02-02T00:51:00Z,27.714,4.379,-8.38,3139.2,0.6057,24.09,1,1
2026-02-02T00:52:00Z,27.74,4.406,-7.23,3123.7,0.5955,24.34,1,1
2026-02-02T00:53:00Z,27.679,4.364,-7.03,3122.2,0.6051,23.9,1,1
2026-02-02T00:54:00Z,27.681,4.382,-8.11,3141.1,0.6086,24.17,1,1
2026-02-02T00:55:00Z,27.707,4.345,-8.22,3174.4,0.6026,24.39,1,1
2026-02-02T00:56:00Z,27.687,4.439,-8.32,3198.1,0.6141,24.18,1,1
2026-02-02T00:57:00Z,27.722,4.416,-8.18,3230.4,0.6056,24.17,1,1
2026-02-02T00:58:00Z,27.706,4.375,-7.63,3260.2,0.6086,24.29,1,1
2026-02-02T00:59:00Z,27.691,4.383,-8.07,3270.7,0.6013,24.47,1,1
2026-02-02T01:00:00Z,27.673,4.439,-7.53,3271.7,0.61,24.18,1,1
2026-02-02T01:01:00Z,27.712,4.433,-8.44,3264.2,0.61,24.52,1,1
2026-02-02T01:02:00Z,27.707,4.41,-7.74,3245.1,0.6066,24.38,1,1
2026-02-02T01:03:00Z,27.683,4.353,-8.25,3214.0,0.6152,24.2,1,1
2026-02-02T01:04:00Z,27.724,4.426,-8.48,3174.5,0.6069,24.15,1,1
2026-02-02T01:05:00Z,27.679,4.39,-7.97,3151.6,0.6056,24.25,1,1
2026-02-02T01:06:00Z,27.734,4.412,-7.73,3140.2,0.6077,24.07,1,1
2026-02-02T01:07:00Z,27.696,4.425,-7.05,3136.6,0.6057,24.32,1,1
2026-02-02T01:08:00Z,27.698,4.389,-8.36,3125.5,0.6034,24.27,1,1
2026-02-02T01:09:00Z,27.667,4.425,-7.89,3147.8,0.6027,24.1,1,1
2026-02-02T01:10:00Z,27.686,4.443,-7.93,3171.5,0.613,24.04,1,1
2026-02-02T01:11:00Z,27.694,4.403,-8.3,3202.9,0.6072,24.17,1,1
2026-02-02T01:12:00Z,27.729,4.368,-7.98,3226.6,0.6183,23.99,1,1
2026-02-02T01:13:00Z,27.706,4.44,-8.03,3259.4,0.6103,24.24,1,1
2026-02-02T01:14:00Z,27.678,4.364,-8.04,3268.7,0.6132,24.45,1,1
2026-02-02T01:15:00Z,27.708,4.376,-8.04,3271.8,0.6114,24.41,1,1
2026-02-02T01:16:00Z,27.704,4.368,-8.28,3259.4,0.6016,24.24,1,1
2026-02-02T01:17:00Z,27.717,4.401,-7.75,3247.5,0.6009,24.26,1,1
2026-02-02T01:18:00Z,27.725,4.432,-7.76,3208.6,0.6048,23.94,1,1
2026-02-02T01:19:00Z,27.708,4.408,-8.68,3188.4,0.6158,24.55,1,1
2026-02-02T01:20:00Z,28.412,4.16,18.29,3158.3,0.6136,24.38,0,0
2026-02-02T01:21:00Z,28.411,4.102,18.04,3136.5,0.5934,24.08,0,0
2026-02-02T01:22:00Z,28.385,4.089,18.28,3126.5,0.6138,24.38,0,0
2026-02-02T01:23:00Z,28.392,4.043,17.96,3124.2,0.607,24.22,0,0
2026-02-02T01:24:00Z,28.39,4.074,17.5,3147.9,0.6056,24.29,0,0
2026-02-02T01:25:00Z,28.404,4.082,17.96,3162.4,0.6091,24.3,0,0
2026-02-02T01:26:00Z,28.406,4.101,18.06,3210.0,0.6049,24.11,0,0
2026-02-02T01:27:00Z,28.356,4.132,17.77,3220.7,0.6126,24.03,0,0
2026-02-02T01:28:00Z,28.407,4.063,18.17,3249.7,0.6057,24.19,0,0
2026-02-02T01:29:00Z,28.404,4.096,18.55,3268.3,0.6185,24.41,0,0
2026-02-02T01:30:00Z,28.362,4.122,18.37,3281.5,0.6089,24.11,0,0
2026-02-02T01:31:00Z,28.384,4.104,17.38,3260.6,0.6123,24.4,0,0
2026-02-02T01:32:00Z,28.41,4.083,17.73,3245.4,0.6224,24.5,0,0
2026-02-02T01:33:00Z,28.375,4.155,18.2,3208.7,0.6076,24.49,0,0
2026-02-02T01:34:00Z,28.401,4.127,18.27,3184.3,0.6092,24.21,0,0
2026-02-02T01:35:00Z,28.384,4.091,17.33,3163.0,0.6073,24.33,0,0
2026-02-02T01:36:00Z,28.417,4.037,18.19,3141.8,0.6112,24.22,0,0
2026-02-02T01:37:00Z,28.416,4.059,17.71,3124.8,0.615,24.5,0,0
2026-02-02T01:38:00Z,28.405,4.141,17.86,3119.1,0.62,24.28,0,0
2026-02-02T01:39:00Z,28.362,4.089,17.36,3141.4,0.6161,24.34,0,0
2026-02-02T01:40:00Z,28.386,4.11,18.55,3168.6,0.6157,24.23,0,0
2026-02-02T01:41:00Z,28.389,4.134,18.58,3207.5,0.6139,23.95,0,0
2026-02-02T01:42:00Z,28.398,4.063,17.35,3227.6,0.6122,24.24,0,0
2026-02-02T01:43:00Z,28.415,4.137,17.87,3265.1,0.6142,24.37,0,0
2026-02-02T01:44:00Z,28.383,4.136,17.2,3269.9,0.6014,24.33,0,0
2026-02-02T01:45:00Z,28.389,4.075,18.35,3275.8,0.609,24.37,0,0
2026-02-02T01:46:00Z,28.426,4.09,17.65,3258.9,0.6151,24.44,0,0
2026-02-02T01:47:00Z,28.377,4.048,17.89,3248.2,0.6055,24.15,0,0
2026-02-02T01:48:00Z,28.416,4.118,18.9,3203.4,0.614,24.38,0,0
2026-02-02T01:49:00Z,28.447,4.123,17.29,3179.1,0.6175,24.5,0,0
2026-02-02T01:50:00Z,28.433,4.113,18.4,3164.2,0.621,24.4,0,0
2026-02-02T01:51:00Z,28.39,4.064,17.98,3140.0,0.6243,24.43,0,0
2026-02-02T01:52:00Z,28.432,4.09,17.41,3119.5,0.6093,24.37,0,0
2026-02-02T01:53:00Z,28.382,4.09,17.8,3132.1,0.6053,24.58,0,0
2026-02-02T01:54:00Z,28.429,4.11,18.0,3167.1,0.6175,24.6,0,0
2026-02-02T01:55:00Z,28.419,4.08,18.46,3177.7,0.6124,24.38,0,0
2026-02-02T01:56:00Z,28.423,4.018,17.7,3201.1,0.6147,24.28,0,0
2026-02-02T01:57:00Z,28.399,4.103,18.06,3231.4,0.6146,24.37,0,0
2026-02-02T01:58:00Z,28.379,4.116,17.79,3271.0,0.6154,24.1,0,0
2026-02-02T01:59:00Z,28.406,4.089,17.89,3273.8,0.6126,24.04,0,0
2026-02-02T02:00:00Z,28.407,4.111,17.45,3282.6,0.6044,24.32,0,0
2026-02-02T02:01:00Z,28.426,4.082,17.65,3266.0,0.615,24.01,0,0
2026-02-02T02:02:00Z,28.411,4.046,17.96,3227.9,0.6164,24.35,0,0
2026-02-02T02:03:00Z,28.383,4.056,17.58,3208.4,0.6213,24.38,0,0
2026-02-02T02:04:00Z,28.412,4.065,17.77,3172.0,0.6123,24.42,0,0
2026-02-02T02:05:00Z,28.384,4.091,18.26,3160.8,0.6128,24.45,0,0
2026-02-02T02:06:00Z,28.41,4.103,18.35,3129.7,0.6087,24.42,0,0
2026-02-02T02:07:00Z,28.4,4.101,17.78,3122.7,0.61,24.27,0,0
2026-02-02T02:08:00Z,28.403,4.05,18.53,3140.9,0.6247,24.33,0,0
2026-02-02T02:09:00Z,28.399,4.138,18.19,3153.2,0.6151,24.4,0,0
2026-02-02T02:10:00Z,28.389,4.052,17.62,3177.9,0.614,24.37,0,0
2026-02-02T02:11:00Z,28.415,4.105,18.79,3203.9,0.609,24.43,0,0
2026-02-02T02:12:00Z,28.451,4.106,17.55,3245.7,0.6191,24.13,0,0
2026-02-02T02:13:00Z,28.413,4.114,18.27,3259.6,0.6253,24.58,0,0
2026-02-02T02:14:00Z,28.396,4.077,18.07,3266.6,0.6146,24.3,0,0
2026-02-02T02:15:00Z,28.379,4.103,18.77,3267.2,0.6162,24.33,0,0
2026-02-02T02:16:00Z,28.382,4.088,18.13,3262.3,0.617,24.34,0,0
2026-02-02T02:17:00Z,28.407,4.144,18.17,3241.1,0.615,24.24,0,0
2026-02-02T02:18:00Z,28.429,4.143,17.94,3218.4,0.6179,24.32,0,0
2026-02-02T02:19:00Z,28.391,4.078,17.7,3181.3,0.6244,24.17,0,0
2026-02-02T02:20:00Z,28.392,4.118,18.34,3158.3,0.6217,24.37,0,0
2026-02-02T02:21:00Z,27.687,4.416,-8.28,3124.2,0.6336,24.33,1,1
2026-02-02T02:22:00Z,27.685,4.387,-8.23,3114.4,0.6203,24.72,1,1
2026-02-02T02:23:00Z,27.681,4.321,-7.6,3131.0,0.6153,24.42,1,1
2026-02-02T02:24:00Z,27.694,4.45,-7.55,3150.1,0.6272,24.09,1,1
2026-02-02T02:25:00Z,27.714,4.437,-8.57,3174.3,0.6317,24.21,1,1
2026-02-02T02:26:00Z,27.745,4.392,-8.65,3208.8,0.6139,24.63,1,1
2026-02-02T02:27:00Z,27.713,4.406,-8.71,3241.2,0.6085,24.43,1,1
2026-02-02T02:28:00Z,27.686,4.357,-8.3,3271.1,0.6172,24.55,1,1
2026-02-02T02:29:00Z,27.669,4.407,-7.76,3267.7,0.6209,24.31,1,1
2026-02-02T02:30:00Z,27.696,4.394,-7.63,3275.4,0.6253,24.43,1,1
2026-02-02T02:31:00Z,27.689,4.357,-9.06,3265.7,0.6272,24.52,1,1
2026-02-02T02:32:00Z,27.715,4.397,-7.0,3241.3,0.6355,24.49,1,1
2026-02-02T02:33:00Z,27.719,4.494,-8.47,3202.9,0.6125,24.24,1,1
2026-02-02T02:34:00Z,27.709,4.375,-7.82,3167.3,0.6131,24.56,1,1
2026-02-02T02:35:00Z,27.675,4.42,-7.81,3153.5,0.6204,24.1,1,1
2026-02-02T02:36:00Z,27.632,4.429,-7.65,3126.5,0.621,24.48,1,1
2026-02-02T02:37:00Z,27.712,4.406,-7.98,3115.0,0.6201,24.57,1,1
2026-02-02T02:38:00Z,27.726,4.396,-8.5,3118.7,0.6096,24.49,1,1
2026-02-02T02:39:00Z,27.72,4.37,-8.65,3143.9,0.6242,24.94,1,1
2026-02-02T02:40:00Z,27.692,4.426,-7.53,3172.5,0.6203,24.48,1,1
2026-02-02T02:41:00Z,27.693,4.303,-8.77,3217.9,0.6124,24.66,1,1
2026-02-02T02:42:00Z,27.708,4.408,-7.65,3246.9,0.6149,24.51,1,1
2026-02-02T02:43:00Z,27.679,4.437,-7.6,3264.2,0.622,24.55,1,1
2026-02-02T02:44:00Z,27.688,4.37,-8.5,3273.4,0.6268,24.57,1,1
2026-02-02T02:45:00Z,27.681,4.334,-8.82,3283.2,0.6158,24.59,1,1
2026-02-02T02:46:00Z,27.72,4.375,-8.09,3262.3,0.6239,24.6,1,1
2026-02-02T02:47:00Z,27.67,4.441,-8.09,3234.3,0.6203,24.35,1,1
2026-02-02T02:48:00Z,27.722,4.435,-8.03,3207.9,0.6229,24.48,1,1
2026-02-02T02:49:00Z,27.729,4.42,-7.8,3167.3,0.6263,24.35,1,1
2026-02-02T02:50:00Z,27.684,4.393,-7.99,3139.2,0.6256,24.55,1,1
2026-02-02T02:51:00Z,27.702,4.381,-7.94,3132.0,0.633,24.57,1,1
2026-02-02T02:52:00Z,27.679,4.426,-8.41,3123.6,0.6191,24.32,1,1
2026-02-02T02:53:00Z,27.71,4.408,-8.41,3133.3,0.6215,24.43,1,1
2026-02-02T02:54:00Z,27.705,4.347,-7.33,3146.3,0.6337,24.43,1,1
2026-02-02T02:55:00Z,28.389,4.096,18.18,3172.8,0.6276,24.36,0,0
2026-02-02T02:56:00Z,28.367,4.076,17.41,3208.5,0.6174,24.45,0,0
2026-02-02T02:57:00Z,28.41,4.177,18.29,3239.7,0.6242,24.57,0,0
2026-02-02T02:58:00Z,28.415,4.072,18.82,3257.6,0.6287,24.5,0,0
2026-02-02T02:59:00Z,28.366,4.093,17.95,3273.9,0.6158,24.52,0,0
2026-02-02T03:00:00Z,28.42,4.11,18.1,3273.5,0.6269,24.48,0,0
2026-02-02T03:01:00Z,28.392,4.122,18.54,3265.1,0.6231,24.3,0,0
2026-02-02T03:02:00Z,28.363,4.127,18.33,3224.2,0.6178,24.57,0,0
2026-02-02T03:03:00Z,28.384,4.04,17.61,3201.7,0.6121,24.34,0,0
2026-02-02T03:04:00Z,28.383,4.137,17.64,3174.8,0.6222,24.64,0,0
2026-02-02T03:05:00Z,28.404,4.081,17.91,3136.3,0.6183,24.51,0,0
2026-02-02T03:06:00Z,28.375,4.1,18.03,3139.2,0.6285,24.58,0,0
2026-02-02T03:07:00Z,28.397,4.05,18.09,3126.1,0.6163,24.43,0,0
2026-02-02T03:08:00Z,28.387,4.13,18.01,3123.2,0.6202,24.27,0,0
2026-02-02T03:09:00Z,28.386,4.113,18.53,3139.2,0.6214,24.53,0,0
2026-02-02T03:10:00Z,28.438,4.18,18.14,3181.4,0.6264,24.6,0,0
2026-02-02T03:11:00Z,28.415,4.082,17.96,3217.6,0.6172,24.35,0,0
2026-02-02T03:12:00Z,28.402,4.094,17.95,3238.2,0.6149,24.54,0,0
2026-02-02T03:13:00Z,28.413,4.109,18.11,3270.4,0.6332,24.4,0,0
2026-02-02T03:14:00Z,28.401,4.104,17.53,3279.5,0.6162,24.59,0,0
2026-02-02T03:15:00Z,28.398,4.106,18.43,3283.9,0.6233,24.54,0,0
2026-02-02T03:16:00Z,28.397,4.073,18.1,3260.6,0.6206,24.58,0,0
2026-02-02T03:17:00Z,28.37,4.116,18.62,3229.5,0.6283,24.74,0,0
2026-02-02T03:18:00Z,28.341,4.123,18.44,3200.7,0.6281,24.68,0,0
2026-02-02T03:19:00Z,28.362,4.062,18.59,3180.1,0.6275,24.48,0,0
2026-02-02T03:20:00Z,28.388,4.067,17.51,3139.0,0.6309,24.35,0,0
2026-02-02T03:21:00Z,28.403,4.077,18.13,3127.7,0.6122,24.29,0,0
2026-02-02T03:22:00Z,28.396,4.146,18.14,3120.9,0.6127,24.64,0,0
2026-02-02T03:23:00Z,28.426,4.127,17.54,3139.8,0.6246,24.46,0,0
2026-02-02T03:24:00Z,28.398,4.115,17.81,3151.7,0.6234,24.74,0,0
2026-02-02T03:25:00Z,28.408,4.121,17.71,3181.5,0.6378,24.59,0,0
2026-02-02T03:26:00Z,28.4,4.089,17.98,3209.6,0.6274,24.55,0,0
2026-02-02T03:27:00Z,28.406,4.058,18.36,3254.7,0.6142,24.4,0,0
2026-02-02T03:28:00Z,28.395,4.119,18.33,3278.5,0.6252,24.63,0,0
2026-02-02T03:29:00Z,28.412,4.16,17.63,3279.9,0.6331,24.87,0,0
2026-02-02T03:30:00Z,28.371,4.089,17.99,3278.1,0.6304,24.5,0,0
2026-02-02T03:31:00Z,28.416,4.079,18.35,3269.1,0.6205,24.44,0,0
2026-02-02T03:32:00Z,28.398,4.038,18.29,3239.7,0.6237,24.39,0,0
2026-02-02T03:33:00Z,28.415,4.098,17.59,3206.8,0.6215,24.51,0,0
2026-02-02T03:34:00Z,28.418,4.119,17.69,3160.7,0.6255,24.81,0,0
2026-02-02T03:35:00Z,28.415,4.09,17.85,3138.0,0.629,24.52,0,0
2026-02-02T03:36:00Z,28.394,4.071,18.33,3125.3,0.6319,24.46,0,0
2026-02-02T03:37:00Z,28.385,4.178,18.23,3122.6,0.6314,24.39,0,0
2026-02-02T03:38:00Z,28.412,4.069,18.22,3118.2,0.6245,24.41,0,0
2026-02-02T03:39:00Z,28.38,4.071,17.68,3148.6,0.6304,24.34,0,0
2026-02-02T03:40:00Z,28.408,4.112,18.0,3170.8,0.6213,24.41,0,0
2026-02-02T03:41:00Z,28.387,4.092,18.16,3212.6,0.6376,24.4,0,0
2026-02-02T03:42:00Z,28.413,4.019,18.26,3234.0,0.6236,24.53,0,0
2026-02-02T03:43:00Z,28.401,4.03,18.17,3277.4,0.6333,24.48,0,0
2026-02-02T03:44:00Z,28.408,4.104,18.39,3277.6,0.6213,24.47,0,0
2026-02-02T03:45:00Z,28.403,4.114,18.1,3267.2,0.6279,24.49,0,0
2026-02-02T03:46:00Z,28.374,4.081,18.89,3259.9,0.6288,24.38,0,0
2026-02-02T03:47:00Z,28.422,4.057,18.35,3228.8,0.6282,24.66,0,0
2026-02-02T03:48:00Z,28.397,4.076,18.33,3199.9,0.6305,24.56,0,0
2026-02-02T03:49:00Z,28.44,4.028,18.31,3160.6,0.6219,24.28,0,0
2026-02-02T03:50:00Z,28.392,4.119,17.53,3134.0,0.6353,24.52,0,0
2026-02-02T03:51:00Z,28.438,4.104,17.38,3124.3,0.632,24.24,0,0
2026-02-02T03:52:00Z,28.368,4.096,18.26,3117.7,0.6242,24.44,0,0
2026-02-02T03:53:00Z,28.416,4.116,17.63,3121.3,0.625,24.6,0,0
2026-02-02T03:54:00Z,28.391,4.097,18.18,3157.8,0.6254,24.75,0,0
2026-02-02T03:55:00Z,28.409,4.131,17.57,3184.7,0.6337,24.54,0,0
2026-02-02T03:56:00Z,27.689,4.379,-8.43,3207.9,0.6302,24.59,1,1
2026-02-02T03:57:00Z,27.669,4.432,-7.43,3249.5,0.6301,24.54,1,1
2026-02-02T03:58:00Z,27.685,4.448,-8.22,3275.7,0.6304,24.62,1,1
2026-02-02T03:59:00Z,27.686,4.418,-7.98,3283.3,0.6347,24.63,1,1
2026-02-02T04:00:00Z,27.714,4.437,-8.38,3272.5,0.6307,24.38,1,1
2026-02-02T04:01:00Z,27.727,4.401,-8.24,3270.6,0.6323,24.6,1,1
2026-02-02T04:02:00Z,27.656,4.452,-8.28,3228.0,0.6297,24.8,1,1
2026-02-02T04:03:00Z,27.712,4.462,-8.16,3206.9,0.6435,24.63,1,1
2026-02-02T04:04:00Z,27.685,4.396,-8.11,3168.5,0.6294,24.41,1,1
2026-02-02T04:05:00Z,27.695,4.381,-8.61,3137.6,0.6358,24.55,1,1
2026-02-02T04:06:00Z,27.737,4.366,-7.61,3122.2,0.6325,24.67,1,1
2026-02-02T04:07:00Z,27.704,4.413,-7.37,3129.8,0.6288,24.93,1,1
2026-02-02T04:08:00Z,27.731,4.395,-8.08,3134.7,0.641,24.64,1,1
2026-02-02T04:09:00Z,27.677,4.423,-8.5,3148.0,0.6205,24.8,1,1
2026-02-02T04:10:00Z,27.712,4.445,-8.18,3181.2,0.6358,24.64,1,1
2026-02-02T04:11:00Z,27.698,4.397,-8.86,3212.9,0.6214,24.39,1,1
2026-02-02T04:12:00Z,27.737,4.436,-8.47,3251.8,0.6226,24.58,1,1
2026-02-02T04:13:00Z,27.705,4.419,-8.39,3282.9,0.6339,24.7,1,1
2026-02-02T04:14:00Z,27.7,4.367,-7.56,3290.1,0.6347,24.54,1,1
2026-02-02T04:15:00Z,27.692,4.392,-7.89,3274.9,0.629,24.56,1,1
2026-02-02T04:16:00Z,27.709,4.371,-8.14,3258.7,0.6203,24.7,1,1
2026-02-02T04:17:00Z,27.668,4.407,-8.51,3223.5,0.6356,24.47,1,1
2026-02-02T04:18:00Z,27.678,4.366,-8.62,3200.8,0.6385,24.79,1,1
2026-02-02T04:19:00Z,27.722,4.418,-7.18,3164.6,0.6248,24.71,1,1
2026-02-02T04:20:00Z,27.705,4.461,-7.89,3136.9,0.6274,24.6,1,1
2026-02-02T04:21:00Z,27.708,4.384,-7.59,3125.1,0.6354,24.63,1,1
2026-02-02T04:22:00Z,27.731,4.357,-7.59,3116.7,0.6385,24.74,1,1
2026-02-02T04:23:00Z,27.74,4.395,-7.89,3125.5,0.6332,24.42,1,1
2026-02-02T04:24:00Z,27.684,4.451,-8.0,3155.8,0.6285,24.83,1,1
2026-02-02T04:25:00Z,27.716,4.373,-7.93,3186.2,0.6293,24.78,1,1
2026-02-02T04:26:00Z,27.709,4.369,-7.54,3215.0,0.6318,24.73,1,1
2026-02-02T04:27:00Z,27.703,4.413,-8.03,3248.6,0.6351,24.45,1,1
2026-02-02T04:28:00Z,27.663,4.394,-8.06,3279.8,0.6354,24.64,1,1
2026-02-02T04:29:00Z,27.717,4.38,-7.63,3286.2,0.6332,24.55,1,1
2026-02-02T04:30:00Z,28.384,4.105,18.33,3283.6,0.6439,24.72,0,0
2026-02-02T04:31:00Z,28.39,4.03,17.04,3262.5,0.6397,24.88,0,0
2026-02-02T04:32:00Z,28.44,4.142,17.84,3224.5,0.6302,24.59,0,0
2026-02-02T04:33:00Z,28.408,4.105,18.48,3202.2,0.6263,24.68,0,0
2026-02-02T04:34:00Z,28.429,4.091,18.01,3167.6,0.6257,24.7,0,0
2026-02-02T04:35:00Z,28.369,4.098,17.77,3142.0,0.637,24.53,0,0
2026-02-02T04:36:00Z,28.402,4.093,17.82,3124.0,0.634,24.89,0,0
2026-02-02T04:37:00Z,28.429,4.112,18.19,3121.1,0.6281,24.37,0,0
2026-02-02T04:38:00Z,28.371,4.128,17.99,3135.4,0.6311,24.66,0,0
2026-02-02T04:39:00Z,28.399,4.091,17.74,3160.3,0.6397,24.59,0,0
2026-02-02T04:40:00Z,28.37,4.07,17.79,3194.0,0.642,24.68,0,0
2026-02-02T04:41:00Z,28.371,4.066,17.84,3205.4,0.6376,24.57,0,0
2026-02-02T04:42:00Z,28.423,4.059,18.46,3265.3,0.6438,24.62,0,0
2026-02-02T04:43:00Z,28.414,4.091,17.56,3271.8,0.6233,24.76,0,0
2026-02-02T04:44:00Z,28.421,4.119,17.55,3286.4,0.64,24.77,0,0
2026-02-02T04:45:00Z,28.384,4.039,17.3,3281.4,0.6334,25.1,0,0
2026-02-02T04:46:00Z,28.386,4.091,17.88,3251.1,0.643,24.64,0,0
2026-02-02T04:47:00Z,28.375,4.093,18.29,3231.1,0.6465,24.96,0,0
2026-02-02T04:48:00Z,28.388,4.114,18.73,3203.2,0.6362,24.63,0,0
2026-02-02T04:49:00Z,28.371,4.079,17.81,3153.1,0.6326,24.79,0,0
2026-02-02T04:50:00Z,28.365,4.157,18.05,3123.0,0.6273,24.81,0,0
2026-02-02T04:51:00Z,28.374,4.053,17.59,3112.8,0.6476,24.88,0,0
2026-02-02T04:52:00Z,28.364,4.115,18.86,3114.9,0.6329,24.88,0,0
2026-02-02T04:53:00Z,28.398,4.047,18.31,3141.5,0.6332,24.52,0,0
2026-02-02T04:54:00Z,28.373,4.126,17.95,3145.1,0.6416,24.92,0,0
2026-02-02T04:55:00Z,28.388,4.055,18.01,3172.1,0.6433,24.68,0,0
2026-02-02T04:56:00Z,28.401,4.101,18.2,3208.5,0.6301,24.72,0,0
2026-02-02T04:57:00Z,28.415,4.09,18.75,3260.7,0.6347,24.9,0,0
2026-02-02T04:58:00Z,28.385,4.112,17.91,3275.2,0.6466,24.66,0,0
2026-02-02T04:59:00Z,28.398,4.081,18.01,3295.9,0.6359,24.63,0,0
2026-02-02T05:00:00Z,28.4,4.054,17.89,3283.0,0.6277,24.86,0,0
2026-02-02T05:01:00Z,28.444,4.092,17.89,3264.4,0.6346,24.83,0,0
2026-02-02T05:02:00Z,28.384,4.07,18.55,3241.5,0.6316,24.77,0,0
2026-02-02T05:03:00Z,28.395,4.106,18.1,3203.2,0.6329,24.48,0,0
2026-02-02T05:04:00Z,28.395,4.091,18.0,3163.2,0.6361,24.66,0,0
2026-02-02T05:05:00Z,28.396,4.092,18.18,3128.3,0.6435,24.9,0,0
2026-02-02T05:06:00Z,28.421,4.1,17.69,3111.7,0.6475,24.74,0,0
2026-02-02T05:07:00Z,28.43,4.066,18.54,3109.4,0.6454,24.74,0,0
2026-02-02T05:08:00Z,28.422,4.059,17.16,3125.3,0.639,24.92,0,0
2026-02-02T05:09:00Z,28.359,4.084,17.88,3147.9,0.6398,24.64,0,0
2026-02-02T05:10:00Z,28.389,4.076,17.95,3197.6,0.6378,24.54,0,0
2026-02-02T05:11:00Z,28.384,4.123,18.49,3232.5,0.6418,25.01,0,0
2026-02-02T05:12:00Z,28.395,4.093,17.86,3261.3,0.6325,24.77,0,0
2026-02-02T05:13:00Z,28.42,4.139,17.24,3276.2,0.6383,24.69,0,0
2026-02-02T05:14:00Z,28.383,4.121,18.39,3289.5,0.6286,25.1,0,0
2026-02-02T05:15:00Z,28.396,4.075,18.34,3269.2,0.643,24.68,0,0
2026-02-02T05:16:00Z,28.347,4.153,17.77,3252.8,0.6375,24.63,0,0
2026-02-02T05:17:00Z,28.443,4.115,18.08,3226.1,0.6396,24.75,0,0
2026-02-02T05:18:00Z,28.427,4.074,18.31,3199.5,0.6449,24.69,0,0
2026-02-02T05:19:00Z,28.402,4.076,18.43,3166.7,0.6475,24.82,0,0
2026-02-02T05:20:00Z,28.416,4.082,17.76,3126.4,0.6334,24.77,0,0
2026-02-02T05:21:00Z,28.436,4.094,17.89,3116.8,0.6497,24.8,0,0
2026-02-02T05:22:00Z,28.4,4.07,19.18,3119.2,0.6479,24.91,0,0
2026-02-02T05:23:00Z,28.373,4.104,18.27,3126.2,0.6391,24.63,0,0
2026-02-02T05:24:00Z,28.396,4.082,17.53,3159.0,0.6495,24.89,0,0
2026-02-02T05:25:00Z,28.381,4.112,17.69,3187.3,0.6388,24.62,0,0
2026-02-02T05:26:00Z,28.42,4.099,17.47,3228.7,0.6375,24.71,0,0
2026-02-02T05:27:00Z,28.358,4.09,17.65,3245.8,0.6467,24.87,0,0
2026-02-02T05:28:00Z,28.39,4.101,17.55,3275.6,0.6396,24.97,0,0
2026-02-02T05:29:00Z,28.361,4.095,18.24,3290.8,0.6504,24.64,0,0
2026-02-02T05:30:00Z,28.419,4.091,18.15,3285.6,0.65,24.93,0,0
2026-02-02T05:31:00Z,27.701,4.406,-7.67,3257.8,0.6415,24.59,1,1
2026-02-02T05:32:00Z,27.711,4.398,-8.17,3236.1,0.6467,24.91,1,1
2026-02-02T05:33:00Z,27.733,4.405,-7.65,3184.3,0.6429,24.95,1,1
2026-02-02T05:34:00Z,27.674,4.45,-8.69,3151.8,0.6483,24.82,1,1
2026-02-02T05:35:00Z,27.692,4.437,-7.92,3126.0,0.632,24.8,1,1
2026-02-02T05:36:00Z,27.693,4.4,-8.2,3103.7,0.6355,24.93,1,1
2026-02-02T05:37:00Z,27.73,4.372,-7.27,3121.6,0.6481,24.6,1,1
2026-02-02T05:38:00Z,27.682,4.402,-7.71,3131.4,0.652,24.99,1,1
2026-02-02T05:39:00Z,27.701,4.369,-8.13,3159.4,0.6462,24.69,1,1
2026-02-02T05:40:00Z,27.702,4.392,-8.0,3182.2,0.638,24.94,1,1
2026-02-02T05:41:00Z,27.715,4.442,-8.08,3227.1,0.6321,25.02,1,1
2026-02-02T05:42:00Z,27.705,4.375,-8.2,3259.5,0.643,24.79,1,1
2026-02-02T05:43:00Z,27.728,4.39,-7.49,3277.1,0.6358,24.65,1,1
2026-02-02T05:44:00Z,27.664,4.417,-7.83,3282.9,0.6376,24.9,1,1
2026-02-02T05:45:00Z,27.731,4.443,-7.72,3274.4,0.6346,24.75,1,1
2026-02-02T05:46:00Z,27.714,4.38,-7.32,3267.2,0.652,24.93,1,1
2026-02-02T05:47:00Z,27.72,4.427,-8.42,3218.1,0.6496,24.99,1,1
2026-02-02T05:48:00Z,27.703,4.413,-7.97,3184.8,0.6376,24.74,1,1
2026-02-02T05:49:00Z,27.673,4.39,-8.69,3155.5,0.6393,24.98,1,1
2026-02-02T05:50:00Z,27.718,4.416,-8.13,3137.7,0.6463,25.08,1,1
2026-02-02T05:51:00Z,27.714,4.411,-8.32,3125.7,0.6444,24.69,1,1
2026-02-02T05:52:00Z,27.711,4.447,-8.07,3116.7,0.6587,24.73,1,1
2026-02-02T05:53:00Z,27.725,4.39,-8.06,3136.0,0.6428,25.05,1,1
2026-02-02T05:54:00Z,27.682,4.37,-7.95,3156.4,0.643,24.84,1,1
2026-02-02T05:55:00Z,27.7,4.414,-8.24,3196.9,0.6494,24.72,1,1
2026-02-02T05:56:00Z,27.707,4.359,-8.37,3224.7,0.6348,25.03,1,1
2026-02-02T05:57:00Z,27.709,4.428,-7.79,3259.6,0.6556,25.12,1,1
2026-02-02T05:58:00Z,27.711,4.434,-7.49,3285.2,0.6502,24.93,1,1
2026-02-02T05:59:00Z,27.707,4.381,-8.4,3287.6,0.6483,24.86,1,1
2026-02-02T06:00:00Z,27.68,4.422,-8.32,3272.6,0.6489,24.8,1,1
2026-02-02T06:01:00Z,27.699,4.404,-7.49,3259.6,0.6568,25.13,1,1
2026-02-02T06:02:00Z,27.69,4.41,-7.75,3216.2,0.6548,24.89,1,1
2026-02-02T06:03:00Z,27.705,4.427,-8.11,3176.4,0.6523,25.27,1,1
2026-02-02T06:04:00Z,27.685,4.462,-7.78,3149.8,0.6464,24.88,1,1
2026-02-02T06:05:00Z,28.386,4.139,18.02,3129.0,0.6449,24.78,0,0
2026-02-02T06:06:00Z,28.407,4.094,18.33,3118.8,0.6458,24.78,0,0
2026-02-02T06:07:00Z,28.359,4.139,18.24,3100.2,0.6337,24.76,0,0
2026-02-02T06:08:00Z,28.408,4.127,18.03,3139.0,0.6391,24.78,0,0
2026-02-02T06:09:00Z,28.416,4.059,17.66,3154.5,0.6611,25.08,0,0
2026-02-02T06:10:00Z,28.414,4.02,18.07,3189.6,0.6441,25.04,0,0
2026-02-02T06:11:00Z,28.42,4.023,17.75,3234.5,0.6377,25.01,0,0
2026-02-02T06:12:00Z,28.384,4.058,18.33,3264.4,0.6477,24.93,0,0
2026-02-02T06:13:00Z,28.411,4.087,18.46,3269.7,0.644,24.94,0,0
2026-02-02T06:14:00Z,28.394,4.113,18.31,3281.9,0.6455,24.88,0,0
2026-02-02T06:15:00Z,28.38,4.089,17.06,3275.4,0.6438,24.75,0,0
2026-02-02T06:16:00Z,28.414,4.128,18.65,3259.7,0.6436,24.9,0,0
2026-02-02T06:17:00Z,28.39,4.085,17.77,3219.5,0.6477,25.03,0,0
2026-02-02T06:18:00Z,28.44,4.112,17.11,3190.2,0.6503,24.91,0,0
2026-02-02T06:19:00Z,28.402,4.093,18.46,3156.6,0.6441,24.95,0,0
2026-02-02T06:20:00Z,28.388,4.127,17.26,3119.9,0.6503,24.61,0,0
2026-02-02T06:21:00Z,28.399,4.088,18.98,3128.5,0.6422,24.88,0,0
2026-02-02T06:22:00Z,28.387,4.101,18.0,3117.7,0.6532,24.94,0,0
2026-02-02T06:23:00Z,28.388,4.111,18.14,3120.9,0.6482,24.8,0,0
2026-02-02T06:24:00Z,28.384,4.076,17.75,3167.0,0.6442,25.0,0,0
2026-02-02T06:25:00Z,28.415,4.084,18.08,3202.3,0.6509,24.73,0,0
2026-02-02T06:26:00Z,28.391,4.085,17.54,3219.9,0.6477,24.83,0,0
2026-02-02T06:27:00Z,28.417,4.065,17.82,3271.2,0.6527,24.79,0,0
2026-02-02T06:28:00Z,28.417,4.08,18.23,3286.7,0.6445,25.06,0,0
2026-02-02T06:29:00Z,28.41,4.115,18.16,3285.5,0.6511,25.04,0,0
2026-02-02T06:30:00Z,28.413,4.09,17.19,3265.9,0.6485,24.75,0,0
2026-02-02T06:31:00Z,28.417,4.059,17.91,3259.5,0.6514,24.75,0,0
2026-02-02T06:32:00Z,28.418,4.078,17.84,3225.4,0.6617,25.04,0,0
2026-02-02T06:33:00Z,28.407,4.146,18.16,3192.1,0.6479,24.95,0,0
2026-02-02T06:34:00Z,28.418,4.067,18.24,3151.7,0.6409,24.87,0,0
2026-02-02T06:35:00Z,28.389,4.095,18.09,3122.2,0.6479,25.06,0,0
2026-02-02T06:36:00Z,28.383,4.074,17.32,3120.0,0.6552,24.93,0,0
2026-02-02T06:37:00Z,28.376,4.13,17.59,3119.5,0.6537,25.05,0,0
2026-02-02T06:38:00Z,28.405,4.127,18.36,3130.2,0.6472,25.12,0,0
2026-02-02T06:39:00Z,28.418,4.124,18.29,3155.1,0.6433,24.96,0,0
2026-02-02T06:40:00Z,28.398,4.132,18.01,3206.7,0.6522,24.73,0,0
2026-02-02T06:41:00Z,28.392,4.061,18.21,3238.6,0.6384,24.98,0,0
2026-02-02T06:42:00Z,28.385,4.119,17.71,3263.8,0.6557,24.88,0,0
2026-02-02T06:43:00Z,28.424,4.103,18.07,3281.2,0.6442,25.33,0,0
2026-02-02T06:44:00Z,28.417,4.083,18.64,3284.2,0.6565,25.1,0,0
2026-02-02T06:45:00Z,28.385,4.104,17.52,3278.4,0.6473,24.66,0,0
2026-02-02T06:46:00Z,28.4,4.08,17.91,3255.1,0.6615,24.71,0,0
2026-02-02T06:47:00Z,28.409,4.065,18.33,3218.9,0.6546,25.16,0,0
2026-02-02T06:48:00Z,28.386,4.103,18.1,3179.2,0.6473,24.77,0,0
2026-02-02T06:49:00Z,28.441,4.145,17.64,3146.8,0.6577,24.77,0,0
2026-02-02T06:50:00Z,28.403,4.098,18.47,3130.3,0.6441,24.64,0,0
2026-02-02T06:51:00Z,28.412,4.072,17.66,3117.9,0.6483,25.04,0,0
2026-02-02T06:52:00Z,28.401,4.092,18.48,3118.8,0.6533,25.07,0,0
2026-02-02T06:53:00Z,28.439,4.11,17.25,3132.6,0.6479,25.26,0,0
2026-02-02T06:54:00Z,28.401,4.084,18.47,3171.1,0.6562,24.97,0,0
2026-02-02T06:55:00Z,28.414,4.04,18.25,3207.7,0.6488,24.87,0,0
2026-02-02T06:56:00Z,28.411,4.06,17.94,3241.7,0.6564,24.83,0,0
2026-02-02T06:57:00Z,28.399,4.112,17.48,3270.8,0.6527,24.84,0,0
2026-02-02T06:58:00Z,28.381,4.094,17.86,3295.4,0.6475,24.97,0,0
2026-02-02T06:59:00Z,28.422,4.085,18.01,3284.0,0.6459,25.09,0,0
2026-02-02T07:00:00Z,28.39,4.098,18.39,3280.5,0.6709,25.05,0,0
2026-02-02T07:01:00Z,28.39,4.101,17.83,3267.2,0.6504,25.1,0,0
2026-02-02T07:02:00Z,28.379,4.078,18.07,3230.3,0.6562,24.86,0,0
2026-02-02T07:03:00Z,28.366,4.097,17.5,3185.4,0.6621,24.95,0,0
2026-02-02T07:04:00Z,28.413,4.13,18.22,3144.2,0.6568,24.93,0,0
2026-02-02T07:05:00Z,28.389,4.094,17.55,3136.8,0.6325,25.07,0,0
2026-02-02T07:06:00Z,27.71,4.382,-8.37,3106.7,0.6545,25.27,1,1
2026-02-02T07:07:00Z,27.73,4.442,-8.34,3124.1,0.6646,25.09,1,1
2026-02-02T07:08:00Z,27.699,4.327,-8.26,3130.5,0.6432,24.81,1,1
2026-02-02T07:09:00Z,27.729,4.416,-7.8,3161.3,0.6585,24.96,1,1
2026-02-02T07:10:00Z,27.687,4.396,-7.82,3200.9,0.6559,24.96,1,1
2026-02-02T07:11:00Z,27.693,4.373,-7.62,3227.3,0.6533,24.9,1,1
2026-02-02T07:12:00Z,27.695,4.352,-7.96,3264.0,0.6513,24.85,1,1
2026-02-02T07:13:00Z,27.732,4.394,-8.65,3282.8,0.6485,24.98,1,1
2026-02-02T07:14:00Z,27.719,4.383,-8.52,3298.2,0.6545,25.16,1,1
2026-02-02T07:15:00Z,27.729,4.369,-7.97,3282.5,0.661,24.99,1,1
2026-02-02T07:16:00Z,27.69,4.416,-7.92,3250.5,0.657,25.25,1,1
2026-02-02T07:17:00Z,27.683,4.451,-7.84,3222.7,0.6593,25.11,1,1
2026-02-02T07:18:00Z,27.702,4.389,-8.31,3185.4,0.6498,25.03,1,1
2026-02-02T07:19:00Z,27.73,4.39,-7.57,3151.6,0.6577,24.99,1,1
2026-02-02T07:20:00Z,27.719,4.403,-8.46,3111.4,0.6545,24.91,1,1
2026-02-02T07:21:00Z,27.707,4.399,-7.76,3105.5,0.6581,25.27,1,1
2026-02-02T07:22:00Z,27.736,4.383,-7.45,3111.3,0.6621,25.01,1,1
2026-02-02T07:23:00Z,27.708,4.41,-7.97,3131.7,0.6695,25.0,1,1
2026-02-02T07:24:00Z,27.68,4.432,-7.94,3170.3,0.6593,24.82,1,1
2026-02-02T07:25:00Z,27.686,4.382,-8.59,3195.3,0.6604,24.81,1,1
2026-02-02T07:26:00Z,27.672,4.407,-8.68,3229.1,0.6564,25.27,1,1
2026-02-02T07:27:00Z,27.712,4.358,-7.61,3262.9,0.6444,24.8,1,1
2026-02-02T07:28:00Z,27.672,4.322,-7.75,3276.7,0.6549,25.34,1,1
2026-02-02T07:29:00Z,27.712,4.397,-7.93,3290.3,0.6485,25.18,1,1
2026-02-02T07:30:00Z,27.723,4.377,-7.82,3275.2,0.6515,25.05,1,1
2026-02-02T07:31:00Z,27.693,4.408,-8.1,3255.2,0.6586,25.05,1,1
2026-02-02T07:32:00Z,27.683,4.417,-7.54,3211.1,0.6772,25.24,1,1
2026-02-02T07:33:00Z,27.702,4.401,-8.89,3182.9,0.6574,24.97,1,1
2026-02-02T07:34:00Z,27.719,4.353,-7.85,3147.8,0.657,25.24,1,1
2026-02-02T07:35:00Z,27.683,4.42,-7.55,3111.1,0.6695,24.92,1,1
2026-02-02T07:36:00Z,27.702,4.425,-7.23,3120.9,0.6505,25.05,1,1
2026-02-02T07:37:00Z,27.694,4.415,-7.24,3111.0,0.6589,25.29,1,1
2026-02-02T07:38:00Z,27.702,4.435,-8.12,3129.3,0.656,25.22,1,1
2026-02-02T07:39:00Z,27.702,4.357,-8.37,3163.5,0.6558,24.89,1,1
2026-02-02T07:40:00Z,28.371,4.059,18.1,3207.0,0.6563,24.86,0,0
2026-02-02T07:41:00Z,28.405,4.057,18.4,3238.1,0.6657,25.07,0,0
2026-02-02T07:42:00Z,28.431,4.121,18.02,3267.3,0.6537,24.97,0,0
2026-02-02T07:43:00Z,28.409,4.143,18.91,3285.5,0.6538,25.08,0,0
2026-02-02T07:44:00Z,28.38,4.093,17.7,3293.4,0.6594,25.32,0,0
2026-02-02T07:45:00Z,28.415,4.087,18.08,3288.9,0.6596,25.28,0,0
2026-02-02T07:46:00Z,28.418,4.085,18.71,3261.5,0.664,25.0,0,0
2026-02-02T07:47:00Z,28.394,4.111,17.41,3222.5,0.6539,25.14,0,0
2026-02-02T07:48:00Z,28.406,4.108,17.52,3174.2,0.6529,25.16,0,0
2026-02-02T07:49:00Z,28.411,4.128,17.37,3145.6,0.6612,25.17,0,0
2026-02-02T07:50:00Z,28.382,4.114,18.36,3120.6,0.6746,25.42,0,0
2026-02-02T07:51:00Z,28.416,4.106,17.68,3113.2,0.6554,24.89,0,0
2026-02-02T07:52:00Z,28.361,4.129,17.45,3116.7,0.6459,24.99,0,0
2026-02-02T07:53:00Z,28.398,4.108,17.51,3136.3,0.6611,25.22,0,0
2026-02-02T07:54:00Z,28.388,4.067,18.45,3165.9,0.6657,25.09,0,0
2026-02-02T07:55:00Z,28.4,4.142,17.89,3203.6,0.6489,25.04,0,0
2026-02-02T07:56:00Z,28.412,4.032,18.56,3247.4,0.6596,25.18,0,0
2026-02-02T07:57:00Z,28.411,4.109,17.8,3268.3,0.6478,25.32,0,0
2026-02-02T07:58:00Z,28.41,4.097,18.45,3293.0,0.6602,24.86,0,0
2026-02-02T07:59:00Z,28.38,4.068,17.76,3291.9,0.6564,25.19,0,0
2026-02-02T08:00:00Z,28.421,4.095,18.51,3280.3,0.6539,24.83,0,0
2026-02-02T08:01:00Z,28.385,4.132,17.4,3254.9,0.6512,25.31,0,0
2026-02-02T08:02:00Z,28.414,4.078,17.93,3216.2,0.6567,25.11,0,0
2026-02-02T08:03:00Z,28.369,4.119,17.94,3176.3,0.6572,25.38,0,0
2026-02-02T08:04:00Z,28.384,4.112,18.19,3148.8,0.6524,25.54,0,0
2026-02-02T08:05:00Z,28.423,4.127,18.08,3117.3,0.663,24.97,0,0
2026-02-02T08:06:00Z,28.365,4.11,18.23,3098.9,0.6639,25.22,0,0
2026-02-02T08:07:00Z,28.407,4.149,18.31,3113.5,0.6601,24.96,0,0
2026-02-02T08:08:00Z,28.395,4.055,18.44,3137.7,0.655,25.36,0,0
2026-02-02T08:09:00Z,28.422,4.068,18.34,3167.1,0.6646,25.3,0,0
2026-02-02T08:10:00Z,28.416,4.081,18.38,3207.4,0.6579,24.75,0,0
2026-02-02T08:11:00Z,28.382,4.104,17.56,3253.8,0.6689,25.15,0,0
2026-02-02T08:12:00Z,28.373,4.154,18.56,3273.2,0.6552,25.21,0,0
2026-02-02T08:13:00Z,28.412,4.118,18.09,3288.4,0.663,24.98,0,0
2026-02-02T08:14:00Z,28.401,4.092,18.32,3282.9,0.666,25.23,0,0
2026-02-02T08:15:00Z,28.407,4.079,17.77,3278.7,0.6607,25.38,0,0
2026-02-02T08:16:00Z,28.424,4.123,18.0,3240.7,0.6475,25.07,0,0
2026-02-02T08:17:00Z,28.447,4.119,17.84,3214.8,0.6578,25.21,0,0
2026-02-02T08:18:00Z,28.395,4.062,18.23,3176.9,0.6591,25.29,0,0
2026-02-02T08:19:00Z,28.382,4.104,18.03,3136.6,0.6614,25.26,0,0
2026-02-02T08:20:00Z,28.347,4.081,18.25,3113.8,0.6703,25.25,0,0
2026-02-02T08:21:00Z,28.383,4.12,18.09,3096.9,0.6733,25.22,0,0
2026-02-02T08:22:00Z,28.416,4.11,17.45,3113.5,0.6615,25.23,0,0
2026-02-02T08:23:00Z,28.419,4.057,17.98,3135.9,0.6634,24.89,0,0
2026-02-02T08:24:00Z,28.352,4.093,17.72,3173.4,0.6586,25.36,0,0
2026-02-02T08:25:00Z,28.392,4.109,18.21,3210.8,0.6439,25.02,0,0
2026-02-02T08:26:00Z,28.442,4.138,18.54,3231.9,0.6657,25.34,0,0
2026-02-02T08:27:00Z,28.421,4.065,17.84,3261.2,0.6616,25.25,0,0
2026-02-02T08:28:00Z,28.413,4.127,17.73,3302.4,0.6681,25.01,0,0
2026-02-02T08:29:00Z,28.399,4.113,18.27,3307.1,0.6665,25.27,0,0
2026-02-02T08:30:00Z,28.372,4.097,18.03,3262.6,0.6634,25.49,0,0
2026-02-02T08:31:00Z,28.391,4.126,17.76,3241.2,0.6664,25.15,0,0
2026-02-02T08:32:00Z,28.364,4.148,18.1,3217.6,0.6643,25.23,0,0
2026-02-02T08:33:00Z,28.42,4.102,18.23,3172.8,0.6521,24.96,0,0
2026-02-02T08:34:00Z,28.369,4.059,17.33,3131.8,0.6658,24.94,0,0
2026-02-02T08:35:00Z,28.398,4.1,17.85,3108.8,0.669,25.09,0,0
2026-02-02T08:36:00Z,28.408,4.057,17.88,3109.4,0.6626,25.48,0,0
2026-02-02T08:37:00Z,28.382,4.168,18.38,3112.5,0.6527,25.22,0,0
2026-02-02T08:38:00Z,28.419,4.091,18.65,3130.7,0.6653,25.09,0,0
2026-02-02T08:39:00Z,28.388,4.081,17.5,3165.1,0.6664,25.37,0,0
2026-02-02T08:40:00Z,28.385,4.111,18.36,3213.5,0.6743,25.33,0,0
2026-02-02T08:41:00Z,27.72,4.375,-8.44,3261.2,0.6642,25.12,1,1
2026-02-02T08:42:00Z,27.701,4.387,-7.42,3285.0,0.6781,25.26,1,1
2026-02-02T08:43:00Z,27.697,4.39,-7.44,3295.0,0.6653,25.52,1,1
2026-02-02T08:44:00Z,27.734,4.408,-7.1,3293.9,0.6589,24.95,1,1
2026-02-02T08:45:00Z,27.672,4.411,-8.21,3270.2,0.6668,25.11,1,1
2026-02-02T08:46:00Z,27.683,4.384,-7.41,3251.4,0.6663,25.3,1,1
2026-02-02T08:47:00Z,27.666,4.368,-7.11,3218.8,0.6703,24.96,1,1
2026-02-02T08:48:00Z,27.696,4.391,-8.4,3173.7,0.6622,25.0,1,1
2026-02-02T08:49:00Z,27.687,4.353,-7.82,3136.7,0.658,25.12,1,1
2026-02-02T08:50:00Z,27.701,4.4,-7.6,3115.2,0.6674,25.63,1,1
2026-02-02T08:51:00Z,27.68,4.403,-7.56,3104.8,0.6698,25.12,1,1
2026-02-02T08:52:00Z,27.657,4.399,-8.29,3113.7,0.6643,25.12,1,1
2026-02-02T08:53:00Z,27.681,4.398,-7.83,3136.0,0.6655,25.02,1,1
2026-02-02T08:54:00Z,27.696,4.395,-7.88,3168.7,0.6692,25.21,1,1
2026-02-02T08:55:00Z,27.695,4.405,-7.48,3204.7,0.6544,25.15,1,1
2026-02-02T08:56:00Z,27.701,4.434,-8.02,3238.6,0.664,25.06,1,1
2026-02-02T08:57:00Z,27.717,4.4,-7.66,3283.4,0.6709,25.37,1,1
2026-02-02T08:58:00Z,27.699,4.398,-8.25,3300.5,0.6587,25.44,1,1
2026-02-02T08:59:00Z,27.673,4.396,-7.94,3295.8,0.6687,25.13,1,1
2026-02-02T09:00:00Z,27.7,4.348,-8.43,3262.3,0.669,25.52,1,1
2026-02-02T09:01:00Z,27.688,4.456,-7.48,3246.8,0.659,25.2,1,1
2026-02-02T09:02:00Z,27.622,4.434,-7.8,3208.5,0.6608,24.94,1,1
2026-02-02T09:03:00Z,27.678,4.354,-8.12,3170.8,0.67,25.53,1,1
2026-02-02T09:04:00Z,27.72,4.465,-7.31,3132.8,0.6685,25.25,1,1
2026-02-02T09:05:00Z,27.714,4.388,-8.78,3109.2,0.6679,25.4,1,1
2026-02-02T09:06:00Z,27.696,4.405,-7.49,3099.9,0.6683,25.11,1,1
2026-02-02T09:07:00Z,27.725,4.423,-8.07,3116.9,0.6564,25.56,1,1
2026-02-02T09:08:00Z,27.66,4.342,-7.87,3147.0,0.6776,25.09,1,1
2026-02-02T09:09:00Z,27.717,4.402,-7.98,3174.7,0.6703,25.35,1,1
2026-02-02T09:10:00Z,27.719,4.334,-7.54,3215.0,0.6649,25.27,1,1
2026-02-02T09:11:00Z,27.699,4.366,-8.36,3250.4,0.6774,25.31,1,1
2026-02-02T09:12:00Z,27.696,4.37,-7.73,3269.5,0.6685,25.38,1,1
2026-02-02T09:13:00Z,27.702,4.401,-8.16,3299.1,0.6692,25.24,1,1
2026-02-02T09:14:00Z,27.665,4.43,-7.79,3291.2,0.6552,25.24,1,1
2026-02-02T09:15:00Z,28.413,4.127,17.47,3275.7,0.6682,25.38,0,0
2026-02-02T09:16:00Z,28.397,4.097,17.36,3239.0,0.6622,25.39,0,0
2026-02-02T09:17:00Z,28.386,4.149,18.58,3207.9,0.6517,25.46,0,0
2026-02-02T09:18:00Z,28.408,4.112,18.17,3174.2,0.6688,25.47,0,0
2026-02-02T09:19:00Z,28.386,4.091,18.0,3131.0,0.666,25.17,0,0
2026-02-02T09:20:00Z,28.436,4.102,17.92,3113.0,0.6645,25.32,0,0
2026-02-02T09:21:00Z,28.411,4.053,18.37,3098.4,0.6665,25.37,0,0
2026-02-02T09:22:00Z,28.407,4.115,17.55,3108.6,0.6812,25.22,0,0
2026-02-02T09:23:00Z,28.383,4.117,17.48,3147.6,0.6644,25.3,0,0
2026-02-02T09:24:00Z,28.381,4.13,17.98,3171.7,0.6698,25.22,0,0
2026-02-02T09:25:00Z,28.405,4.083,17.66,3210.6,0.6607,25.15,0,0
2026-02-02T09:26:00Z,28.419,4.142,18.52,3238.3,0.6707,25.2,0,0
2026-02-02T09:27:00Z,28.395,4.09,17.79,3286.5,0.6763,25.13,0,0
2026-02-02T09:28:00Z,28.422,4.035,18.4,3291.2,0.665,25.47,0,0
2026-02-02T09:29:00Z,28.403,4.05,18.05,3292.7,0.6772,25.17,0,0
2026-02-02T09:30:00Z,28.398,4.102,18.06,3282.1,0.6844,25.31,0,0
2026-02-02T09:31:00Z,28.401,4.142,17.59,3265.1,0.6742,25.4,0,0
2026-02-02T09:32:00Z,28.419,4.104,18.52,3205.4,0.6781,25.4,0,0
2026-02-02T09:33:00Z,28.394,4.114,18.33,3162.8,0.6728,25.39,0,0
2026-02-02T09:34:00Z,28.446,4.098,18.68,3131.0,0.6651,25.36,0,0
2026-02-02T09:35:00Z,28.385,4.115,17.96,3110.7,0.6661,25.69,0,0
2026-02-02T09:36:00Z,28.448,4.119,17.55,3103.2,0.6755,25.15,0,0
2026-02-02T09:37:00Z,28.387,4.044,18.29,3117.0,0.6658,25.37,0,0
2026-02-02T09:38:00Z,28.406,4.076,18.22,3134.8,0.6781,25.71,0,0
2026-02-02T09:39:00Z,28.403,4.131,17.21,3181.9,0.6762,25.33,0,0
2026-02-02T09:40:00Z,28.407,4.117,18.27,3216.9,0.6718,25.5,0,0
2026-02-02T09:41:00Z,28.367,4.129,18.03,3257.0,0.6746,25.31,0,0
2026-02-02T09:42:00Z,28.396,4.104,18.6,3276.8,0.6814,25.0,0,0
2026-02-02T09:43:00Z,28.394,4.129,18.39,3295.9,0.6824,25.2,0,0
2026-02-02T09:44:00Z,28.386,4.099,17.81,3291.7,0.6774,25.11,0,0
2026-02-02T09:45:00Z,28.458,4.136,18.23,3282.7,0.665,25.48,0,0
2026-02-02T09:46:00Z,28.394,4.131,18.02,3247.2,0.6769,25.1,0,0
2026-02-02T09:47:00Z,28.383,4.133,17.91,3209.2,0.6771,25.25,0,0
2026-02-02T09:48:00Z,28.393,4.061,17.89,3160.2,0.6637,25.17,0,0
2026-02-02T09:49:00Z,28.395,4.1,17.75,3131.7,0.6784,25.19,0,0
2026-02-02T09:50:00Z,28.408,4.085,18.49,3098.8,0.6558,25.35,0,0
2026-02-02T09:51:00Z,28.412,4.069,17.91,3104.7,0.6685,25.54,0,0
2026-02-02T09:52:00Z,28.399,4.074,17.96,3123.8,0.6699,25.44,0,0
2026-02-02T09:53:00Z,28.395,4.094,17.92,3136.4,0.6866,25.32,0,0
2026-02-02T09:54:00Z,28.367,4.093,17.43,3183.7,0.6657,25.09,0,0
2026-02-02T09:55:00Z,28.387,4.133,18.37,3207.9,0.683,25.29,0,0
2026-02-02T09:56:00Z,28.399,4.131,17.42,3248.1,0.6825,25.46,0,0
2026-02-02T09:57:00Z,28.406,4.105,17.89,3285.0,0.6734,25.45,0,0
2026-02-02T09:58:00Z,28.414,4.095,18.0,3307.6,0.6824,25.5,0,0
2026-02-02T09:59:00Z,28.39,4.131,17.79,3305.6,0.6829,25.34,0,0
2026-02-02T10:00:00Z,28.392,4.104,17.72,3278.6,0.6841,25.34,0,0
2026-02-02T10:01:00Z,28.419,4.103,18.06,3242.8,0.6784,25.56,0,0
2026-02-02T10:02:00Z,28.44,4.058,17.74,3202.8,0.6675,25.35,0,0
2026-02-02T10:03:00Z,28.398,4.12,17.6,3158.8,0.6694,25.49,0,0
2026-02-02T10:04:00Z,28.386,4.081,18.45,3129.3,0.6781,25.77,0,0
2026-02-02T10:05:00Z,28.379,4.068,18.06,3112.1,0.6679,25.23,0,0
2026-02-02T10:06:00Z,28.375,4.071,17.47,3102.3,0.6748,25.9,0,0
2026-02-02T10:07:00Z,28.382,4.117,17.63,3120.2,0.6659,25.45,0,0
2026-02-02T10:08:00Z,28.386,4.158,17.76,3132.1,0.6784,25.24,0,0
2026-02-02T10:09:00Z,28.392,4.086,18.01,3183.2,0.6894,25.33,0,0
2026-02-02T10:10:00Z,28.374,4.144,17.52,3216.8,0.6812,25.22,0,0
2026-02-02T10:11:00Z,28.391,4.107,17.8,3256.7,0.6799,25.43,0,0
2026-02-02T10:12:00Z,28.389,4.079,18.44,3278.3,0.6747,25.55,0,0
2026-02-02T10:13:00Z,28.382,4.097,17.79,3297.6,0.6684,25.35,0,0
2026-02-02T10:14:00Z,28.364,4.082,16.75,3286.4,0.6662,25.46,0,0
2026-02-02T10:15:00Z,28.422,4.093,18.19,3264.9,0.6791,25.28,0,0
2026-02-02T10:16:00Z,27.71,4.42,-7.71,3245.3,0.6624,25.37,1,1
2026-02-02T10:17:00Z,27.722,4.418,-8.04,3183.6,0.6815,25.43,1,1
2026-02-02T10:18:00Z,27.686,4.407,-7.46,3161.2,0.6882,25.47,1,1
2026-02-02T10:19:00Z,27.663,4.399,-7.5,3123.1,0.6666,25.38,1,1
2026-02-02T10:20:00Z,27.735,4.364,-8.25,3112.9,0.6871,25.42,1,1
2026-02-02T10:21:00Z,27.72,4.394,-7.78,3114.1,0.684,25.42,1,1
2026-02-02T10:22:00Z,27.692,4.395,-8.24,3120.5,0.6811,25.6,1,1
2026-02-02T10:23:00Z,27.707,4.391,-8.79,3153.4,0.6753,25.27,1,1
2026-02-02T10:24:00Z,27.721,4.392,-7.19,3172.1,0.6781,25.51,1,1
2026-02-02T10:25:00Z,27.708,4.399,-8.48,3227.4,0.6704,25.48,1,1
2026-02-02T10:26:00Z,27.719,4.399,-7.53,3263.2,0.6745,25.24,1,1
2026-02-02T10:27:00Z,27.689,4.39,-7.67,3279.5,0.675,25.42,1,1
2026-02-02T10:28:00Z,27.685,4.439,-8.08,3291.6,0.6767,25.71,1,1
2026-02-02T10:29:00Z,27.7,4.419,-8.15,3295.4,0.6766,25.33,1,1
2026-02-02T10:30:00Z,27.683,4.439,-8.19,3256.8,0.6795,25.44,1,1
2026-02-02T10:31:00Z,27.662,4.381,-7.29,3232.7,0.6796,25.5,1,1
2026-02-02T10:32:00Z,27.735,4.392,-8.33,3201.8,0.6754,25.52,1,1
2026-02-02T10:33:00Z,27.707,4.387,-7.76,3157.9,0.6801,25.53,1,1
2026-02-02T10:34:00Z,27.708,4.381,-7.95,3122.3,0.6724,25.43,1,1
2026-02-02T10:35:00Z,27.707,4.354,-8.27,3108.8,0.6843,25.62,1,1
2026-02-02T10:36:00Z,27.695,4.343,-8.79,3100.6,0.6869,25.34,1,1
2026-02-02T10:37:00Z,27.69,4.408,-8.0,3115.3,0.6716,25.4,1,1
2026-02-02T10:38:00Z,27.701,4.407,-7.57,3138.1,0.6917,25.26,1,1
2026-02-02T10:39:00Z,27.683,4.387,-8.43,3176.8,0.6803,25.43,1,1
2026-02-02T10:40:00Z,27.702,4.374,-7.79,3223.5,0.6806,25.7,1,1
2026-02-02T10:41:00Z,27.69,4.396,-7.61,3264.1,0.6687,25.38,1,1
2026-02-02T10:42:00Z,27.688,4.408,-8.02,3291.9,0.6736,25.76,1,1
2026-02-02T10:43:00Z,27.678,4.416,-7.98,3305.8,0.6725,25.27,1,1
2026-02-02T10:44:00Z,27.714,4.39,-7.65,3285.8,0.6746,25.53,1,1
2026-02-02T10:45:00Z,27.673,4.387,-7.9,3270.0,0.6775,25.47,1,1
2026-02-02T10:46:00Z,27.717,4.364,-7.48,3231.0,0.6892,25.58,1,1
2026-02-02T10:47:00Z,27.696,4.374,-8.12,3189.4,0.6777,25.53,1,1
2026-02-02T10:48:00Z,27.675,4.384,-8.06,3158.4,0.6854,25.4,1,1
2026-02-02T10:49:00Z,27.722,4.423,-7.39,3122.5,0.6747,25.34,1,1
2026-02-02T10:50:00Z,28.405,4.067,17.37,3105.9,0.6846,25.47,0,0
2026-02-02T10:51:00Z,28.393,4.109,17.74,3096.9,0.677,25.59,0,0
2026-02-02T10:52:00Z,28.375,4.096,18.62,3113.6,0.685,25.48,0,0
2026-02-02T10:53:00Z,28.37,4.103,18.23,3148.1,0.6837,25.75,0,0
2026-02-02T10:54:00Z,28.38,4.073,18.43,3192.0,0.6757,25.31,0,0
2026-02-02T10:55:00Z,28.405,4.051,17.8,3220.0,0.6804,25.48,0,0
2026-02-02T10:56:00Z,28.391,4.075,17.65,3265.2,0.6859,25.46,0,0
2026-02-02T10:57:00Z,28.419,4.064,17.92,3286.8,0.6738,25.24,0,0
2026-02-02T10:58:00Z,28.394,4.09,18.7,3310.5,0.6699,25.51,0,0
2026-02-02T10:59:00Z,28.355,4.068,17.92,3290.7,0.6782,25.52,0,0
2026-02-02T11:00:00Z,28.391,4.173,18.75,3270.8,0.6808,25.57,0,0
2026-02-02T11:01:00Z,28.43,4.131,17.34,3236.4,0.6831,25.67,0,0
2026-02-02T11:02:00Z,28.399,4.125,17.77,3199.4,0.6848,25.65,0,0
2026-02-02T11:03:00Z,28.395,4.095,17.4,3156.0,0.6937,25.35,0,0
2026-02-02T11:04:00Z,28.4,4.113,17.19,3124.9,0.6756,25.45,0,0
2026-02-02T11:05:00Z,28.396,4.112,18.88,3096.4,0.6892,25.28,0,0
2026-02-02T11:06:00Z,28.444,4.121,17.48,3091.1,0.6776,25.44,0,0
2026-02-02T11:07:00Z,28.384,4.076,18.01,3111.2,0.6851,25.36,0,0
2026-02-02T11:08:00Z,28.382,4.124,18.76,3148.5,0.6836,25.49,0,0
2026-02-02T11:09:00Z,28.452,4.112,18.24,3185.3,0.67,25.43,0,0
2026-02-02T11:10:00Z,28.399,4.13,18.13,3232.3,0.6821,25.53,0,0
2026-02-02T11:11:00Z,28.427,4.09,17.71,3267.0,0.6835,25.38,0,0
2026-02-02T11:12:00Z,28.412,4.142,17.75,3288.0,0.6798,25.54,0,0
2026-02-02T11:13:00Z,28.392,4.076,18.29,3302.1,0.6877,25.66,0,0
2026-02-02T11:14:00Z,28.388,4.095,17.99,3295.0,0.6899,25.74,0,0
2026-02-02T11:15:00Z,28.408,4.107,17.61,3272.7,0.6762,25.53,0,0
2026-02-02T11:16:00Z,28.433,4.088,18.27,3228.8,0.6842,25.19,0,0
2026-02-02T11:17:00Z,28.39,4.102,18.42,3191.0,0.6832,25.49,0,0
2026-02-02T11:18:00Z,28.369,4.104,18.25,3150.3,0.6853,25.78,0,0
2026-02-02T11:19:00Z,28.374,4.112,18.12,3123.1,0.6891,25.41,0,0
2026-02-02T11:20:00Z,28.43,4.11,17.49,3104.0,0.6747,25.53,0,0
2026-02-02T11:21:00Z,28.407,4.081,18.06,3092.8,0.6808,25.53,0,0
2026-02-02T11:22:00Z,28.384,4.12,17.25,3115.8,0.6902,25.47,0,0
2026-02-02T11:23:00Z,28.374,4.097,18.24,3147.9,0.6873,25.6,0,0
2026-02-02T11:24:00Z,28.392,4.132,18.34,3187.3,0.6864,25.72,0,0
2026-02-02T11:25:00Z,28.373,4.145,18.29,3221.5,0.6837,25.66,0,0
2026-02-02T11:26:00Z,28.372,4.023,18.41,3272.0,0.6922,25.51,0,0
2026-02-02T11:27:00Z,28.394,4.131,17.65,3296.6,0.6803,25.52,0,0
2026-02-02T11:28:00Z,28.401,4.159,18.61,3308.0,0.6921,25.47,0,0
2026-02-02T11:29:00Z,28.409,4.091,17.64,3288.2,0.6962,25.78,0,0
2026-02-02T11:30:00Z,28.408,4.109,17.78,3264.0,0.6765,25.45,0,0
2026-02-02T11:31:00Z,28.395,4.1,18.79,3235.6,0.6846,25.8,0,0
2026-02-02T11:32:00Z,28.4,4.061,18.52,3197.4,0.6819,25.33,0,0
2026-02-02T11:33:00Z,28.421,4.066,17.89,3144.1,0.6967,25.46,0,0
2026-02-02T11:34:00Z,28.387,4.039,17.94,3112.0,0.6891,25.69,0,0
2026-02-02T11:35:00Z,28.402,4.084,18.21,3091.8,0.6859,25.66,0,0
2026-02-02T11:36:00Z,28.375,4.148,18.19,3096.6,0.6864,25.57,0,0
2026-02-02T11:37:00Z,28.391,4.106,17.8,3124.8,0.6921,25.53,0,0
2026-02-02T11:38:00Z,28.374,4.102,17.37,3152.6,0.6844,25.59,0,0
2026-02-02T11:39:00Z,28.4,4.089,18.45,3190.6,0.6867,25.64,0,0
2026-02-02T11:40:00Z,28.389,4.104,17.88,3231.3,0.6894,25.76,0,0
2026-02-02T11:41:00Z,28.399,4.081,18.7,3269.3,0.6842,25.64,0,0
2026-02-02T11:42:00Z,28.406,4.096,17.56,3290.6,0.6919,25.67,0,0
2026-02-02T11:43:00Z,28.366,4.049,17.42,3306.4,0.6732,25.78,0,0
2026-02-02T11:44:00Z,28.419,4.118,18.05,3303.3,0.6823,25.53,0,0
2026-02-02T11:45:00Z,28.393,4.061,17.16,3266.0,0.6939,25.85,0,0
2026-02-02T11:46:00Z,28.403,4.089,18.5,3227.6,0.6941,25.89,0,0
2026-02-02T11:47:00Z,28.38,4.126,17.79,3186.0,0.6958,25.89,0,0
2026-02-02T11:48:00Z,28.395,4.065,18.3,3151.5,0.694,25.6,0,0
2026-02-02T11:49:00Z,28.42,4.079,18.56,3124.1,0.695,25.56,0,0
2026-02-02T11:50:00Z,28.443,4.112,18.24,3105.8,0.6994,25.6,0,0
2026-02-02T11:51:00Z,27.733,4.449,-7.98,3087.3,0.6884,25.78,1,1
2026-02-02T11:52:00Z,27.717,4.38,-8.01,3118.0,0.6996,25.75,1,1
2026-02-02T11:53:00Z,27.683,4.434,-8.32,3148.8,0.6853,25.65,1,1
2026-02-02T11:54:00Z,27.7,4.429,-7.85,3195.7,0.6855,25.55,1,1
2026-02-02T11:55:00Z,27.703,4.389,-8.07,3227.3,0.6783,25.84,1,1
2026-02-02T11:56:00Z,27.665,4.391,-7.52,3286.4,0.6892,25.84,1,1
2026-02-02T11:57:00Z,27.666,4.371,-8.49,3294.2,0.6802,25.49,1,1
2026-02-02T11:58:00Z,27.703,4.402,-8.04,3299.5,0.68,25.4,1,1
2026-02-02T11:59:00Z,27.707,4.464,-7.89,3295.7,0.6933,25.81,1,1
2026-02-02T12:00:00Z,27.723,4.395,-7.19,3265.4,0.7001,25.76,1,1
2026-02-02T12:01:00Z,27.706,4.385,-8.12,3229.7,0.6901,25.88,1,1
2026-02-02T12:02:00Z,27.685,4.404,-8.5,3184.6,0.6828,25.81,1,1
2026-02-02T12:03:00Z,27.678,4.434,-8.14,3157.7,0.688,25.33,1,1
2026-02-02T12:04:00Z,27.722,4.421,-8.48,3107.8,0.6839,25.65,1,1
2026-02-02T12:05:00Z,27.691,4.467,-8.32,3098.8,0.6954,25.64,1,1
2026-02-02T12:06:00Z,27.687,4.384,-8.05,3085.9,0.6852,25.84,1,1
2026-02-02T12:07:00Z,27.689,4.436,-8.37,3109.1,0.6879,25.69,1,1
2026-02-02T12:08:00Z,27.646,4.374,-7.61,3154.1,0.6857,25.7,1,1
2026-02-02T12:09:00Z,27.729,4.393,-8.11,3193.7,0.6917,25.81,1,1
2026-02-02T12:10:00Z,27.734,4.372,-8.89,3218.4,0.687,25.48,1,1
2026-02-02T12:11:00Z,27.671,4.342,-8.63,3275.5,0.6923,25.56,1,1
2026-02-02T12:12:00Z,27.707,4.382,-8.68,3300.6,0.6914,25.78,1,1
2026-02-02T12:13:00Z,27.676,4.391,-7.74,3303.7,0.6964,25.75,1,1
2026-02-02T12:14:00Z,27.675,4.417,-7.99,3294.5,0.6958,25.84,1,1
2026-02-02T12:15:00Z,27.687,4.33,-7.51,3269.9,0.6971,25.57,1,1
2026-02-02T12:16:00Z,27.733,4.437,-7.94,3232.0,0.6915,26.02,1,1
2026-02-02T12:17:00Z,27.688,4.354,-8.14,3185.6,0.6836,25.82,1,1
2026-02-02T12:18:00Z,27.676,4.389,-7.7,3150.0,0.7014,25.65,1,1
2026-02-02T12:19:00Z,27.709,4.396,-8.39,3112.2,0.6957,25.4,1,1
2026-02-02T12:20:00Z,27.641,4.354,-7.77,3108.9,0.6919,25.58,1,1
2026-02-02T12:21:00Z,27.737,4.393,-8.11,3094.7,0.6861,25.4,1,1
2026-02-02T12:22:00Z,27.661,4.426,-8.43,3115.4,0.7051,25.58,1,1
2026-02-02T12:23:00Z,27.704,4.429,-7.97,3153.9,0.6935,25.69,1,1
2026-02-02T12:24:00Z,27.658,4.33,-8.13,3188.9,0.6895,25.67,1,1
2026-02-02T12:25:00Z,28.389,4.041,17.69,3237.0,0.7008,25.73,0,0
2026-02-02T12:26:00Z,28.371,4.104,18.2,3280.0,0.6823,25.57,0,0
2026-02-02T12:27:00Z,28.378,4.093,18.16,3299.1,0.6951,25.75,0,0
2026-02-02T12:28:00Z,28.39,4.112,18.06,3301.5,0.6941,25.71,0,0
2026-02-02T12:29:00Z,28.409,4.094,17.37,3292.2,0.6953,25.81,0,0
2026-02-02T12:30:00Z,28.39,4.139,17.51,3267.1,0.7106,25.81,0,0
2026-02-02T12:31:00Z,28.424,4.052,18.9,3224.3,0.7032,25.81,0,0
2026-02-02T12:32:00Z,28.4,4.02,17.83,3188.9,0.6879,25.47,0,0
2026-02-02T12:33:00Z,28.353,4.103,17.73,3140.7,0.6898,25.9,0,0
2026-02-02T12:34:00Z,28.403,4.12,17.73,3100.2,0.7021,25.74,0,0
2026-02-02T12:35:00Z,28.409,4.121,18.15,3095.0,0.69,25.92,0,0
2026-02-02T12:36:00Z,28.409,4.119,18.65,3102.7,0.6984,25.65,0,0
2026-02-02T12:37:00Z,28.389,4.054,17.33,3126.8,0.6998,25.8,0,0
2026-02-02T12:38:00Z,28.415,4.165,17.47,3155.7,0.7005,25.4,0,0
2026-02-02T12:39:00Z,28.388,4.119,17.03,3190.8,0.6955,25.95,0,0
2026-02-02T12:40:00Z,28.396,4.12,18.21,3241.3,0.7011,25.58,0,0
2026-02-02T12:41:00Z,28.392,4.11,18.29,3278.0,0.7003,25.66,0,0
2026-02-02T12:42:00Z,28.372,4.05,17.48,3297.2,0.6885,25.79,0,0
2026-02-02T12:43:00Z,28.402,4.104,18.28,3315.9,0.6882,25.63,0,0
2026-02-02T12:44:00Z,28.399,4.123,17.82,3281.9,0.7023,25.65,0,0
2026-02-02T12:45:00Z,28.395,4.114,18.01,3259.3,0.699,26.13,0,0
2026-02-02T12:46:00Z,28.394,4.137,17.5,3224.3,0.6933,25.75,0,0
2026-02-02T12:47:00Z,28.398,4.099,17.31,3176.8,0.6989,25.78,0,0
2026-02-02T12:48:00Z,28.397,4.112,18.91,3134.8,0.6976,25.69,0,0
2026-02-02T12:49:00Z,28.367,4.113,18.07,3115.2,0.6979,25.78,0,0
2026-02-02T12:50:00Z,28.381,4.141,18.29,3095.3,0.6929,25.87,0,0
2026-02-02T12:51:00Z,28.379,4.105,17.9,3102.9,0.6964,25.83,0,0
2026-02-02T12:52:00Z,28.388,4.116,17.83,3116.1,0.6887,25.82,0,0
2026-02-02T12:53:00Z,28.415,4.084,17.87,3152.1,0.6886,25.89,0,0
2026-02-02T12:54:00Z,28.368,4.058,18.44,3189.7,0.7017,25.74,0,0
2026-02-02T12:55:00Z,28.406,4.137,18.6,3240.5,0.6969,25.82,0,0
2026-02-02T12:56:00Z,28.418,4.125,17.42,3285.0,0.6943,25.73,0,0
2026-02-02T12:57:00Z,28.37,4.136,17.66,3299.9,0.6837,25.66,0,0
2026-02-02T12:58:00Z,28.409,4.075,18.15,3310.9,0.691,25.69,0,0
2026-02-02T12:59:00Z,28.357,4.136,17.86,3298.5,0.7034,25.66,0,0
2026-02-02T13:00:00Z,28.398,4.106,18.17,3273.3,0.6941,25.95,0,0
2026-02-02T13:01:00Z,28.396,4.12,17.8,3228.1,0.7016,25.68,0,0
2026-02-02T13:02:00Z,28.388,4.033,18.39,3180.9,0.6946,25.74,0,0
2026-02-02T13:03:00Z,28.394,4.065,18.43,3137.5,0.692,25.84,0,0
2026-02-02T13:04:00Z,28.374,4.099,17.88,3107.9,0.7003,26.02,0,0
2026-02-02T13:05:00Z,28.417,4.086,18.17,3094.2,0.7002,25.7,0,0
2026-02-02T13:06:00Z,28.401,4.081,18.42,3097.4,0.6985,26.17,0,0
2026-02-02T13:07:00Z,28.403,4.125,17.73,3124.0,0.6967,25.55,0,0
2026-02-02T13:08:00Z,28.399,4.121,18.18,3149.9,0.6998,26.15,0,0
2026-02-02T13:09:00Z,28.376,4.108,17.69,3203.0,0.7046,26.1,0,0
2026-02-02T13:10:00Z,28.409,4.116,18.41,3232.5,0.7036,25.81,0,0
2026-02-02T13:11:00Z,28.39,4.063,18.44,3265.9,0.6938,25.73,0,0
2026-02-02T13:12:00Z,28.385,4.135,17.21,3293.5,0.7002,25.72,0,0
2026-02-02T13:13:00Z,28.405,4.127,17.8,3313.8,0.6983,25.83,0,0
2026-02-02T13:14:00Z,28.381,4.097,17.88,3290.6,0.703,25.91,0,0
2026-02-02T13:15:00Z,28.41,4.164,18.1,3262.8,0.7076,25.75,0,0
2026-02-02T13:16:00Z,28.424,4.096,18.14,3222.7,0.6996,25.94,0,0
2026-02-02T13:17:00Z,28.416,4.08,18.47,3176.4,0.6961,25.92,0,0
2026-02-02T13:18:00Z,28.418,4.098,17.79,3137.4,0.7016,25.78,0,0
2026-02-02T13:19:00Z,28.422,4.074,18.21,3106.3,0.705,25.86,0,0
2026-02-02T13:20:00Z,28.376,4.081,18.27,3088.8,0.6903,25.71,0,0
2026-02-02T13:21:00Z,28.388,4.096,17.77,3089.7,0.6962,25.9,0,0
2026-02-02T13:22:00Z,28.405,4.082,17.82,3123.1,0.7061,25.8,0,0
2026-02-02T13:23:00Z,28.391,4.116,18.55,3146.0,0.7066,25.95,0,0
2026-02-02T13:24:00Z,28.405,4.085,18.6,3188.2,0.7051,25.87,0,0
2026-02-02T13:25:00Z,28.408,4.076,17.5,3243.3,0.7039,25.7,0,0
2026-02-02T13:26:00Z,27.711,4.404,-8.32,3280.7,0.6983,25.85,1,1
2026-02-02T13:27:00Z,27.705,4.384,-8.35,3307.2,0.7062,25.68,1,1
2026-02-02T13:28:00Z,27.724,4.288,-7.79,3308.4,0.709,25.72,1,1
2026-02-02T13:29:00Z,27.69,4.429,-8.4,3297.8,0.7066,25.63,1,1
2026-02-02T13:30:00Z,27.684,4.442,-8.05,3269.5,0.7008,25.7,1,1
2026-02-02T13:31:00Z,27.692,4.385,-8.01,3223.4,0.7007,25.71,1,1
2026-02-02T13:32:00Z,27.701,4.379,-7.78,3186.4,0.7078,25.91,1,1
2026-02-02T13:33:00Z,27.706,4.465,-8.66,3127.5,0.7104,26.07,1,1
2026-02-02T13:34:00Z,27.714,4.381,-7.73,3107.4,0.7098,25.75,1,1
2026-02-02T13:35:00Z,27.696,4.422,-7.71,3082.5,0.6999,25.62,1,1
2026-02-02T13:36:00Z,27.703,4.361,-8.24,3101.4,0.6869,25.6,1,1
2026-02-02T13:37:00Z,27.695,4.407,-8.18,3113.2,0.7185,25.83,1,1
2026-02-02T13:38:00Z,27.673,4.394,-7.81,3151.1,0.6971,25.95,1,1
2026-02-02T13:39:00Z,27.699,4.439,-7.56,3200.6,0.6957,25.6,1,1
2026-02-02T13:40:00Z,27.67,4.362,-7.87,3249.6,0.7084,25.89,1,1
2026-02-02T13:41:00Z,27.704,4.421,-7.47,3279.0,0.7004,25.69,1,1
2026-02-02T13:42:00Z,27.689,4.424,-8.3,3307.3,0.704,26.06,1,1
2026-02-02T13:43:00Z,27.708,4.418,-8.37,3309.3,0.7005,25.93,1,1
2026-02-02T13:44:00Z,27.75,4.433,-8.3,3290.0,0.7026,26.01,1,1
2026-02-02T13:45:00Z,27.759,4.391,-7.86,3256.5,0.6956,25.87,1,1
2026-02-02T13:46:00Z,27.693,4.44,-7.84,3216.2,0.6972,25.8,1,1
2026-02-02T13:47:00Z,27.716,4.373,-8.0,3178.4,0.7064,25.58,1,1
2026-02-02T13:48:00Z,27.669,4.422,-7.57,3130.9,0.7062,25.95,1,1
2026-02-02T13:49:00Z,27.658,4.389,-8.18,3109.5,0.6993,26.06,1,1
2026-02-02T13:50:00Z,27.715,4.403,-7.71,3090.1,0.7083,25.92,1,1
2026-02-02T13:51:00Z,27.695,4.372,-8.36,3094.6,0.6989,25.98,1,1
2026-02-02T13:52:00Z,27.689,4.413,-7.99,3123.3,0.7065,26.33,1,1
2026-02-02T13:53:00Z,27.706,4.37,-7.77,3160.4,0.6973,25.89,1,1
2026-02-02T13:54:00Z,27.715,4.334,-8.22,3210.2,0.7036,25.78,1,1
2026-02-02T13:55:00Z,27.722,4.409,-8.14,3249.2,0.7057,26.0,1,1
2026-02-02T13:56:00Z,27.695,4.36,-7.2,3278.1,0.7017,26.05,1,1
2026-02-02T13:57:00Z,27.741,4.368,-8.45,3305.1,0.7051,26.1,1,1
2026-02-02T13:58:00Z,27.693,4.425,-7.85,3299.4,0.6929,26.1,1,1
2026-02-02T13:59:00Z,27.697,4.375,-7.69,3297.7,0.7107,25.68,1,1
2026-02-02T14:00:00Z,28.403,4.07,17.33,3261.7,0.7045,25.95,0,0
2026-02-02T14:01:00Z,28.374,4.101,17.33,3210.5,0.6983,25.94,0,0
2026-02-02T14:02:00Z,28.371,4.128,18.04,3174.3,0.7073,25.97,0,0
2026-02-02T14:03:00Z,28.387,4.077,18.8,3133.6,0.6978,25.95,0,0
2026-02-02T14:04:00Z,28.415,4.138,17.72,3107.9,0.7138,25.86,0,0
2026-02-02T14:05:00Z,28.387,4.067,17.58,3089.3,0.7019,25.72,0,0
2026-02-02T14:06:00Z,28.415,4.14,17.85,3092.3,0.7099,25.82,0,0
2026-02-02T14:07:00Z,28.377,4.129,17.87,3108.2,0.7061,25.76,0,0
2026-02-02T14:08:00Z,28.402,4.134,18.6,3166.8,0.7076,25.86,0,0
2026-02-02T14:09:00Z,28.419,4.103,17.9,3215.0,0.71,25.93,0,0
2026-02-02T14:10:00Z,28.421,4.038,17.9,3251.7,0.7091,26.05,0,0
2026-02-02T14:11:00Z,28.409,4.158,18.29,3285.1,0.7034,25.86,0,0
2026-02-02T14:12:00Z,28.384,4.13,17.9,3301.4,0.7076,25.91,0,0
2026-02-02T14:13:00Z,28.404,4.105,17.18,3296.5,0.7049,25.97,0,0
2026-02-02T14:14:00Z,28.429,4.108,17.59,3304.2,0.7164,25.71,0,0
2026-02-02T14:15:00Z,28.393,4.052,17.85,3260.4,0.7021,25.87,0,0
2026-02-02T14:16:00Z,28.406,4.136,17.86,3220.7,0.7103,25.84,0,0
2026-02-02T14:17:00Z,28.385,4.126,18.5,3171.4,0.7093,25.99,0,0
2026-02-02T14:18:00Z,28.398,4.118,18.52,3121.3,0.7105,25.81,0,0
2026-02-02T14:19:00Z,28.371,4.097,17.98,3099.8,0.7003,26.06,0,0
2026-02-02T14:20:00Z,28.415,4.087,17.92,3089.6,0.7048,25.95,0,0
2026-02-02T14:21:00Z,28.374,4.027,17.58,3084.8,0.7094,25.86,0,0
2026-02-02T14:22:00Z,28.398,4.129,17.84,3128.8,0.7104,25.9,0,0
2026-02-02T14:23:00Z,28.402,4.095,17.91,3169.0,0.7041,26.07,0,0
2026-02-02T14:24:00Z,28.408,4.046,17.94,3203.8,0.6958,25.88,0,0
2026-02-02T14:25:00Z,28.363,4.081,18.2,3246.0,0.6966,26.13,0,0
2026-02-02T14:26:00Z,28.373,4.1,18.02,3296.3,0.706,25.9,0,0
2026-02-02T14:27:00Z,28.388,4.107,18.7,3315.7,0.702,25.8,0,0
2026-02-02T14:28:00Z,28.421,4.083,17.96,3317.3,0.7101,26.03,0,0
2026-02-02T14:29:00Z,28.403,4.101,18.3,3293.9,0.7121,25.83,0,0
2026-02-02T14:30:00Z,28.392,4.089,17.56,3255.5,0.7109,25.96,0,0
2026-02-02T14:31:00Z,28.439,4.042,17.15,3224.0,0.7083,26.06,0,0
2026-02-02T14:32:00Z,28.396,4.132,17.7,3170.6,0.7103,26.04,0,0
2026-02-02T14:33:00Z,28.428,4.146,18.2,3128.0,0.7135,25.86,0,0
2026-02-02T14:34:00Z,28.406,4.056,17.47,3091.1,0.7066,26.19,0,0
2026-02-02T14:35:00Z,28.379,4.108,17.77,3081.6,0.7036,26.03,0,0
2026-02-02T14:36:00Z,28.379,4.165,17.78,3089.3,0.7061,25.85,0,0
2026-02-02T14:37:00Z,28.364,4.141,17.74,3121.8,0.7028,25.82,0,0
2026-02-02T14:38:00Z,28.408,4.075,17.67,3162.7,0.703,26.1,0,0
2026-02-02T14:39:00Z,28.373,4.113,17.79,3207.9,0.7056,26.13,0,0
2026-02-02T14:40:00Z,28.375,4.126,18.43,3252.3,0.7176,25.97,0,0
2026-02-02T14:41:00Z,28.374,4.051,18.49,3289.6,0.7097,26.13,0,0
2026-02-02T14:42:00Z,28.406,4.053,18.21,3318.2,0.7114,26.08,0,0
2026-02-02T14:43:00Z,28.324,4.124,17.52,3316.5,0.7104,26.18,0,0
2026-02-02T14:44:00Z,28.403,4.109,17.97,3287.2,0.712,26.0,0,0
2026-02-02T14:45:00Z,28.381,4.126,17.43,3265.2,0.7129,25.89,0,0
2026-02-02T14:46:00Z,28.417,4.078,18.29,3219.2,0.7019,26.14,0,0
2026-02-02T14:47:00Z,28.41,4.105,18.27,3168.1,0.7258,25.78,0,0
2026-02-02T14:48:00Z,28.413,4.145,17.63,3122.1,0.7106,25.96,0,0
2026-02-02T14:49:00Z,28.385,4.157,18.02,3096.3,0.7156,26.28,0,0
2026-02-02T14:50:00Z,28.417,4.042,18.51,3090.7,0.7133,26.1,0,0
2026-02-02T14:51:00Z,28.419,4.065,17.79,3097.6,0.7057,26.08,0,0
2026-02-02T14:52:00Z,28.421,4.134,18.85,3125.7,0.7219,26.08,0,0
2026-02-02T14:53:00Z,28.414,4.087,18.54,3164.2,0.7154,26.3,0,0
2026-02-02T14:54:00Z,28.413,4.117,18.07,3209.1,0.7123,25.92,0,0
2026-02-02T14:55:00Z,28.38,4.088,18.44,3253.9,0.7209,25.98,0,0
2026-02-02T14:56:00Z,28.415,4.135,17.79,3291.0,0.703,26.07,0,0
2026-02-02T14:57:00Z,28.413,4.115,18.15,3312.8,0.717,25.75,0,0
2026-02-02T14:58:00Z,28.378,4.086,18.33,3300.6,0.7084,26.1,0,0
2026-02-02T14:59:00Z,28.369,4.06,18.81,3297.3,0.7092,26.18,0,0
2026-02-02T15:00:00Z,28.407,4.086,18.15,3255.9,0.7202,26.12,0,0
2026-02-02T15:01:00Z,27.707,4.415,-8.18,3214.7,0.7078,26.13,1,1
2026-02-02T15:02:00Z,27.706,4.374,-8.5,3164.6,0.7145,25.73,1,1
2026-02-02T15:03:00Z,27.699,4.394,-7.79,3124.9,0.7146,25.89,1,1
2026-02-02T15:04:00Z,27.724,4.4,-7.07,3087.4,0.7066,26.01,1,1
2026-02-02T15:05:00Z,27.682,4.424,-8.48,3081.3,0.7257,26.1,1,1
2026-02-02T15:06:00Z,27.716,4.398,-7.98,3100.2,0.7197,25.84,1,1
2026-02-02T15:07:00Z,27.715,4.385,-7.74,3124.1,0.7019,25.92,1,1
2026-02-02T15:08:00Z,27.692,4.331,-7.56,3160.0,0.7137,25.69,1,1
2026-02-02T15:09:00Z,27.696,4.437,-7.52,3208.7,0.7262,26.08,1,1
2026-02-02T15:10:00Z,27.703,4.365,-8.63,3255.2,0.7109,25.85,1,1
2026-02-02T15:11:00Z,27.695,4.422,-8.78,3298.8,0.7151,25.98,1,1
2026-02-02T15:12:00Z,27.67,4.385,-8.37,3308.6,0.7155,25.98,1,1
2026-02-02T15:13:00Z,27.713,4.363,-8.01,3316.1,0.7094,26.0,1,1
2026-02-02T15:14:00Z,27.694,4.334,-7.81,3284.5,0.7159,25.97,1,1
2026-02-02T15:15:00Z,27.689,4.393,-7.62,3251.7,0.7224,25.83,1,1
2026-02-02T15:16:00Z,27.711,4.434,-8.61,3205.0,0.7111,26.12,1,1
2026-02-02T15:17:00Z,27.707,4.419,-8.27,3154.1,0.7019,25.76,1,1
2026-02-02T15:18:00Z,27.707,4.432,-8.57,3124.4,0.713,26.46,1,1
2026-02-02T15:19:00Z,27.741,4.346,-8.34,3092.1,0.7159,26.16,1,1
2026-02-02T15:20:00Z,27.694,4.418,-7.41,3095.2,0.7154,25.91,1,1
2026-02-02T15:21:00Z,27.693,4.404,-8.47,3094.6,0.7174,26.07,1,1
2026-02-02T15:22:00Z,27.693,4.389,-7.6,3133.4,0.7155,26.32,1,1
2026-02-02T15:23:00Z,27.689,4.428,-7.98,3171.4,0.7078,26.36,1,1
2026-02-02T15:24:00Z,27.718,4.417,-8.56,3220.6,0.7123,25.93,1,1
2026-02-02T15:25:00Z,27.687,4.386,-7.65,3268.2,0.7171,26.04,1,1
2026-02-02T15:26:00Z,27.69,4.37,-8.04,3304.4,0.7168,26.38,1,1
2026-02-02T15:27:00Z,27.678,4.393,-7.91,3319.1,0.7232,25.89,1,1
2026-02-02T15:28:00Z,27.686,4.333,-8.71,3312.3,0.7155,26.03,1,1
2026-02-02T15:29:00Z,27.72,4.41,-8.43,3276.6,0.7176,25.93,1,1
2026-02-02T15:30:00Z,27.69,4.443,-8.11,3253.4,0.7189,26.28,1,1
2026-02-02T15:31:00Z,27.723,4.465,-7.91,3208.4,0.7048,26.31,1,1
2026-02-02T15:32:00Z,27.738,4.362,-8.45,3153.4,0.7201,26.21,1,1
2026-02-02T15:33:00Z,27.713,4.412,-7.84,3116.8,0.7158,26.09,1,1
2026-02-02T15:34:00Z,27.688,4.4,-7.81,3101.4,0.7164,26.4,1,1
2026-02-02T15:35:00Z,28.391,4.164,17.97,3080.6,0.7031,26.1,0,0
2026-02-02T15:36:00Z,28.426,4.135,17.74,3095.2,0.7287,26.06,0,0
2026-02-02T15:37:00Z,28.377,4.054,17.43,3136.2,0.7148,26.08,0,0
2026-02-02T15:38:00Z,28.384,4.092,18.42,3173.5,0.7201,26.03,0,0
2026-02-02T15:39:00Z,28.427,4.084,18.09,3214.1,0.7186,26.1,0,0
2026-02-02T15:40:00Z,28.436,4.042,17.68,3266.2,0.7205,26.24,0,0
2026-02-02T15:41:00Z,28.366,4.117,17.95,3292.6,0.718,26.0,0,0
2026-02-02T15:42:00Z,28.407,4.101,17.64,3321.4,0.7174,25.97,0,0
2026-02-02T15:43:00Z,28.408,4.118,18.45,3314.7,0.7115,26.13,0,0
2026-02-02T15:44:00Z,28.388,4.104,18.65,3289.4,0.7161,26.35,0,0
2026-02-02T15:45:00Z,28.387,4.119,18.48,3250.4,0.7252,26.12,0,0
2026-02-02T15:46:00Z,28.378,4.088,18.68,3200.7,0.7257,26.17,0,0
2026-02-02T15:47:00Z,28.373,4.166,18.28,3159.1,0.7318,26.47,0,0
2026-02-02T15:48:00Z,28.438,4.109,18.69,3119.5,0.7286,25.86,0,0
2026-02-02T15:49:00Z,28.426,4.085,18.1,3096.6,0.7201,26.5,0,0
2026-02-02T15:50:00Z,28.36,4.098,17.75,3088.5,0.7078,26.18,0,0
2026-02-02T15:51:00Z,28.385,4.069,18.01,3096.9,0.722,26.12,0,0
2026-02-02T15:52:00Z,28.423,4.144,17.7,3136.7,0.7103,25.9,0,0
2026-02-02T15:53:00Z,28.399,4.099,18.66,3162.5,0.7137,26.26,0,0
2026-02-02T15:54:00Z,28.407,4.053,18.79,3224.5,0.7117,26.27,0,0
2026-02-02T15:55:00Z,28.424,4.094,18.14,3259.6,0.7184,26.28,0,0
2026-02-02T15:56:00Z,28.396,4.138,17.64,3305.2,0.7196,26.25,0,0
2026-02-02T15:57:00Z,28.4,4.105,18.0,3312.0,0.7141,26.04,0,0
2026-02-02T15:58:00Z,28.416,4.122,17.78,3315.8,0.7174,26.23,0,0
2026-02-02T15:59:00Z,28.422,4.082,18.23,3281.9,0.7223,26.26,0,0
2026-02-02T16:00:00Z,28.411,4.063,16.98,3255.9,0.7165,26.21,0,0
2026-02-02T16:01:00Z,28.405,4.126,17.53,3204.4,0.71,26.4,0,0
2026-02-02T16:02:00Z,28.402,4.088,18.44,3153.6,0.7201,26.19,0,0
2026-02-02T16:03:00Z,28.421,4.076,17.67,3101.5,0.7201,26.09,0,0
2026-02-02T16:04:00Z,28.402,4.065,18.39,3080.4,0.7178,26.22,0,0
2026-02-02T16:05:00Z,28.398,4.125,18.1,3079.8,0.7142,26.3,0,0
2026-02-02T16:06:00Z,28.418,4.079,18.02,3086.5,0.7178,26.43,0,0
2026-02-02T16:07:00Z,28.405,4.054,17.91,3112.6,0.7077,25.94,0,0
2026-02-02T16:08:00Z,28.383,4.143,17.49,3174.3,0.7252,26.33,0,0
2026-02-02T16:09:00Z,28.433,4.116,17.77,3218.3,0.7167,25.93,0,0
2026-02-02T16:10:00Z,28.402,4.131,17.63,3277.3,0.7183,26.32,0,0
2026-02-02T16:11:00Z,28.385,4.036,18.29,3307.5,0.7102,26.49,0,0
2026-02-02T16:12:00Z,28.424,4.026,18.66,3305.5,0.7258,26.34,0,0
2026-02-02T16:13:00Z,28.406,4.122,18.42,3308.5,0.7294,26.16,0,0
2026-02-02T16:14:00Z,28.395,4.076,17.09,3289.9,0.7249,26.22,0,0
2026-02-02T16:15:00Z,28.416,4.099,18.47,3259.7,0.7217,26.19,0,0
2026-02-02T16:16:00Z,28.405,4.092,18.02,3205.6,0.7256,26.21,0,0
2026-02-02T16:17:00Z,28.426,4.069,17.54,3153.2,0.7186,26.18,0,0
2026-02-02T16:18:00Z,28.397,4.084,17.59,3116.3,0.7116,26.19,0,0
2026-02-02T16:19:00Z,28.396,4.08,18.47,3089.0,0.727,25.97,0,0
2026-02-02T16:20:00Z,28.397,4.04,17.74,3089.8,0.7248,26.46,0,0
2026-02-02T16:21:00Z,28.389,4.083,17.85,3099.4,0.7299,26.19,0,0
2026-02-02T16:22:00Z,28.36,4.048,17.6,3147.1,0.7269,26.2,0,0
2026-02-02T16:23:00Z,28.417,4.102,17.48,3175.3,0.7145,26.1,0,0
2026-02-02T16:24:00Z,28.418,4.132,18.19,3225.2,0.7179,26.21,0,0
2026-02-02T16:25:00Z,28.402,4.113,18.25,3265.8,0.7266,26.35,0,0
2026-02-02T16:26:00Z,28.403,4.077,18.5,3299.5,0.7174,26.15,0,0
2026-02-02T16:27:00Z,28.381,4.133,18.08,3309.6,0.7372,26.4,0,0
2026-02-02T16:28:00Z,28.383,4.09,17.78,3306.7,0.7241,25.99,0,0
2026-02-02T16:29:00Z,28.398,4.084,17.87,3282.1,0.7155,26.5,0,0
2026-02-02T16:30:00Z,28.419,4.1,18.3,3251.3,0.7262,26.33,0,0
2026-02-02T16:31:00Z,28.382,4.122,18.27,3192.4,0.7234,26.18,0,0
2026-02-02T16:32:00Z,28.377,4.148,18.12,3135.5,0.7333,26.36,0,0
2026-02-02T16:33:00Z,28.373,4.077,18.36,3113.7,0.7228,26.31,0,0
2026-02-02T16:34:00Z,28.405,4.088,18.05,3080.1,0.725,26.29,0,0
2026-02-02T16:35:00Z,28.387,4.125,18.66,3084.2,0.7308,26.38,0,0
2026-02-02T16:36:00Z,27.709,4.41,-7.11,3095.2,0.7317,26.28,1,1
2026-02-02T16:37:00Z,27.701,4.419,-8.92,3126.6,0.7201,26.15,1,1
2026-02-02T16:38:00Z,27.701,4.44,-9.01,3171.8,0.7235,26.3,1,1
2026-02-02T16:39:00Z,27.702,4.398,-8.52,3225.5,0.7252,26.3,1,1
2026-02-02T16:40:00Z,27.703,4.434,-8.02,3263.4,0.7336,26.25,1,1
2026-02-02T16:41:00Z,27.726,4.399,-7.49,3298.1,0.7224,26.23,1,1
2026-02-02T16:42:00Z,27.71,4.384,-7.94,3325.4,0.73,26.28,1,1
2026-02-02T16:43:00Z,27.693,4.41,-7.47,3300.0,0.7257,26.08,1,1
2026-02-02T16:44:00Z,27.672,4.405,-7.7,3291.7,0.7231,26.26,1,1
2026-02-02T16:45:00Z,27.668,4.383,-8.44,3243.9,0.7418,26.15,1,1
2026-02-02T16:46:00Z,27.719,4.388,-7.97,3195.6,0.7247,26.17,1,1
2026-02-02T16:47:00Z,27.698,4.42,-8.46,3156.5,0.7263,26.38,1,1
2026-02-02T16:48:00Z,27.69,4.368,-8.11,3110.0,0.7241,26.14,1,1
2026-02-02T16:49:00Z,27.676,4.38,-8.09,3092.6,0.7294,26.19,1,1
2026-02-02T16:50:00Z,27.678,4.419,-8.32,3077.6,0.733,26.12,1,1
2026-02-02T16:51:00Z,27.669,4.352,-8.19,3107.1,0.727,26.28,1,1
2026-02-02T16:52:00Z,27.743,4.37,-7.81,3127.2,0.734,26.37,1,1
2026-02-02T16:53:00Z,27.7,4.381,-8.0,3176.0,0.7394,26.28,1,1
2026-02-02T16:54:00Z,27.693,4.397,-8.15,3217.2,0.7332,26.18,1,1
2026-02-02T16:55:00Z,27.667,4.393,-7.34,3270.8,0.7223,26.27,1,1
2026-02-02T16:56:00Z,27.721,4.449,-8.28,3311.8,0.722,26.21,1,1
2026-02-02T16:57:00Z,27.708,4.391,-7.73,3320.5,0.7309,26.52,1,1
2026-02-02T16:58:00Z,27.707,4.455,-8.15,3310.1,0.7241,26.71,1,1
2026-02-02T16:59:00Z,27.699,4.436,-8.65,3279.3,0.7269,26.26,1,1
2026-02-02T17:00:00Z,27.734,4.357,-8.07,3251.8,0.7239,26.71,1,1
2026-02-02T17:01:00Z,27.71,4.371,-7.45,3202.2,0.7212,26.45,1,1
2026-02-02T17:02:00Z,27.733,4.394,-8.83,3152.7,0.7231,26.19,1,1
2026-02-02T17:03:00Z,27.693,4.386,-7.97,3107.3,0.7242,26.5,1,1
2026-02-02T17:04:00Z,27.703,4.483,-7.96,3090.0,0.7305,26.71,1,1
2026-02-02T17:05:00Z,27.705,4.476,-7.75,3080.2,0.7233,26.18,1,1
2026-02-02T17:06:00Z,27.666,4.401,-7.9,3094.5,0.7328,26.42,1,1
2026-02-02T17:07:00Z,27.711,4.414,-8.15,3136.3,0.7253,26.42,1,1
2026-02-02T17:08:00Z,27.676,4.433,-8.15,3183.1,0.726,26.34,1,1
2026-02-02T17:09:00Z,27.727,4.389,-8.13,3232.0,0.7307,26.51,1,1
2026-02-02T17:10:00Z,28.414,4.118,17.49,3270.7,0.7291,26.22,0,0
2026-02-02T17:11:00Z,28.402,4.119,18.43,3308.7,0.7134,26.38,0,0
2026-02-02T17:12:00Z,28.386,4.134,18.6,3327.7,0.7279,26.06,0,0
2026-02-02T17:13:00Z,28.42,4.103,18.15,3317.5,0.7248,26.58,0,0
2026-02-02T17:14:00Z,28.406,4.08,19.03,3287.8,0.7214,26.49,0,0
2026-02-02T17:15:00Z,28.377,4.037,17.61,3245.9,0.7331,26.28,0,0
2026-02-02T17:16:00Z,28.388,4.061,17.67,3201.3,0.7442,26.57,0,0
2026-02-02T17:17:00Z,28.411,4.036,17.79,3142.0,0.7179,26.36,0,0
2026-02-02T17:18:00Z,28.399,4.131,17.83,3108.1,0.7277,26.25,0,0
2026-02-02T17:19:00Z,28.391,4.118,18.7,3076.1,0.7287,26.28,0,0
2026-02-02T17:20:00Z,28.399,4.141,18.1,3078.1,0.7285,26.42,0,0
2026-02-02T17:21:00Z,28.395,4.067,17.35,3098.8,0.7242,26.31,0,0
2026-02-02T17:22:00Z,28.403,4.093,17.61,3134.2,0.722,26.33,0,0
2026-02-02T17:23:00Z,28.421,4.126,18.35,3195.9,0.7332,26.27,0,0
2026-02-02T17:24:00Z,28.41,4.067,17.6,3223.2,0.7384,26.59,0,0
2026-02-02T17:25:00Z,28.413,4.049,17.58,3277.6,0.7243,26.36,0,0
2026-02-02T17:26:00Z,28.387,4.1,17.83,3296.6,0.7386,26.2,0,0
2026-02-02T17:27:00Z,28.391,4.08,17.98,3324.4,0.7247,26.43,0,0
2026-02-02T17:28:00Z,28.379,4.118,16.96,3313.5,0.7262,26.09,0,0
2026-02-02T17:29:00Z,28.383,4.049,17.34,3283.6,0.7236,26.36,0,0
2026-02-02T17:30:00Z,28.379,4.12,18.14,3235.5,0.7334,26.32,0,0
2026-02-02T17:31:00Z,28.43,4.116,17.73,3189.2,0.7189,26.16,0,0
2026-02-02T17:32:00Z,28.403,4.125,18.5,3148.8,0.7297,26.35,0,0
2026-02-02T17:33:00Z,28.365,4.108,17.52,3096.5,0.7238,26.36,0,0
2026-02-02T17:34:00Z,28.408,4.124,18.22,3086.9,0.7305,26.15,0,0
2026-02-02T17:35:00Z,28.398,4.073,18.08,3086.0,0.741,26.23,0,0
2026-02-02T17:36:00Z,28.425,4.132,18.16,3088.6,0.7385,26.4,0,0
2026-02-02T17:37:00Z,28.426,4.102,18.81,3141.8,0.7341,26.39,0,0
2026-02-02T17:38:00Z,28.453,4.091,18.62,3191.2,0.7323,26.69,0,0
2026-02-02T17:39:00Z,28.379,4.082,17.61,3236.4,0.7239,26.44,0,0
2026-02-02T17:40:00Z,28.394,4.076,17.86,3284.4,0.7338,26.37,0,0
2026-02-02T17:41:00Z,28.4,4.076,17.7,3318.3,0.7396,26.09,0,0
2026-02-02T17:42:00Z,28.379,4.124,18.09,3325.0,0.7345,26.8,0,0
2026-02-02T17:43:00Z,28.443,4.094,17.78,3309.0,0.7293,26.21,0,0
2026-02-02T17:44:00Z,28.41,4.091,18.34,3283.8,0.738,26.29,0,0
2026-02-02T17:45:00Z,28.382,4.15,17.96,3240.6,0.7351,26.44,0,0
2026-02-02T17:46:00Z,28.396,4.122,17.28,3190.8,0.7352,26.23,0,0
2026-02-02T17:47:00Z,28.403,4.124,17.59,3137.2,0.7277,26.18,0,0
2026-02-02T17:48:00Z,28.392,4.096,17.77,3109.0,0.7411,26.31,0,0
2026-02-02T17:49:00Z,28.369,4.095,17.03,3079.7,0.7363,26.38,0,0
2026-02-02T17:50:00Z,28.378,4.067,17.89,3077.5,0.7306,26.21,0,0
2026-02-02T17:51:00Z,28.403,4.091,17.94,3110.3,0.7377,26.24,0,0
2026-02-02T17:52:00Z,28.395,4.118,18.0,3137.8,0.7266,26.33,0,0
2026-02-02T17:53:00Z,28.378,4.096,18.11,3188.6,0.7244,26.21,0,0
2026-02-02T17:54:00Z,28.407,4.096,17.63,3234.0,0.7316,26.59,0,0
2026-02-02T17:55:00Z,28.392,4.143,17.92,3278.1,0.7406,26.37,0,0
2026-02-02T17:56:00Z,28.425,4.148,18.16,3317.1,0.7259,26.31,0,0
2026-02-02T17:57:00Z,28.389,4.117,18.05,3325.8,0.74,26.47,0,0
2026-02-02T17:58:00Z,28.422,4.085,18.31,3304.4,0.7244,26.29,0,0
2026-02-02T17:59:00Z,28.366,4.016,18.04,3269.8,0.7324,26.45,0,0
2026-02-02T18:00:00Z,28.428,4.096,19.04,3229.3,0.7344,26.42,0,0
2026-02-02T18:01:00Z,28.385,4.092,18.25,3189.9,0.7245,26.27,0,0
2026-02-02T18:02:00Z,28.377,4.126,18.45,3139.0,0.7394,26.49,0,0
2026-02-02T18:03:00Z,28.382,4.081,17.96,3102.7,0.7267,26.44,0,0
2026-02-02T18:04:00Z,28.407,4.13,17.56,3075.5,0.7354,26.38,0,0
2026-02-02T18:05:00Z,28.395,4.125,18.07,3082.9,0.727,26.32,0,0
2026-02-02T18:06:00Z,28.386,4.121,18.37,3091.5,0.7369,26.26,0,0
2026-02-02T18:07:00Z,28.433,4.104,18.47,3138.7,0.7433,26.49,0,0
2026-02-02T18:08:00Z,28.393,4.076,18.39,3182.9,0.7359,26.37,0,0
2026-02-02T18:09:00Z,28.397,4.088,17.37,3237.4,0.729,26.32,0,0
2026-02-02T18:10:00Z,28.4,4.131,17.84,3298.6,0.7452,26.61,0,0
2026-02-02T18:11:00Z,27.726,4.469,-7.96,3315.8,0.7391,26.27,1,1
2026-02-02T18:12:00Z,27.694,4.34,-7.93,3323.0,0.7369,26.58,1,1
2026-02-02T18:13:00Z,27.706,4.436,-7.9,3322.3,0.7454,26.19,1,1
2026-02-02T18:14:00Z,27.702,4.4,-8.79,3282.7,0.7381,26.59,1,1
2026-02-02T18:15:00Z,27.694,4.433,-7.23,3240.4,0.7437,26.39,1,1
2026-02-02T18:16:00Z,27.721,4.394,-8.55,3181.3,0.7375,26.44,1,1
2026-02-02T18:17:00Z,27.694,4.425,-8.19,3147.2,0.7462,26.4,1,1
2026-02-02T18:18:00Z,27.723,4.425,-7.25,3103.4,0.7301,26.28,1,1
2026-02-02T18:19:00Z,27.684,4.42,-7.81,3083.6,0.7332,26.54,1,1
2026-02-02T18:20:00Z,27.679,4.374,-7.7,3082.2,0.7273,26.49,1,1
2026-02-02T18:21:00Z,27.646,4.447,-8.19,3100.7,0.7412,26.73,1,1
2026-02-02T18:22:00Z,27.675,4.414,-7.49,3131.9,0.7411,26.41,1,1
2026-02-02T18:23:00Z,27.674,4.438,-8.05,3185.0,0.7375,26.47,1,1
2026-02-02T18:24:00Z,27.714,4.447,-8.22,3236.9,0.7445,26.65,1,1
2026-02-02T18:25:00Z,27.693,4.427,-8.4,3280.1,0.738,26.54,1,1
2026-02-02T18:26:00Z,27.695,4.434,-8.08,3309.4,0.7423,26.43,1,1
2026-02-02T18:27:00Z,27.659,4.377,-7.97,3320.7,0.7364,26.28,1,1
2026-02-02T18:28:00Z,27.684,4.43,-8.51,3317.1,0.7395,26.57,1,1
2026-02-02T18:29:00Z,27.677,4.402,-7.83,3274.0,0.7427,26.66,1,1
2026-02-02T18:30:00Z,27.717,4.434,-8.17,3228.8,0.7458,26.6,1,1
2026-02-02T18:31:00Z,27.662,4.376,-8.27,3184.5,0.7411,26.72,1,1
2026-02-02T18:32:00Z,27.735,4.382,-8.33,3145.2,0.7404,26.72,1,1
2026-02-02T18:33:00Z,27.668,4.43,-8.59,3113.1,0.7401,26.71,1,1
2026-02-02T18:34:00Z,27.698,4.391,-8.2,3071.8,0.7459,26.65,1,1
2026-02-02T18:35:00Z,27.69,4.428,-8.2,3078.5,0.74,26.46,1,1
2026-02-02T18:36:00Z,27.679,4.329,-8.18,3101.8,0.7366,26.5,1,1
2026-02-02T18:37:00Z,27.685,4.366,-8.3,3145.4,0.7406,26.49,1,1
2026-02-02T18:38:00Z,27.718,4.463,-8.01,3199.4,0.7409,26.68,1,1
2026-02-02T18:39:00Z,27.707,4.395,-8.13,3252.0,0.7321,26.61,1,1
2026-02-02T18:40:00Z,27.683,4.395,-8.38,3286.2,0.7451,26.48,1,1
2026-02-02T18:41:00Z,27.686,4.388,-7.51,3317.2,0.748,26.28,1,1
2026-02-02T18:42:00Z,27.721,4.368,-7.75,3314.2,0.7354,26.57,1,1
2026-02-02T18:43:00Z,27.675,4.358,-8.04,3313.5,0.7336,26.41,1,1
2026-02-02T18:44:00Z,27.683,4.384,-8.07,3273.7,0.7374,26.48,1,1
2026-02-02T18:45:00Z,28.409,4.117,17.52,3230.1,0.7376,26.27,0,0
2026-02-02T18:46:00Z,28.436,4.112,17.71,3180.2,0.7353,26.63,0,0
2026-02-02T18:47:00Z,28.389,4.115,17.84,3126.8,0.7286,26.5,0,0
2026-02-02T18:48:00Z,28.42,4.107,17.51,3096.2,0.7438,26.66,0,0
2026-02-02T18:49:00Z,28.386,4.098,18.66,3079.8,0.7407,26.68,0,0
2026-02-02T18:50:00Z,28.397,4.018,17.85,3081.2,0.7337,26.62,0,0
2026-02-02T18:51:00Z,28.396,4.054,18.68,3102.4,0.7395,26.58,0,0
2026-02-02T18:52:00Z,28.424,4.052,18.42,3155.1,0.7454,26.49,0,0
2026-02-02T18:53:00Z,28.428,4.085,17.97,3185.1,0.7445,26.32,0,0
2026-02-02T18:54:00Z,28.403,4.107,17.48,3246.2,0.7382,26.77,0,0
2026-02-02T18:55:00Z,28.428,4.091,18.09,3287.6,0.7342,26.66,0,0
2026-02-02T18:56:00Z,28.371,4.075,17.6,3313.9,0.7405,26.43,0,0
2026-02-02T18:57:00Z,28.405,4.098,18.36,3324.6,0.7382,26.64,0,0
2026-02-02T18:58:00Z,28.436,4.079,17.55,3313.3,0.7452,26.38,0,0
2026-02-02T18:59:00Z,28.381,4.19,18.1,3269.9,0.7425,26.48,0,0
2026-02-02T19:00:00Z,28.423,4.111,17.43,3222.3,0.7429,26.63,0,0
2026-02-02T19:01:00Z,28.383,4.117,17.54,3164.6,0.7429,26.7,0,0
2026-02-02T19:02:00Z,28.408,4.197,18.75,3130.2,0.7414,26.7,0,0
2026-02-02T19:03:00Z,28.398,4.079,17.68,3100.9,0.7421,26.59,0,0
2026-02-02T19:04:00Z,28.388,4.109,17.9,3081.0,0.7502,26.42,0,0
2026-02-02T19:05:00Z,28.396,4.104,17.45,3090.6,0.7443,26.56,0,0
2026-02-02T19:06:00Z,28.418,4.073,18.48,3105.0,0.7428,26.56,0,0
2026-02-02T19:07:00Z,28.398,4.09,17.93,3143.6,0.7521,26.49,0,0
2026-02-02T19:08:00Z,28.418,4.106,17.83,3197.8,0.7369,26.45,0,0
2026-02-02T19:09:00Z,28.409,4.106,17.89,3235.8,0.7402,26.4,0,0
2026-02-02T19:10:00Z,28.44,4.079,17.35,3284.3,0.7336,26.49,0,0
2026-02-02T19:11:00Z,28.412,4.054,17.53,3323.8,0.7511,26.74,0,0
2026-02-02T19:12:00Z,28.4,4.09,17.75,3333.4,0.7488,26.39,0,0
2026-02-02T19:13:00Z,28.421,4.107,17.52,3309.2,0.7431,26.46,0,0
2026-02-02T19:14:00Z,28.406,4.093,17.97,3279.0,0.7429,26.48,0,0
2026-02-02T19:15:00Z,28.388,4.172,18.65,3237.9,0.7532,26.7,0,0
2026-02-02T19:16:00Z,28.388,4.108,17.76,3176.0,0.7516,26.83,0,0
2026-02-02T19:17:00Z,28.357,4.134,17.75,3127.6,0.7525,26.35,0,0
2026-02-02T19:18:00Z,28.419,4.081,17.37,3093.2,0.7382,26.68,0,0
2026-02-02T19:19:00Z,28.397,4.089,18.56,3064.8,0.7408,26.84,0,0
2026-02-02T19:20:00Z,28.416,4.081,18.35,3081.2,0.7438,26.44,0,0
2026-02-02T19:21:00Z,28.427,4.104,18.28,3109.9,0.7442,26.66,0,0
2026-02-02T19:22:00Z,28.392,4.085,17.61,3147.5,0.7403,26.46,0,0
2026-02-02T19:23:00Z,28.401,4.075,18.36,3197.9,0.7509,26.61,0,0
2026-02-02T19:24:00Z,28.382,4.095,18.36,3249.1,0.7401,26.74,0,0
2026-02-02T19:25:00Z,28.371,4.109,18.83,3307.3,0.7571,26.55,0,0
2026-02-02T19:26:00Z,28.391,4.065,17.99,3326.4,0.7427,26.38,0,0
2026-02-02T19:27:00Z,28.374,4.111,18.22,3331.1,0.7481,26.44,0,0
2026-02-02T19:28:00Z,28.4,4.026,17.85,3309.4,0.7428,26.69,0,0
2026-02-02T19:29:00Z,28.399,4.019,18.6,3277.8,0.7522,26.5,0,0
2026-02-02T19:30:00Z,28.379,4.089,18.05,3232.4,0.7411,26.18,0,0
2026-02-02T19:31:00Z,28.409,4.114,18.04,3188.3,0.7544,26.72,0,0
2026-02-02T19:32:00Z,28.421,4.086,18.08,3129.4,0.7529,26.6,0,0
2026-02-02T19:33:00Z,28.421,4.11,17.92,3090.0,0.7464,26.64,0,0
2026-02-02T19:34:00Z,28.382,4.071,18.36,3065.3,0.7455,26.32,0,0
2026-02-02T19:35:00Z,28.407,4.087,18.2,3080.2,0.7552,26.74,0,0
2026-02-02T19:36:00Z,28.424,4.083,17.78,3099.0,0.7464,26.79,0,0
2026-02-02T19:37:00Z,28.439,4.058,17.91,3150.1,0.7555,26.61,0,0
2026-02-02T19:38:00Z,28.373,4.063,17.45,3206.5,0.7396,26.65,0,0
2026-02-02T19:39:00Z,28.373,4.128,18.04,3254.0,0.747,26.59,0,0
2026-02-02T19:40:00Z,28.375,4.064,17.87,3295.1,0.7423,26.44,0,0
2026-02-02T19:41:00Z,28.428,4.119,18.03,3329.3,0.7475,26.54,0,0
2026-02-02T19:42:00Z,28.386,4.087,17.72,3313.5,0.7477,26.56,0,0
2026-02-02T19:43:00Z,28.376,4.124,18.38,3302.4,0.755,26.91,0,0
2026-02-02T19:44:00Z,28.416,4.104,17.56,3279.5,0.7545,26.74,0,0
2026-02-02T19:45:00Z,28.37,4.039,17.59,3219.1,0.7409,26.69,0,0
2026-02-02T19:46:00Z,27.682,4.461,-8.38,3173.3,0.7484,26.49,1,1
2026-02-02T19:47:00Z,27.69,4.402,-7.92,3117.0,0.7555,26.54,1,1
2026-02-02T19:48:00Z,27.732,4.407,-8.34,3080.1,0.7551,26.53,1,1
2026-02-02T19:49:00Z,27.682,4.365,-8.5,3072.3,0.7399,26.61,1,1
2026-02-02T19:50:00Z,27.695,4.416,-8.31,3069.7,0.754,26.67,1,1
2026-02-02T19:51:00Z,27.684,4.422,-8.06,3107.3,0.7474,26.64,1,1
2026-02-02T19:52:00Z,27.686,4.386,-8.48,3155.7,0.744,26.46,1,1
2026-02-02T19:53:00Z,27.719,4.43,-8.21,3204.5,0.7503,26.45,1,1
2026-02-02T19:54:00Z,27.679,4.389,-8.61,3246.1,0.7506,26.78,1,1
2026-02-02T19:55:00Z,27.669,4.383,-7.55,3291.0,0.7605,26.69,1,1
2026-02-02T19:56:00Z,27.711,4.409,-8.28,3326.6,0.7439,26.29,1,1
2026-02-02T19:57:00Z,27.682,4.407,-9.02,3327.0,0.744,26.52,1,1
2026-02-02T19:58:00Z,27.679,4.38,-8.0,3316.0,0.7512,26.63,1,1
2026-02-02T19:59:00Z,27.705,4.4,-8.53,3269.5,0.7518,26.53,1,1
2026-02-02T20:00:00Z,27.738,4.358,-7.88,3227.4,0.7597,26.6,1,1
2026-02-02T20:01:00Z,27.711,4.358,-8.03,3167.7,0.7382,26.71,1,1
2026-02-02T20:02:00Z,27.717,4.414,-7.49,3104.7,0.7462,26.66,1,1
2026-02-02T20:03:00Z,27.684,4.432,-7.55,3090.6,0.7417,26.6,1,1
2026-02-02T20:04:00Z,27.723,4.384,-7.65,3061.8,0.7506,26.84,1,1
2026-02-02T20:05:00Z,27.721,4.428,-8.61,3089.4,0.7465,26.73,1,1
2026-02-02T20:06:00Z,27.698,4.377,-8.14,3109.0,0.7453,26.6,1,1
2026-02-02T20:07:00Z,27.714,4.406,-7.48,3155.5,0.7429,26.83,1,1
2026-02-02T20:08:00Z,27.679,4.382,-8.22,3208.1,0.7413,26.41,1,1
2026-02-02T20:09:00Z,27.713,4.44,-7.9,3262.0,0.7493,26.27,1,1
2026-02-02T20:10:00Z,27.709,4.443,-8.18,3299.1,0.7548,26.69,1,1
2026-02-02T20:11:00Z,27.712,4.381,-7.71,3332.3,0.7481,26.5,1,1
2026-02-02T20:12:00Z,27.725,4.413,-7.91,3334.5,0.7428,26.87,1,1
2026-02-02T20:13:00Z,27.678,4.361,-8.6,3298.8,0.7571,26.7,1,1
2026-02-02T20:14:00Z,27.701,4.402,-8.77,3266.6,0.7476,26.65,1,1
2026-02-02T20:15:00Z,27.723,4.386,-7.91,3232.5,0.765,26.57,1,1
2026-02-02T20:16:00Z,27.708,4.321,-8.39,3169.5,0.7492,26.53,1,1
2026-02-02T20:17:00Z,27.718,4.453,-7.69,3118.0,0.7572,26.49,1,1
2026-02-02T20:18:00Z,27.706,4.392,-8.07,3097.1,0.7526,26.65,1,1
2026-02-02T20:19:00Z,27.727,4.438,-8.48,3071.8,0.7429,26.62,1,1
2026-02-02T20:20:00Z,28.408,4.094,17.81,3082.2,0.7467,27.08,0,0
2026-02-02T20:21:00Z,28.416,4.038,17.66,3105.2,0.7471,26.57,0,0
2026-02-02T20:22:00Z,28.439,4.059,17.76,3140.9,0.7547,26.58,0,0
2026-02-02T20:23:00Z,28.403,4.071,18.02,3194.2,0.7494,26.94,0,0
2026-02-02T20:24:00Z,28.421,4.163,18.33,3265.5,0.7525,26.92,0,0
2026-02-02T20:25:00Z,28.421,4.045,18.02,3297.2,0.7538,26.99,0,0
2026-02-02T20:26:00Z,28.41,4.077,18.24,3321.3,0.7536,26.78,0,0
2026-02-02T20:27:00Z,28.413,4.089,17.9,3324.4,0.7471,26.51,0,0
2026-02-02T20:28:00Z,28.383,4.118,18.18,3312.0,0.7538,26.86,0,0
2026-02-02T20:29:00Z,28.423,4.087,17.51,3262.3,0.7526,26.58,0,0
2026-02-02T20:30:00Z,28.417,4.095,17.74,3220.8,0.7575,26.58,0,0
2026-02-02T20:31:00Z,28.436,4.066,17.39,3170.0,0.7517,26.63,0,0
2026-02-02T20:32:00Z,28.376,4.113,18.38,3110.4,0.7578,27.02,0,0
2026-02-02T20:33:00Z,28.406,4.132,17.62,3084.5,0.7479,26.39,0,0
2026-02-02T20:34:00Z,28.412,4.103,17.48,3076.8,0.7561,26.88,0,0
2026-02-02T20:35:00Z,28.395,4.041,17.93,3075.3,0.76,26.79,0,0
2026-02-02T20:36:00Z,28.354,4.147,18.23,3113.5,0.7568,26.65,0,0
2026-02-02T20:37:00Z,28.392,4.144,18.01,3150.7,0.7505,26.62,0,0
2026-02-02T20:38:00Z,28.386,4.121,18.11,3205.7,0.7513,26.7,0,0
2026-02-02T20:39:00Z,28.42,4.075,17.87,3254.3,0.7428,26.61,0,0
2026-02-02T20:40:00Z,28.363,4.131,17.89,3305.1,0.7582,26.82,0,0
2026-02-02T20:41:00Z,28.426,4.058,17.83,3330.6,0.7551,26.78,0,0
2026-02-02T20:42:00Z,28.414,4.115,17.93,3331.5,0.7543,26.66,0,0
2026-02-02T20:43:00Z,28.353,4.087,17.98,3299.2,0.7528,27.04,0,0
2026-02-02T20:44:00Z,28.389,4.107,17.84,3273.0,0.7577,26.68,0,0
2026-02-02T20:45:00Z,28.415,4.059,17.87,3217.2,0.7468,26.54,0,0
2026-02-02T20:46:00Z,28.404,4.1,18.69,3168.9,0.7527,26.67,0,0
2026-02-02T20:47:00Z,28.381,4.135,18.81,3109.8,0.7553,27.17,0,0
2026-02-02T20:48:00Z,28.402,4.133,17.93,3089.6,0.7435,26.88,0,0
2026-02-02T20:49:00Z,28.367,4.092,18.59,3064.3,0.7573,27.0,0,0
2026-02-02T20:50:00Z,28.395,4.12,18.75,3078.7,0.7552,26.89,0,0
2026-02-02T20:51:00Z,28.4,4.11,17.87,3111.9,0.7545,26.45,0,0
2026-02-02T20:52:00Z,28.36,4.078,18.42,3166.2,0.7583,26.65,0,0
2026-02-02T20:53:00Z,28.405,4.061,18.31,3204.4,0.7675,26.72,0,0
2026-02-02T20:54:00Z,28.417,4.104,17.68,3256.8,0.7521,26.79,0,0
2026-02-02T20:55:00Z,28.41,4.125,18.63,3300.0,0.7501,26.92,0,0
2026-02-02T20:56:00Z,28.382,4.071,17.63,3330.0,0.7539,26.99,0,0
2026-02-02T20:57:00Z,28.396,4.144,18.24,3330.6,0.7584,27.11,0,0
2026-02-02T20:58:00Z,28.4,4.108,18.69,3303.7,0.7621,26.75,0,0
2026-02-02T20:59:00Z,28.395,4.1,18.43,3261.6,0.7623,26.65,0,0
2026-02-02T21:00:00Z,28.404,4.037,18.39,3208.8,0.7515,26.63,0,0
2026-02-02T21:01:00Z,28.426,4.143,18.44,3157.9,0.7587,26.49,0,0
2026-02-02T21:02:00Z,28.387,4.058,16.83,3109.0,0.7637,26.91,0,0
2026-02-02T21:03:00Z,28.415,4.088,17.55,3079.4,0.756,26.83,0,0
2026-02-02T21:04:00Z,28.395,4.038,18.02,3068.2,0.7561,26.7,0,0
2026-02-02T21:05:00Z,28.363,4.133,18.86,3080.0,0.7621,26.83,0,0
2026-02-02T21:06:00Z,28.388,4.101,17.98,3100.2,0.7508,26.83,0,0
2026-02-02T21:07:00Z,28.409,4.136,18.26,3165.2,0.7548,26.81,0,0
2026-02-02T21:08:00Z,28.419,4.067,18.2,3203.1,0.7588,27.09,0,0
2026-02-02T21:09:00Z,28.425,4.087,18.14,3265.0,0.7602,26.5,0,0
2026-02-02T21:10:00Z,28.392,4.127,17.93,3305.6,0.7462,26.93,0,0
2026-02-02T21:11:00Z,28.415,4.084,17.05,3323.7,0.7522,26.7,0,0
2026-02-02T21:12:00Z,28.391,4.127,18.04,3332.9,0.7462,26.72,0,0
2026-02-02T21:13:00Z,28.399,4.048,17.65,3305.2,0.7668,26.91,0,0
2026-02-02T21:14:00Z,28.42,4.113,17.83,3256.6,0.769,27.04,0,0
2026-02-02T21:15:00Z,28.415,4.144,17.18,3220.1,0.7554,26.64,0,0
2026-02-02T21:16:00Z,28.445,4.149,17.25,3158.7,0.764,26.62,0,0
2026-02-02T21:17:00Z,28.377,4.097,17.58,3111.3,0.7639,26.89,0,0
2026-02-02T21:18:00Z,28.414,4.061,16.97,3090.6,0.7512,26.77,0,0
2026-02-02T21:19:00Z,28.389,4.098,18.39,3073.7,0.7654,26.8,0,0
2026-02-02T21:20:00Z,28.373,4.037,18.17,3078.4,0.7577,26.86,0,0
2026-02-02T21:21:00Z,27.718,4.418,-8.6,3125.9,0.7699,26.79,1,1
2026-02-02T21:22:00Z,27.686,4.435,-7.82,3153.5,0.7584,26.96,1,1
2026-02-02T21:23:00Z,27.734,4.417,-7.53,3218.2,0.7598,27.12,1,1
2026-02-02T21:24:00Z,27.682,4.413,-8.06,3266.7,0.7701,26.8,1,1
2026-02-02T21:25:00Z,27.683,4.418,-7.83,3312.1,0.7697,26.84,1,1
2026-02-02T21:26:00Z,27.685,4.468,-8.21,3334.2,0.7566,27.11,1,1
2026-02-02T21:27:00Z,27.713,4.424,-7.92,3333.5,0.7669,26.82,1,1
2026-02-02T21:28:00Z,27.693,4.331,-8.7,3303.6,0.7592,26.58,1,1
2026-02-02T21:29:00Z,27.742,4.395,-7.8,3256.9,0.7589,26.88,1,1
2026-02-02T21:30:00Z,27.688,4.353,-8.1,3209.1,0.7615,27.13,1,1
2026-02-02T21:31:00Z,27.711,4.414,-8.16,3158.0,0.7638,26.7,1,1
2026-02-02T21:32:00Z,27.697,4.433,-7.78,3109.3,0.77,26.57,1,1
2026-02-02T21:33:00Z,27.662,4.366,-6.69,3076.1,0.7707,27.1,1,1
2026-02-02T21:34:00Z,27.697,4.376,-7.9,3073.7,0.7572,26.92,1,1
2026-02-02T21:35:00Z,27.703,4.385,-7.85,3077.6,0.7696,27.03,1,1
2026-02-02T21:36:00Z,27.715,4.396,-8.04,3105.5,0.7692,26.94,1,1
2026-02-02T21:37:00Z,27.726,4.394,-8.27,3167.7,0.7518,27.11,1,1
2026-02-02T21:38:00Z,27.713,4.396,-8.15,3218.5,0.753,26.69,1,1
2026-02-02T21:39:00Z,27.668,4.417,-7.37,3268.5,0.7632,26.82,1,1
2026-02-02T21:40:00Z,27.697,4.374,-8.16,3309.3,0.7628,26.71,1,1
2026-02-02T21:41:00Z,27.669,4.392,-7.32,3331.0,0.7649,26.74,1,1
2026-02-02T21:42:00Z,27.718,4.381,-7.66,3332.4,0.7539,27.03,1,1
2026-02-02T21:43:00Z,27.722,4.41,-8.46,3297.4,0.7639,27.07,1,1
2026-02-02T21:44:00Z,27.698,4.4,-7.79,3263.5,0.7639,26.97,1,1
2026-02-02T21:45:00Z,27.723,4.404,-8.19,3213.3,0.762,26.98,1,1
2026-02-02T21:46:00Z,27.727,4.396,-8.05,3169.4,0.7601,26.48,1,1
2026-02-02T21:47:00Z,27.705,4.374,-8.39,3114.0,0.7665,27.06,1,1
2026-02-02T21:48:00Z,27.697,4.436,-8.12,3076.1,0.7629,26.86,1,1
2026-02-02T21:49:00Z,27.679,4.388,-7.85,3062.4,0.7543,27.13,1,1
2026-02-02T21:50:00Z,27.638,4.376,-8.59,3079.1,0.7674,26.61,1,1
2026-02-02T21:51:00Z,27.702,4.414,-8.22,3113.0,0.7621,26.65,1,1
2026-02-02T21:52:00Z,27.693,4.361,-7.9,3158.3,0.7571,26.91,1,1
2026-02-02T21:53:00Z,27.672,4.397,-8.1,3217.0,0.7608,27.11,1,1
2026-02-02T21:54:00Z,27.753,4.373,-7.87,3272.6,0.7737,26.94,1,1
2026-02-02T21:55:00Z,28.366,4.177,18.27,3316.7,0.7495,26.81,0,0
2026-02-02T21:56:00Z,28.384,4.09,17.47,3324.2,0.7758,26.91,0,0
2026-02-02T21:57:00Z,28.397,4.087,18.0,3333.3,0.7565,27.05,0,0
2026-02-02T21:58:00Z,28.417,4.117,17.91,3297.1,0.7604,26.96,0,0
2026-02-02T21:59:00Z,28.374,4.064,18.01,3264.0,0.7626,26.68,0,0
2026-02-02T22:00:00Z,28.414,4.029,18.35,3200.5,0.7628,26.79,0,0
2026-02-02T22:01:00Z,28.401,4.09,18.19,3156.5,0.7673,27.07,0,0
2026-02-02T22:02:00Z,28.441,4.094,17.81,3098.2,0.7717,27.22,0,0
2026-02-02T22:03:00Z,28.414,4.079,18.13,3079.5,0.77,27.15,0,0
2026-02-02T22:04:00Z,28.401,4.128,17.94,3056.7,0.7636,27.11,0,0
2026-02-02T22:05:00Z,28.385,4.146,17.07,3072.7,0.7653,27.02,0,0
2026-02-02T22:06:00Z,28.389,4.097,18.36,3116.2,0.7753,27.01,0,0
2026-02-02T22:07:00Z,28.419,4.139,18.26,3163.4,0.7527,26.96,0,0
2026-02-02T22:08:00Z,28.398,4.094,17.66,3211.0,0.7739,26.87,0,0
2026-02-02T22:09:00Z,28.435,4.164,17.92,3259.1,0.7643,26.81,0,0
2026-02-02T22:10:00Z,28.411,4.074,17.9,3314.1,0.7699,26.79,0,0
2026-02-02T22:11:00Z,28.376,4.108,18.05,3329.9,0.7782,26.93,0,0
2026-02-02T22:12:00Z,28.41,4.115,17.63,3327.2,0.7675,27.23,0,0
2026-02-02T22:13:00Z,28.427,4.132,18.01,3294.3,0.7595,27.14,0,0
2026-02-02T22:14:00Z,28.457,4.072,17.35,3249.9,0.7695,27.11,0,0
2026-02-02T22:15:00Z,28.415,4.164,17.98,3200.8,0.7656,26.8,0,0
2026-02-02T22:16:00Z,28.404,4.103,17.52,3159.9,0.7704,26.99,0,0
2026-02-02T22:17:00Z,28.406,4.085,17.59,3098.0,0.7623,26.95,0,0
2026-02-02T22:18:00Z,28.382,4.127,17.94,3070.9,0.7734,27.07,0,0
2026-02-02T22:19:00Z,28.407,4.154,17.59,3065.5,0.7735,26.78,0,0
2026-02-02T22:20:00Z,28.397,4.113,18.57,3069.8,0.7646,26.9,0,0
2026-02-02T22:21:00Z,28.423,4.123,17.81,3119.5,0.7739,27.31,0,0
2026-02-02T22:22:00Z,28.428,4.052,18.15,3166.7,0.7623,27.03,0,0
2026-02-02T22:23:00Z,28.413,4.099,18.18,3217.5,0.7608,26.68,0,0
2026-02-02T22:24:00Z,28.381,4.125,17.71,3270.1,0.7674,26.92,0,0
2026-02-02T22:25:00Z,28.369,4.072,17.61,3313.1,0.7721,26.99,0,0
2026-02-02T22:26:00Z,28.431,4.073,18.01,3329.3,0.7673,26.94,0,0
2026-02-02T22:27:00Z,28.375,4.066,18.81,3326.5,0.7767,27.2,0,0
2026-02-02T22:28:00Z,28.406,4.164,17.59,3305.9,0.7775,27.22,0,0
2026-02-02T22:29:00Z,28.374,4.155,18.07,3255.7,0.7715,27.13,0,0
2026-02-02T22:30:00Z,28.363,4.098,17.83,3207.3,0.774,27.11,0,0
2026-02-02T22:31:00Z,28.458,4.137,17.8,3150.6,0.7712,26.91,0,0
2026-02-02T22:32:00Z,28.401,4.135,18.25,3088.0,0.7791,26.88,0,0
2026-02-02T22:33:00Z,28.426,4.112,18.16,3078.3,0.7732,26.75,0,0
2026-02-02T22:34:00Z,28.431,4.111,18.26,3062.0,0.7719,26.93,0,0
2026-02-02T22:35:00Z,28.399,4.087,18.65,3085.8,0.7717,26.94,0,0
2026-02-02T22:36:00Z,28.385,4.126,17.83,3129.7,0.7786,27.16,0,0
2026-02-02T22:37:00Z,28.418,4.125,17.69,3174.9,0.7698,26.94,0,0
2026-02-02T22:38:00Z,28.413,4.128,18.3,3216.5,0.7743,26.96,0,0
2026-02-02T22:39:00Z,28.422,4.104,17.87,3278.8,0.768,27.12,0,0
2026-02-02T22:40:00Z,28.419,4.089,18.83,3318.5,0.7733,26.86,0,0
2026-02-02T22:41:00Z,28.394,4.121,17.59,3337.2,0.7822,26.98,0,0
2026-02-02T22:42:00Z,28.385,4.095,17.89,3335.2,0.7695,27.03,0,0
2026-02-02T22:43:00Z,28.409,4.142,17.75,3297.9,0.7656,26.97,0,0
2026-02-02T22:44:00Z,28.414,4.067,17.62,3257.7,0.7708,26.94,0,0
2026-02-02T22:45:00Z,28.414,4.137,17.76,3185.3,0.7711,26.82,0,0
2026-02-02T22:46:00Z,28.394,4.085,18.47,3133.3,0.7643,26.86,0,0
2026-02-02T22:47:00Z,28.399,4.097,18.05,3101.1,0.7759,26.8,0,0
2026-02-02T22:48:00Z,28.411,4.044,17.45,3074.3,0.771,27.14,0,0
2026-02-02T22:49:00Z,28.377,4.097,18.48,3063.3,0.768,27.16,0,0
2026-02-02T22:50:00Z,28.389,4.113,18.05,3077.2,0.7739,27.16,0,0
2026-02-02T22:51:00Z,28.411,4.13,18.24,3120.5,0.7786,27.06,0,0
2026-02-02T22:52:00Z,28.372,4.111,18.11,3172.4,0.7685,27.07,0,0
2026-02-02T22:53:00Z,28.401,4.124,18.05,3230.5,0.7573,27.01,0,0
2026-02-02T22:54:00Z,28.455,4.111,18.28,3273.6,0.7629,27.11,0,0
2026-02-02T22:55:00Z,28.383,4.113,18.73,3320.6,0.7859,27.14,0,0
2026-02-02T22:56:00Z,27.723,4.432,-9.3,3339.6,0.7758,27.05,1,1
2026-02-02T22:57:00Z,27.71,4.365,-8.5,3328.9,0.7654,26.98,1,1
2026-02-02T22:58:00Z,27.667,4.396,-7.67,3297.8,0.7635,27.01,1,1
2026-02-02T22:59:00Z,27.694,4.391,-7.29,3254.5,0.7726,26.84,1,1
2026-02-02T23:00:00Z,27.687,4.393,-7.32,3199.8,0.7795,27.04,1,1
2026-02-02T23:01:00Z,27.71,4.366,-7.7,3145.4,0.77,27.0,1,1
2026-02-02T23:02:00Z,27.701,4.315,-8.01,3101.7,0.7683,27.05,1,1
2026-02-02T23:03:00Z,27.684,4.411,-8.05,3062.3,0.7671,27.04,1,1
2026-02-02T23:04:00Z,27.753,4.407,-8.11,3066.8,0.7757,27.2,1,1
2026-02-02T23:05:00Z,27.704,4.404,-7.59,3079.0,0.771,27.19,1,1
2026-02-02T23:06:00Z,27.673,4.412,-8.04,3123.5,0.7664,27.15,1,1
2026-02-02T23:07:00Z,27.72,4.332,-7.86,3175.7,0.7847,27.26,1,1
2026-02-02T23:08:00Z,27.679,4.424,-7.73,3229.4,0.7666,27.11,1,1
2026-02-02T23:09:00Z,27.709,4.369,-8.59,3286.1,0.7794,27.29,1,1
2026-02-02T23:10:00Z,27.713,4.357,-7.63,3319.7,0.7739,27.13,1,1
2026-02-02T23:11:00Z,27.688,4.365,-8.13,3338.3,0.776,26.91,1,1
2026-02-02T23:12:00Z,27.743,4.389,-8.24,3327.4,0.772,27.45,1,1
2026-02-02T23:13:00Z,27.709,4.35,-8.11,3301.0,0.776,26.92,1,1
2026-02-02T23:14:00Z,27.71,4.454,-8.24,3248.5,0.7727,27.14,1,1
2026-02-02T23:15:00Z,27.733,4.383,-8.13,3200.3,0.782,27.15,1,1
2026-02-02T23:16:00Z,27.71,4.422,-7.93,3140.5,0.7758,27.1,1,1
2026-02-02T23:17:00Z,27.695,4.334,-8.29,3090.7,0.7753,27.0,1,1
2026-02-02T23:18:00Z,27.711,4.373,-8.28,3072.7,0.777,27.24,1,1
2026-02-02T23:19:00Z,27.676,4.42,-8.58,3069.1,0.7744,27.1,1,1
2026-02-02T23:20:00Z,27.704,4.41,-8.82,3087.6,0.7767,26.96,1,1
2026-02-02T23:21:00Z,27.691,4.369,-8.91,3129.4,0.785,27.26,1,1
2026-02-02T23:22:00Z,27.715,4.451,-7.91,3177.7,0.7675,27.32,1,1
2026-02-02T23:23:00Z,27.743,4.366,-7.83,3236.7,0.7744,27.29,1,1
2026-02-02T23:24:00Z,27.679,4.326,-7.37,3285.0,0.7815,27.1,1,1
2026-02-02T23:25:00Z,27.678,4.387,-8.17,3310.4,0.7786,27.06,1,1
2026-02-02T23:26:00Z,27.705,4.349,-8.74,3336.8,0.782,27.08,1,1
2026-02-02T23:27:00Z,27.689,4.426,-8.44,3324.3,0.779,27.05,1,1
2026-02-02T23:28:00Z,27.708,4.394,-8.45,3307.9,0.7803,27.12,1,1
2026-02-02T23:29:00Z,27.701,4.403,-8.79,3258.7,0.7806,27.0,1,1
2026-02-02T23:30:00Z,28.395,4.086,17.26,3197.6,0.7634,27.0,0,0
2026-02-02T23:31:00Z,28.423,4.076,17.7,3149.3,0.7812,27.35,0,0
2026-02-02T23:32:00Z,28.424,4.065,17.88,3095.9,0.7799,27.01,0,0
2026-02-02T23:33:00Z,28.393,4.092,17.6,3065.1,0.779,26.92,0,0
2026-02-02T23:34:00Z,28.431,4.116,17.59,3063.8,0.7836,27.12,0,0
2026-02-02T23:35:00Z,28.389,4.036,17.22,3082.5,0.7753,27.29,0,0
2026-02-02T23:36:00Z,28.406,4.064,17.41,3124.7,0.7866,27.03,0,0
2026-02-02T23:37:00Z,28.408,4.079,18.34,3180.5,0.784,27.1,0,0
2026-02-02T23:38:00Z,28.394,4.083,18.02,3244.8,0.764,27.12,0,0
2026-02-02T23:39:00Z,28.425,4.064,18.38,3295.1,0.7713,27.07,0,0
2026-02-02T23:40:00Z,28.393,4.097,17.31,3329.1,0.7719,27.03,0,0
2026-02-02T23:41:00Z,28.436,4.077,18.14,3338.6,0.7775,27.32,0,0
2026-02-02T23:42:00Z,28.394,4.069,18.01,3337.0,0.783,27.23,0,0
2026-02-02T23:43:00Z,28.43,4.127,18.68,3294.5,0.7761,27.23,0,0
2026-02-02T23:44:00Z,28.362,4.095,18.25,3245.1,0.7756,27.51,0,0
2026-02-02T23:45:00Z,28.415,4.11,18.13,3189.0,0.7877,27.06,0,0
2026-02-02T23:46:00Z,28.396,4.124,18.17,3128.0,0.77,26.96,0,0
2026-02-02T23:47:00Z,28.435,4.123,18.15,3095.8,0.781,26.96,0,0
2026-02-02T23:48:00Z,28.375,4.115,18.77,3070.4,0.7705,26.96,0,0
2026-02-02T23:49:00Z,28.368,4.074,18.63,3074.3,0.7928,27.24,0,0
2026-02-02T23:50:00Z,28.386,4.097,17.95,3090.1,0.7765,27.34,0,0
2026-02-02T23:51:00Z,28.39,4.046,17.99,3125.3,0.7745,27.26,0,0
2026-02-02T23:52:00Z,28.444,4.102,18.4,3185.5,0.7779,27.2,0,0
2026-02-02T23:53:00Z,28.379,4.109,18.39,3241.4,0.7877,27.21,0,0
2026-02-02T23:54:00Z,28.377,4.051,18.37,3288.5,0.78,27.36,0,0
2026-02-02T23:55:00Z,28.357,4.112,17.67,3323.4,0.7819,27.34,0,0
2026-02-02T23:56:00Z,28.423,4.058,17.34,3339.1,0.7793,27.08,0,0
2026-02-02T23:57:00Z,28.41,4.082,17.93,3330.4,0.7753,27.19,0,0
2026-02-02T23:58:00Z,28.369,4.097,18.31,3303.6,0.7792,27.09,0,0
2026-02-02T23:59:00Z,28.438,4.085,17.86,3252.2,0.7831,27.11,0,0
